2026-04-01 13:09:11,119 [Worker-4: Loading available Gradle versions] INFO  o.e.b.c.i.u.g.PublishedGradleVersions - Gradle version information cache is out-of-date. Trying to update.
2026-04-01 13:15:59,323 [ModalContext] INFO  o.e.m.c.i.e.AbstractTransferListenerAdapter - Downloading https://repo.maven.apache.org/maven2/org/apache/maven/archetypes/maven-archetype-quickstart/1.1/maven-archetype-quickstart-1.1.pom
2026-04-01 13:15:59,338 [ModalContext] INFO  o.e.m.c.i.e.AbstractTransferListenerAdapter - Downloaded https://repo.maven.apache.org/maven2/org/apache/maven/archetypes/maven-archetype-quickstart/1.1/maven-archetype-quickstart-1.1.pom
2026-04-01 13:15:59,386 [ModalContext] INFO  o.e.m.c.i.e.AbstractTransferListenerAdapter - Downloading https://repo.maven.apache.org/maven2/org/apache/maven/archetypes/maven-archetype-bundles/4/maven-archetype-bundles-4.pom
2026-04-01 13:15:59,392 [ModalContext] INFO  o.e.m.c.i.e.AbstractTransferListenerAdapter - Downloaded https://repo.maven.apache.org/maven2/org/apache/maven/archetypes/maven-archetype-bundles/4/maven-archetype-bundles-4.pom
2026-04-01 13:15:59,418 [ModalContext] INFO  o.e.m.c.i.e.AbstractTransferListenerAdapter - Downloading https://repo.maven.apache.org/maven2/org/apache/maven/archetype/maven-archetype/2.0-alpha-5/maven-archetype-2.0-alpha-5.pom
2026-04-01 13:15:59,424 [ModalContext] INFO  o.e.m.c.i.e.AbstractTransferListenerAdapter - Downloaded https://repo.maven.apache.org/maven2/org/apache/maven/archetype/maven-archetype/2.0-alpha-5/maven-archetype-2.0-alpha-5.pom
2026-04-01 13:15:59,474 [ModalContext] INFO  o.e.m.c.i.e.AbstractTransferListenerAdapter - Downloading https://repo.maven.apache.org/maven2/org/apache/maven/archetypes/maven-archetype-quickstart/1.1/maven-archetype-quickstart-1.1.jar
2026-04-01 13:15:59,482 [ModalContext] INFO  o.e.m.c.i.e.AbstractTransferListenerAdapter - Downloaded https://repo.maven.apache.org/maven2/org/apache/maven/archetypes/maven-archetype-quickstart/1.1/maven-archetype-quickstart-1.1.jar
2026-04-01 13:16:37,564 [Worker-4: Enabling Maven Dependency Management] INFO  o.e.m.c.i.e.AbstractTransferListenerAdapter - Downloading https://repo.maven.apache.org/maven2/org/apache/maven/plugins/maven-jar-plugin/3.4.1/maven-jar-plugin-3.4.1.jar
2026-04-01 13:16:37,591 [Worker-4: Enabling Maven Dependency Management] INFO  o.e.m.c.i.e.AbstractTransferListenerAdapter - Downloaded https://repo.maven.apache.org/maven2/org/apache/maven/plugins/maven-jar-plugin/3.4.1/maven-jar-plugin-3.4.1.jar
2026-04-01 13:16:38,264 [Worker-4: Enabling Maven Dependency Management] INFO  o.e.m.c.i.l.LifecycleMappingFactory - Using org.eclipse.m2e.jdt.JarLifecycleMapping lifecycle mapping for MavenProject: poormoney:poormoney:0.0.1-SNAPSHOT @ C:\Users\safecnc\Desktop\거지들의 지갑\거지들의 지갑\거지들의 지갑\workspace\poormoney\pom.xml.
2026-04-01 13:16:38,350 [Worker-4: Enabling Maven Dependency Management] INFO  o.e.m.c.i.e.AbstractTransferListenerAdapter - Downloading https://repo.maven.apache.org/maven2/org/apache/maven/plugins/maven-jar-plugin/3.4.1/maven-jar-plugin-3.4.1.pom
2026-04-01 13:16:38,360 [Worker-4: Enabling Maven Dependency Management] INFO  o.e.m.c.i.e.AbstractTransferListenerAdapter - Downloaded https://repo.maven.apache.org/maven2/org/apache/maven/plugins/maven-jar-plugin/3.4.1/maven-jar-plugin-3.4.1.pom
2026-04-01 13:16:38,466 [Worker-4: Enabling Maven Dependency Management] INFO  o.e.m.c.i.e.AbstractTransferListenerAdapter - Downloading https://repo.maven.apache.org/maven2/commons-io/commons-io/2.16.1/commons-io-2.16.1.pom
2026-04-01 13:16:38,478 [Worker-4: Enabling Maven Dependency Management] INFO  o.e.m.c.i.e.AbstractTransferListenerAdapter - Downloaded https://repo.maven.apache.org/maven2/commons-io/commons-io/2.16.1/commons-io-2.16.1.pom
2026-04-01 13:16:38,509 [Worker-4: Enabling Maven Dependency Management] INFO  o.e.m.c.i.e.AbstractTransferListenerAdapter - Downloading https://repo.maven.apache.org/maven2/org/apache/maven/maven-archiver/3.6.2/maven-archiver-3.6.2.pom
2026-04-01 13:16:38,516 [Worker-4: Enabling Maven Dependency Management] INFO  o.e.m.c.i.e.AbstractTransferListenerAdapter - Downloaded https://repo.maven.apache.org/maven2/org/apache/maven/maven-archiver/3.6.2/maven-archiver-3.6.2.pom
2026-04-01 13:16:38,542 [Worker-4: Enabling Maven Dependency Management] INFO  o.e.m.c.i.e.AbstractTransferListenerAdapter - Downloading https://repo.maven.apache.org/maven2/org/apache/maven/shared/maven-shared-components/41/maven-shared-components-41.pom
2026-04-01 13:16:38,546 [Worker-4: Enabling Maven Dependency Management] INFO  o.e.m.c.i.e.AbstractTransferListenerAdapter - Downloaded https://repo.maven.apache.org/maven2/org/apache/maven/shared/maven-shared-components/41/maven-shared-components-41.pom
2026-04-01 13:16:38,647 [Worker-4: Enabling Maven Dependency Management] INFO  o.e.m.c.i.e.AbstractTransferListenerAdapter - Downloading https://repo.maven.apache.org/maven2/org/codehaus/plexus/plexus-interpolation/1.27/plexus-interpolation-1.27.pom
2026-04-01 13:16:38,653 [Worker-4: Enabling Maven Dependency Management] INFO  o.e.m.c.i.e.AbstractTransferListenerAdapter - Downloaded https://repo.maven.apache.org/maven2/org/codehaus/plexus/plexus-interpolation/1.27/plexus-interpolation-1.27.pom
2026-04-01 13:16:38,710 [Worker-4: Enabling Maven Dependency Management] INFO  o.e.m.c.i.e.AbstractTransferListenerAdapter - Downloading https://repo.maven.apache.org/maven2/commons-io/commons-io/2.16.1/commons-io-2.16.1.jar
2026-04-01 13:16:38,763 [Worker-4: Enabling Maven Dependency Management] INFO  o.e.m.c.i.e.AbstractTransferListenerAdapter - Downloaded https://repo.maven.apache.org/maven2/commons-io/commons-io/2.16.1/commons-io-2.16.1.jar
2026-04-01 13:16:38,782 [BasicRepositoryConnector-repo.maven.apache.org-0-1] INFO  o.e.m.c.i.e.AbstractTransferListenerAdapter - Downloading https://repo.maven.apache.org/maven2/org/codehaus/plexus/plexus-interpolation/1.27/plexus-interpolation-1.27.jar
2026-04-01 13:16:38,798 [BasicRepositoryConnector-repo.maven.apache.org-0-1] INFO  o.e.m.c.i.e.AbstractTransferListenerAdapter - Downloaded https://repo.maven.apache.org/maven2/org/codehaus/plexus/plexus-interpolation/1.27/plexus-interpolation-1.27.jar
2026-04-01 13:16:38,810 [BasicRepositoryConnector-repo.maven.apache.org-0-2] INFO  o.e.m.c.i.e.AbstractTransferListenerAdapter - Downloading https://repo.maven.apache.org/maven2/org/apache/commons/commons-lang3/3.14.0/commons-lang3-3.14.0.jar
2026-04-01 13:16:38,816 [BasicRepositoryConnector-repo.maven.apache.org-0-0] INFO  o.e.m.c.i.e.AbstractTransferListenerAdapter - Downloading https://repo.maven.apache.org/maven2/org/apache/maven/maven-archiver/3.6.2/maven-archiver-3.6.2.jar
2026-04-01 13:16:38,827 [BasicRepositoryConnector-repo.maven.apache.org-0-0] INFO  o.e.m.c.i.e.AbstractTransferListenerAdapter - Downloaded https://repo.maven.apache.org/maven2/org/apache/maven/maven-archiver/3.6.2/maven-archiver-3.6.2.jar
2026-04-01 13:16:38,879 [BasicRepositoryConnector-repo.maven.apache.org-0-2] INFO  o.e.m.c.i.e.AbstractTransferListenerAdapter - Downloaded https://repo.maven.apache.org/maven2/org/apache/commons/commons-lang3/3.14.0/commons-lang3-3.14.0.jar
2026-04-01 13:16:39,408 [Worker-4: Enabling Maven Dependency Management] INFO  o.e.m.j.i.AbstractJavaProjectConfigurator - Adding source folder /poormoney/src
2026-04-01 13:16:39,412 [Worker-4: Enabling Maven Dependency Management] INFO  o.e.m.j.i.AbstractJavaProjectConfigurator - Resources folder /poormoney/src/main/resources overlaps with sources folder /poormoney/src
2026-04-01 13:16:39,413 [Worker-4: Enabling Maven Dependency Management] INFO  o.e.m.j.i.AbstractJavaProjectConfigurator - Not adding source folder /poormoney/src/test/java because it overlaps with /poormoney/src
2026-04-01 13:16:39,415 [Worker-4: Enabling Maven Dependency Management] INFO  o.e.m.j.i.AbstractJavaProjectConfigurator - Resources folder /poormoney/src/test/resources overlaps with sources folder /poormoney/src
2026-04-01 13:16:39,653 [Worker-4: Enabling Maven Dependency Management] INFO  o.e.m.c.i.p.ProjectConfigurationManager - Update started
2026-04-01 13:16:40,157 [Worker-4: Enabling Maven Dependency Management] INFO  o.e.m.c.i.l.LifecycleMappingFactory - Using org.eclipse.m2e.jdt.JarLifecycleMapping lifecycle mapping for MavenProject: poormoney:poormoney:0.0.1-SNAPSHOT @ C:\Users\safecnc\Desktop\거지들의 지갑\거지들의 지갑\거지들의 지갑\workspace\poormoney\pom.xml.
2026-04-01 13:16:40,341 [Worker-4: Enabling Maven Dependency Management] INFO  o.e.m.j.i.AbstractJavaProjectConfigurator - Adding source folder /poormoney/src
2026-04-01 13:16:40,343 [Worker-4: Enabling Maven Dependency Management] INFO  o.e.m.j.i.AbstractJavaProjectConfigurator - Resources folder /poormoney/src/main/resources overlaps with sources folder /poormoney/src
2026-04-01 13:16:40,344 [Worker-4: Enabling Maven Dependency Management] INFO  o.e.m.j.i.AbstractJavaProjectConfigurator - Not adding source folder /poormoney/src/test/java because it overlaps with /poormoney/src
2026-04-01 13:16:40,345 [Worker-4: Enabling Maven Dependency Management] INFO  o.e.m.j.i.AbstractJavaProjectConfigurator - Resources folder /poormoney/src/test/resources overlaps with sources folder /poormoney/src
2026-04-01 13:16:40,490 [Worker-4: Enabling Maven Dependency Management] INFO  o.e.m.c.i.p.ProjectConfigurationManager - Update completed for 1 poms: local refresh takes 0.00 sec, refresh facades takes 0.00 sec, update config takes 0.00 sec 
2026-04-01 13:16:40,708 [Worker-16: Building] WARN  o.a.m.s.f.DefaultMavenResourcesFiltering - Using platform encoding (UTF-8 actually) to copy filtered resources, i.e. build is platform dependent!
2026-04-01 13:16:40,709 [Worker-16: Building] INFO  o.a.m.s.f.DefaultMavenResourcesFiltering - skip non existing resourceDirectory C:\Users\safecnc\Desktop\거지들의 지갑\거지들의 지갑\거지들의 지갑\workspace\poormoney\src\main\resources
2026-04-01 13:16:40,712 [Worker-16: Building] WARN  o.a.m.s.f.DefaultMavenResourcesFiltering - Using platform encoding (UTF-8 actually) to copy filtered resources, i.e. build is platform dependent!
2026-04-01 13:16:40,714 [Worker-16: Building] INFO  o.a.m.s.f.DefaultMavenResourcesFiltering - skip non existing resourceDirectory C:\Users\safecnc\Desktop\거지들의 지갑\거지들의 지갑\거지들의 지갑\workspace\poormoney\src\test\resources
2026-04-01 13:20:25,631 [Worker-17: Building] INFO  o.e.m.c.i.e.AbstractTransferListenerAdapter - Downloading https://repo.maven.apache.org/maven2/org/springframework/boot/spring-boot-starter-parent/3.2.5/spring-boot-starter-parent-3.2.5.pom
2026-04-01 13:20:25,637 [Worker-17: Building] INFO  o.e.m.c.i.e.AbstractTransferListenerAdapter - Downloaded https://repo.maven.apache.org/maven2/org/springframework/boot/spring-boot-starter-parent/3.2.5/spring-boot-starter-parent-3.2.5.pom
2026-04-01 13:20:25,673 [Worker-17: Building] INFO  o.e.m.c.i.e.AbstractTransferListenerAdapter - Downloading https://repo.maven.apache.org/maven2/org/springframework/boot/spring-boot-dependencies/3.2.5/spring-boot-dependencies-3.2.5.pom
2026-04-01 13:20:25,680 [Worker-17: Building] INFO  o.e.m.c.i.e.AbstractTransferListenerAdapter - Downloaded https://repo.maven.apache.org/maven2/org/springframework/boot/spring-boot-dependencies/3.2.5/spring-boot-dependencies-3.2.5.pom
2026-04-01 13:20:25,720 [Worker-17: Building] INFO  o.e.m.c.i.e.AbstractTransferListenerAdapter - Downloading https://repo.maven.apache.org/maven2/org/assertj/assertj-bom/3.24.2/assertj-bom-3.24.2.pom
2026-04-01 13:20:25,725 [Worker-17: Building] INFO  o.e.m.c.i.e.AbstractTransferListenerAdapter - Downloaded https://repo.maven.apache.org/maven2/org/assertj/assertj-bom/3.24.2/assertj-bom-3.24.2.pom
2026-04-01 13:20:25,756 [Worker-17: Building] INFO  o.e.m.c.i.e.AbstractTransferListenerAdapter - Downloading https://repo.maven.apache.org/maven2/io/zipkin/brave/brave-bom/5.16.0/brave-bom-5.16.0.pom
2026-04-01 13:20:25,762 [Worker-17: Building] INFO  o.e.m.c.i.e.AbstractTransferListenerAdapter - Downloaded https://repo.maven.apache.org/maven2/io/zipkin/brave/brave-bom/5.16.0/brave-bom-5.16.0.pom
2026-04-01 13:20:25,795 [Worker-17: Building] INFO  o.e.m.c.i.e.AbstractTransferListenerAdapter - Downloading https://repo.maven.apache.org/maven2/io/zipkin/reporter2/zipkin-reporter-bom/2.16.3/zipkin-reporter-bom-2.16.3.pom
2026-04-01 13:20:25,802 [Worker-17: Building] INFO  o.e.m.c.i.e.AbstractTransferListenerAdapter - Downloaded https://repo.maven.apache.org/maven2/io/zipkin/reporter2/zipkin-reporter-bom/2.16.3/zipkin-reporter-bom-2.16.3.pom
2026-04-01 13:20:25,837 [Worker-17: Building] INFO  o.e.m.c.i.e.AbstractTransferListenerAdapter - Downloading https://repo.maven.apache.org/maven2/com/datastax/oss/java-driver-bom/4.17.0/java-driver-bom-4.17.0.pom
2026-04-01 13:20:25,843 [Worker-17: Building] INFO  o.e.m.c.i.e.AbstractTransferListenerAdapter - Downloaded https://repo.maven.apache.org/maven2/com/datastax/oss/java-driver-bom/4.17.0/java-driver-bom-4.17.0.pom
2026-04-01 13:20:25,889 [Worker-17: Building] INFO  o.e.m.c.i.e.AbstractTransferListenerAdapter - Downloading https://repo.maven.apache.org/maven2/io/dropwizard/metrics/metrics-bom/4.2.25/metrics-bom-4.2.25.pom
2026-04-01 13:20:25,893 [Worker-17: Building] INFO  o.e.m.c.i.e.AbstractTransferListenerAdapter - Downloaded https://repo.maven.apache.org/maven2/io/dropwizard/metrics/metrics-bom/4.2.25/metrics-bom-4.2.25.pom
2026-04-01 13:20:25,920 [Worker-17: Building] INFO  o.e.m.c.i.e.AbstractTransferListenerAdapter - Downloading https://repo.maven.apache.org/maven2/io/dropwizard/metrics/metrics-parent/4.2.25/metrics-parent-4.2.25.pom
2026-04-01 13:20:25,926 [Worker-17: Building] INFO  o.e.m.c.i.e.AbstractTransferListenerAdapter - Downloaded https://repo.maven.apache.org/maven2/io/dropwizard/metrics/metrics-parent/4.2.25/metrics-parent-4.2.25.pom
2026-04-01 13:20:25,934 [Worker-17: Building] INFO  o.e.a.i.i.DefaultArtifactResolver - Artifact org.glassfish.jaxb:jaxb-bom:pom:4.0.5 is present in the local repository, but cached from a remote repository ID that is unavailable in current build context, verifying that is downloadable from [central (https://repo.maven.apache.org/maven2, default, releases)]
2026-04-01 13:20:25,936 [Worker-17: Building] INFO  o.e.a.i.i.DefaultArtifactResolver - Artifact org.glassfish.jaxb:jaxb-bom:pom:4.0.5 is present in the local repository, but cached from a remote repository ID that is unavailable in current build context, verifying that is downloadable from [central (https://repo.maven.apache.org/maven2, default, releases)]
2026-04-01 13:20:25,957 [Worker-17: Building] INFO  o.e.m.c.i.e.AbstractTransferListenerAdapter - Downloaded https://repo.maven.apache.org/maven2/org/glassfish/jaxb/jaxb-bom/4.0.5/jaxb-bom-4.0.5.pom
2026-04-01 13:20:25,964 [Worker-17: Building] INFO  o.e.a.i.i.DefaultArtifactResolver - Artifact org.eclipse.ee4j:project:pom:1.0.9 is present in the local repository, but cached from a remote repository ID that is unavailable in current build context, verifying that is downloadable from [central (https://repo.maven.apache.org/maven2, default, releases)]
2026-04-01 13:20:25,966 [Worker-17: Building] INFO  o.e.a.i.i.DefaultArtifactResolver - Artifact org.eclipse.ee4j:project:pom:1.0.9 is present in the local repository, but cached from a remote repository ID that is unavailable in current build context, verifying that is downloadable from [central (https://repo.maven.apache.org/maven2, default, releases)]
2026-04-01 13:20:25,986 [Worker-17: Building] INFO  o.e.m.c.i.e.AbstractTransferListenerAdapter - Downloaded https://repo.maven.apache.org/maven2/org/eclipse/ee4j/project/1.0.9/project-1.0.9.pom
2026-04-01 13:20:26,020 [Worker-17: Building] INFO  o.e.m.c.i.e.AbstractTransferListenerAdapter - Downloading https://repo.maven.apache.org/maven2/org/apache/groovy/groovy-bom/4.0.21/groovy-bom-4.0.21.pom
2026-04-01 13:20:26,029 [Worker-17: Building] INFO  o.e.m.c.i.e.AbstractTransferListenerAdapter - Downloaded https://repo.maven.apache.org/maven2/org/apache/groovy/groovy-bom/4.0.21/groovy-bom-4.0.21.pom
2026-04-01 13:20:26,066 [Worker-17: Building] INFO  o.e.m.c.i.e.AbstractTransferListenerAdapter - Downloading https://repo.maven.apache.org/maven2/org/infinispan/infinispan-bom/14.0.27.Final/infinispan-bom-14.0.27.Final.pom
2026-04-01 13:20:26,075 [Worker-17: Building] INFO  o.e.m.c.i.e.AbstractTransferListenerAdapter - Downloaded https://repo.maven.apache.org/maven2/org/infinispan/infinispan-bom/14.0.27.Final/infinispan-bom-14.0.27.Final.pom
2026-04-01 13:20:26,112 [Worker-17: Building] INFO  o.e.m.c.i.e.AbstractTransferListenerAdapter - Downloading https://repo.maven.apache.org/maven2/org/infinispan/infinispan-build-configuration-parent/14.0.27.Final/infinispan-build-configuration-parent-14.0.27.Final.pom
2026-04-01 13:20:26,121 [Worker-17: Building] INFO  o.e.m.c.i.e.AbstractTransferListenerAdapter - Downloaded https://repo.maven.apache.org/maven2/org/infinispan/infinispan-build-configuration-parent/14.0.27.Final/infinispan-build-configuration-parent-14.0.27.Final.pom
2026-04-01 13:20:26,159 [Worker-17: Building] INFO  o.e.m.c.i.e.AbstractTransferListenerAdapter - Downloading https://repo.maven.apache.org/maven2/org/jboss/jboss-parent/39/jboss-parent-39.pom
2026-04-01 13:20:26,166 [Worker-17: Building] INFO  o.e.m.c.i.e.AbstractTransferListenerAdapter - Downloaded https://repo.maven.apache.org/maven2/org/jboss/jboss-parent/39/jboss-parent-39.pom
2026-04-01 13:20:26,196 [Worker-17: Building] INFO  o.e.m.c.i.e.AbstractTransferListenerAdapter - Downloading https://repo.maven.apache.org/maven2/com/fasterxml/jackson/jackson-bom/2.15.4/jackson-bom-2.15.4.pom
2026-04-01 13:20:26,203 [Worker-17: Building] INFO  o.e.m.c.i.e.AbstractTransferListenerAdapter - Downloaded https://repo.maven.apache.org/maven2/com/fasterxml/jackson/jackson-bom/2.15.4/jackson-bom-2.15.4.pom
2026-04-01 13:20:26,236 [Worker-17: Building] INFO  o.e.m.c.i.e.AbstractTransferListenerAdapter - Downloading https://repo.maven.apache.org/maven2/com/fasterxml/jackson/jackson-parent/2.15/jackson-parent-2.15.pom
2026-04-01 13:20:26,241 [Worker-17: Building] INFO  o.e.m.c.i.e.AbstractTransferListenerAdapter - Downloaded https://repo.maven.apache.org/maven2/com/fasterxml/jackson/jackson-parent/2.15/jackson-parent-2.15.pom
2026-04-01 13:20:26,270 [Worker-17: Building] INFO  o.e.m.c.i.e.AbstractTransferListenerAdapter - Downloading https://repo.maven.apache.org/maven2/com/fasterxml/oss-parent/50/oss-parent-50.pom
2026-04-01 13:20:26,277 [Worker-17: Building] INFO  o.e.m.c.i.e.AbstractTransferListenerAdapter - Downloaded https://repo.maven.apache.org/maven2/com/fasterxml/oss-parent/50/oss-parent-50.pom
2026-04-01 13:20:26,308 [Worker-17: Building] INFO  o.e.m.c.i.e.AbstractTransferListenerAdapter - Downloading https://repo.maven.apache.org/maven2/org/glassfish/jersey/jersey-bom/3.1.6/jersey-bom-3.1.6.pom
2026-04-01 13:20:26,313 [Worker-17: Building] INFO  o.e.m.c.i.e.AbstractTransferListenerAdapter - Downloaded https://repo.maven.apache.org/maven2/org/glassfish/jersey/jersey-bom/3.1.6/jersey-bom-3.1.6.pom
2026-04-01 13:20:26,342 [Worker-17: Building] INFO  o.e.m.c.i.e.AbstractTransferListenerAdapter - Downloading https://repo.maven.apache.org/maven2/org/eclipse/ee4j/project/1.0.8/project-1.0.8.pom
2026-04-01 13:20:26,347 [Worker-17: Building] INFO  o.e.m.c.i.e.AbstractTransferListenerAdapter - Downloaded https://repo.maven.apache.org/maven2/org/eclipse/ee4j/project/1.0.8/project-1.0.8.pom
2026-04-01 13:20:26,377 [Worker-17: Building] INFO  o.e.m.c.i.e.AbstractTransferListenerAdapter - Downloading https://repo.maven.apache.org/maven2/org/eclipse/jetty/ee10/jetty-ee10-bom/12.0.8/jetty-ee10-bom-12.0.8.pom
2026-04-01 13:20:26,382 [Worker-17: Building] INFO  o.e.m.c.i.e.AbstractTransferListenerAdapter - Downloaded https://repo.maven.apache.org/maven2/org/eclipse/jetty/ee10/jetty-ee10-bom/12.0.8/jetty-ee10-bom-12.0.8.pom
2026-04-01 13:20:26,412 [Worker-17: Building] INFO  o.e.m.c.i.e.AbstractTransferListenerAdapter - Downloading https://repo.maven.apache.org/maven2/org/eclipse/jetty/jetty-bom/12.0.8/jetty-bom-12.0.8.pom
2026-04-01 13:20:26,416 [Worker-17: Building] INFO  o.e.m.c.i.e.AbstractTransferListenerAdapter - Downloaded https://repo.maven.apache.org/maven2/org/eclipse/jetty/jetty-bom/12.0.8/jetty-bom-12.0.8.pom
2026-04-01 13:20:26,453 [Worker-17: Building] INFO  o.e.m.c.i.e.AbstractTransferListenerAdapter - Downloading https://repo.maven.apache.org/maven2/org/jetbrains/kotlin/kotlin-bom/1.9.23/kotlin-bom-1.9.23.pom
2026-04-01 13:20:26,460 [Worker-17: Building] INFO  o.e.m.c.i.e.AbstractTransferListenerAdapter - Downloaded https://repo.maven.apache.org/maven2/org/jetbrains/kotlin/kotlin-bom/1.9.23/kotlin-bom-1.9.23.pom
2026-04-01 13:20:26,486 [Worker-17: Building] INFO  o.e.m.c.i.e.AbstractTransferListenerAdapter - Downloading https://repo.maven.apache.org/maven2/org/jetbrains/kotlinx/kotlinx-coroutines-bom/1.7.3/kotlinx-coroutines-bom-1.7.3.pom
2026-04-01 13:20:26,494 [Worker-17: Building] INFO  o.e.m.c.i.e.AbstractTransferListenerAdapter - Downloaded https://repo.maven.apache.org/maven2/org/jetbrains/kotlinx/kotlinx-coroutines-bom/1.7.3/kotlinx-coroutines-bom-1.7.3.pom
2026-04-01 13:20:26,501 [Worker-17: Building] INFO  o.e.a.i.i.DefaultArtifactResolver - Artifact org.jetbrains.kotlinx:kotlinx-serialization-bom:pom:1.6.3 is present in the local repository, but cached from a remote repository ID that is unavailable in current build context, verifying that is downloadable from [central (https://repo.maven.apache.org/maven2, default, releases)]
2026-04-01 13:20:26,503 [Worker-17: Building] INFO  o.e.a.i.i.DefaultArtifactResolver - Artifact org.jetbrains.kotlinx:kotlinx-serialization-bom:pom:1.6.3 is present in the local repository, but cached from a remote repository ID that is unavailable in current build context, verifying that is downloadable from [central (https://repo.maven.apache.org/maven2, default, releases)]
2026-04-01 13:20:26,525 [Worker-17: Building] INFO  o.e.m.c.i.e.AbstractTransferListenerAdapter - Downloaded https://repo.maven.apache.org/maven2/org/jetbrains/kotlinx/kotlinx-serialization-bom/1.6.3/kotlinx-serialization-bom-1.6.3.pom
2026-04-01 13:20:26,559 [Worker-17: Building] INFO  o.e.m.c.i.e.AbstractTransferListenerAdapter - Downloading https://repo.maven.apache.org/maven2/org/apache/logging/log4j/log4j-bom/2.21.1/log4j-bom-2.21.1.pom
2026-04-01 13:20:26,567 [Worker-17: Building] INFO  o.e.m.c.i.e.AbstractTransferListenerAdapter - Downloaded https://repo.maven.apache.org/maven2/org/apache/logging/log4j/log4j-bom/2.21.1/log4j-bom-2.21.1.pom
2026-04-01 13:20:26,604 [Worker-17: Building] INFO  o.e.m.c.i.e.AbstractTransferListenerAdapter - Downloading https://repo.maven.apache.org/maven2/org/apache/logging/logging-parent/10.1.1/logging-parent-10.1.1.pom
2026-04-01 13:20:26,610 [Worker-17: Building] INFO  o.e.m.c.i.e.AbstractTransferListenerAdapter - Downloaded https://repo.maven.apache.org/maven2/org/apache/logging/logging-parent/10.1.1/logging-parent-10.1.1.pom
2026-04-01 13:20:26,641 [Worker-17: Building] INFO  o.e.m.c.i.e.AbstractTransferListenerAdapter - Downloading https://repo.maven.apache.org/maven2/io/micrometer/micrometer-bom/1.12.5/micrometer-bom-1.12.5.pom
2026-04-01 13:20:26,646 [Worker-17: Building] INFO  o.e.m.c.i.e.AbstractTransferListenerAdapter - Downloaded https://repo.maven.apache.org/maven2/io/micrometer/micrometer-bom/1.12.5/micrometer-bom-1.12.5.pom
2026-04-01 13:20:26,680 [Worker-17: Building] INFO  o.e.m.c.i.e.AbstractTransferListenerAdapter - Downloading https://repo.maven.apache.org/maven2/io/micrometer/micrometer-tracing-bom/1.2.5/micrometer-tracing-bom-1.2.5.pom
2026-04-01 13:20:26,685 [Worker-17: Building] INFO  o.e.m.c.i.e.AbstractTransferListenerAdapter - Downloaded https://repo.maven.apache.org/maven2/io/micrometer/micrometer-tracing-bom/1.2.5/micrometer-tracing-bom-1.2.5.pom
2026-04-01 13:20:26,714 [Worker-17: Building] INFO  o.e.m.c.i.e.AbstractTransferListenerAdapter - Downloading https://repo.maven.apache.org/maven2/org/mockito/mockito-bom/5.7.0/mockito-bom-5.7.0.pom
2026-04-01 13:20:26,719 [Worker-17: Building] INFO  o.e.m.c.i.e.AbstractTransferListenerAdapter - Downloaded https://repo.maven.apache.org/maven2/org/mockito/mockito-bom/5.7.0/mockito-bom-5.7.0.pom
2026-04-01 13:20:26,745 [Worker-17: Building] INFO  o.e.m.c.i.e.AbstractTransferListenerAdapter - Downloading https://repo.maven.apache.org/maven2/io/netty/netty-bom/4.1.109.Final/netty-bom-4.1.109.Final.pom
2026-04-01 13:20:26,750 [Worker-17: Building] INFO  o.e.m.c.i.e.AbstractTransferListenerAdapter - Downloaded https://repo.maven.apache.org/maven2/io/netty/netty-bom/4.1.109.Final/netty-bom-4.1.109.Final.pom
2026-04-01 13:20:26,787 [Worker-17: Building] INFO  o.e.m.c.i.e.AbstractTransferListenerAdapter - Downloading https://repo.maven.apache.org/maven2/com/squareup/okhttp3/okhttp-bom/4.12.0/okhttp-bom-4.12.0.pom
2026-04-01 13:20:26,793 [Worker-17: Building] INFO  o.e.m.c.i.e.AbstractTransferListenerAdapter - Downloaded https://repo.maven.apache.org/maven2/com/squareup/okhttp3/okhttp-bom/4.12.0/okhttp-bom-4.12.0.pom
2026-04-01 13:20:26,824 [Worker-17: Building] INFO  o.e.m.c.i.e.AbstractTransferListenerAdapter - Downloading https://repo.maven.apache.org/maven2/io/opentelemetry/opentelemetry-bom/1.31.0/opentelemetry-bom-1.31.0.pom
2026-04-01 13:20:26,828 [Worker-17: Building] INFO  o.e.m.c.i.e.AbstractTransferListenerAdapter - Downloaded https://repo.maven.apache.org/maven2/io/opentelemetry/opentelemetry-bom/1.31.0/opentelemetry-bom-1.31.0.pom
2026-04-01 13:20:26,858 [Worker-17: Building] INFO  o.e.m.c.i.e.AbstractTransferListenerAdapter - Downloading https://repo.maven.apache.org/maven2/com/oracle/database/jdbc/ojdbc-bom/21.9.0.0/ojdbc-bom-21.9.0.0.pom
2026-04-01 13:20:26,866 [Worker-17: Building] INFO  o.e.m.c.i.e.AbstractTransferListenerAdapter - Downloaded https://repo.maven.apache.org/maven2/com/oracle/database/jdbc/ojdbc-bom/21.9.0.0/ojdbc-bom-21.9.0.0.pom
2026-04-01 13:20:26,875 [Worker-17: Building] INFO  o.e.a.i.i.DefaultArtifactResolver - Artifact io.prometheus:simpleclient_bom:pom:0.16.0 is present in the local repository, but cached from a remote repository ID that is unavailable in current build context, verifying that is downloadable from [central (https://repo.maven.apache.org/maven2, default, releases)]
2026-04-01 13:20:26,877 [Worker-17: Building] INFO  o.e.a.i.i.DefaultArtifactResolver - Artifact io.prometheus:simpleclient_bom:pom:0.16.0 is present in the local repository, but cached from a remote repository ID that is unavailable in current build context, verifying that is downloadable from [central (https://repo.maven.apache.org/maven2, default, releases)]
2026-04-01 13:20:26,898 [Worker-17: Building] INFO  o.e.m.c.i.e.AbstractTransferListenerAdapter - Downloaded https://repo.maven.apache.org/maven2/io/prometheus/simpleclient_bom/0.16.0/simpleclient_bom-0.16.0.pom
2026-04-01 13:20:26,908 [Worker-17: Building] INFO  o.e.a.i.i.DefaultArtifactResolver - Artifact io.prometheus:parent:pom:0.16.0 is present in the local repository, but cached from a remote repository ID that is unavailable in current build context, verifying that is downloadable from [central (https://repo.maven.apache.org/maven2, default, releases)]
2026-04-01 13:20:26,911 [Worker-17: Building] INFO  o.e.a.i.i.DefaultArtifactResolver - Artifact io.prometheus:parent:pom:0.16.0 is present in the local repository, but cached from a remote repository ID that is unavailable in current build context, verifying that is downloadable from [central (https://repo.maven.apache.org/maven2, default, releases)]
2026-04-01 13:20:26,932 [Worker-17: Building] INFO  o.e.m.c.i.e.AbstractTransferListenerAdapter - Downloaded https://repo.maven.apache.org/maven2/io/prometheus/parent/0.16.0/parent-0.16.0.pom
2026-04-01 13:20:26,940 [Worker-17: Building] INFO  o.e.a.i.i.DefaultArtifactResolver - Artifact com.querydsl:querydsl-bom:pom:5.0.0 is present in the local repository, but cached from a remote repository ID that is unavailable in current build context, verifying that is downloadable from [central (https://repo.maven.apache.org/maven2, default, releases)]
2026-04-01 13:20:26,941 [Worker-17: Building] INFO  o.e.a.i.i.DefaultArtifactResolver - Artifact com.querydsl:querydsl-bom:pom:5.0.0 is present in the local repository, but cached from a remote repository ID that is unavailable in current build context, verifying that is downloadable from [central (https://repo.maven.apache.org/maven2, default, releases)]
2026-04-01 13:20:26,967 [Worker-17: Building] INFO  o.e.m.c.i.e.AbstractTransferListenerAdapter - Downloaded https://repo.maven.apache.org/maven2/com/querydsl/querydsl-bom/5.0.0/querydsl-bom-5.0.0.pom
2026-04-01 13:20:26,993 [Worker-17: Building] INFO  o.e.m.c.i.e.AbstractTransferListenerAdapter - Downloading https://repo.maven.apache.org/maven2/io/projectreactor/reactor-bom/2023.0.5/reactor-bom-2023.0.5.pom
2026-04-01 13:20:26,999 [Worker-17: Building] INFO  o.e.m.c.i.e.AbstractTransferListenerAdapter - Downloaded https://repo.maven.apache.org/maven2/io/projectreactor/reactor-bom/2023.0.5/reactor-bom-2023.0.5.pom
2026-04-01 13:20:27,026 [Worker-17: Building] INFO  o.e.m.c.i.e.AbstractTransferListenerAdapter - Downloading https://repo.maven.apache.org/maven2/io/rest-assured/rest-assured-bom/5.3.2/rest-assured-bom-5.3.2.pom
2026-04-01 13:20:27,033 [Worker-17: Building] INFO  o.e.m.c.i.e.AbstractTransferListenerAdapter - Downloaded https://repo.maven.apache.org/maven2/io/rest-assured/rest-assured-bom/5.3.2/rest-assured-bom-5.3.2.pom
2026-04-01 13:20:27,041 [Worker-17: Building] INFO  o.e.a.i.i.DefaultArtifactResolver - Artifact io.rsocket:rsocket-bom:pom:1.1.3 is present in the local repository, but cached from a remote repository ID that is unavailable in current build context, verifying that is downloadable from [central (https://repo.maven.apache.org/maven2, default, releases)]
2026-04-01 13:20:27,044 [Worker-17: Building] INFO  o.e.a.i.i.DefaultArtifactResolver - Artifact io.rsocket:rsocket-bom:pom:1.1.3 is present in the local repository, but cached from a remote repository ID that is unavailable in current build context, verifying that is downloadable from [central (https://repo.maven.apache.org/maven2, default, releases)]
2026-04-01 13:20:27,067 [Worker-17: Building] INFO  o.e.m.c.i.e.AbstractTransferListenerAdapter - Downloaded https://repo.maven.apache.org/maven2/io/rsocket/rsocket-bom/1.1.3/rsocket-bom-1.1.3.pom
2026-04-01 13:20:27,097 [Worker-17: Building] INFO  o.e.m.c.i.e.AbstractTransferListenerAdapter - Downloading https://repo.maven.apache.org/maven2/org/seleniumhq/selenium/selenium-bom/4.14.1/selenium-bom-4.14.1.pom
2026-04-01 13:20:27,103 [Worker-17: Building] INFO  o.e.m.c.i.e.AbstractTransferListenerAdapter - Downloaded https://repo.maven.apache.org/maven2/org/seleniumhq/selenium/selenium-bom/4.14.1/selenium-bom-4.14.1.pom
2026-04-01 13:20:27,135 [Worker-17: Building] INFO  o.e.m.c.i.e.AbstractTransferListenerAdapter - Downloading https://repo.maven.apache.org/maven2/org/springframework/amqp/spring-amqp-bom/3.1.4/spring-amqp-bom-3.1.4.pom
2026-04-01 13:20:27,141 [Worker-17: Building] INFO  o.e.m.c.i.e.AbstractTransferListenerAdapter - Downloaded https://repo.maven.apache.org/maven2/org/springframework/amqp/spring-amqp-bom/3.1.4/spring-amqp-bom-3.1.4.pom
2026-04-01 13:20:27,170 [Worker-17: Building] INFO  o.e.m.c.i.e.AbstractTransferListenerAdapter - Downloading https://repo.maven.apache.org/maven2/org/springframework/batch/spring-batch-bom/5.1.1/spring-batch-bom-5.1.1.pom
2026-04-01 13:20:27,176 [Worker-17: Building] INFO  o.e.m.c.i.e.AbstractTransferListenerAdapter - Downloaded https://repo.maven.apache.org/maven2/org/springframework/batch/spring-batch-bom/5.1.1/spring-batch-bom-5.1.1.pom
2026-04-01 13:20:27,204 [Worker-17: Building] INFO  o.e.m.c.i.e.AbstractTransferListenerAdapter - Downloading https://repo.maven.apache.org/maven2/org/springframework/data/spring-data-bom/2023.1.5/spring-data-bom-2023.1.5.pom
2026-04-01 13:20:27,208 [Worker-17: Building] INFO  o.e.m.c.i.e.AbstractTransferListenerAdapter - Downloaded https://repo.maven.apache.org/maven2/org/springframework/data/spring-data-bom/2023.1.5/spring-data-bom-2023.1.5.pom
2026-04-01 13:20:27,235 [Worker-17: Building] INFO  o.e.m.c.i.e.AbstractTransferListenerAdapter - Downloading https://repo.maven.apache.org/maven2/org/springframework/spring-framework-bom/6.1.6/spring-framework-bom-6.1.6.pom
2026-04-01 13:20:27,241 [Worker-17: Building] INFO  o.e.m.c.i.e.AbstractTransferListenerAdapter - Downloaded https://repo.maven.apache.org/maven2/org/springframework/spring-framework-bom/6.1.6/spring-framework-bom-6.1.6.pom
2026-04-01 13:20:27,270 [Worker-17: Building] INFO  o.e.m.c.i.e.AbstractTransferListenerAdapter - Downloading https://repo.maven.apache.org/maven2/org/springframework/integration/spring-integration-bom/6.2.4/spring-integration-bom-6.2.4.pom
2026-04-01 13:20:27,274 [Worker-17: Building] INFO  o.e.m.c.i.e.AbstractTransferListenerAdapter - Downloaded https://repo.maven.apache.org/maven2/org/springframework/integration/spring-integration-bom/6.2.4/spring-integration-bom-6.2.4.pom
2026-04-01 13:20:27,303 [Worker-17: Building] INFO  o.e.m.c.i.e.AbstractTransferListenerAdapter - Downloading https://repo.maven.apache.org/maven2/org/springframework/pulsar/spring-pulsar-bom/1.0.5/spring-pulsar-bom-1.0.5.pom
2026-04-01 13:20:27,308 [Worker-17: Building] INFO  o.e.m.c.i.e.AbstractTransferListenerAdapter - Downloaded https://repo.maven.apache.org/maven2/org/springframework/pulsar/spring-pulsar-bom/1.0.5/spring-pulsar-bom-1.0.5.pom
2026-04-01 13:20:27,343 [Worker-17: Building] INFO  o.e.m.c.i.e.AbstractTransferListenerAdapter - Downloading https://repo.maven.apache.org/maven2/org/springframework/restdocs/spring-restdocs-bom/3.0.1/spring-restdocs-bom-3.0.1.pom
2026-04-01 13:20:27,349 [Worker-17: Building] INFO  o.e.m.c.i.e.AbstractTransferListenerAdapter - Downloaded https://repo.maven.apache.org/maven2/org/springframework/restdocs/spring-restdocs-bom/3.0.1/spring-restdocs-bom-3.0.1.pom
2026-04-01 13:20:27,384 [Worker-17: Building] INFO  o.e.m.c.i.e.AbstractTransferListenerAdapter - Downloading https://repo.maven.apache.org/maven2/org/springframework/security/spring-security-bom/6.2.4/spring-security-bom-6.2.4.pom
2026-04-01 13:20:27,390 [Worker-17: Building] INFO  o.e.m.c.i.e.AbstractTransferListenerAdapter - Downloaded https://repo.maven.apache.org/maven2/org/springframework/security/spring-security-bom/6.2.4/spring-security-bom-6.2.4.pom
2026-04-01 13:20:27,418 [Worker-17: Building] INFO  o.e.m.c.i.e.AbstractTransferListenerAdapter - Downloading https://repo.maven.apache.org/maven2/org/springframework/session/spring-session-bom/3.2.2/spring-session-bom-3.2.2.pom
2026-04-01 13:20:27,424 [Worker-17: Building] INFO  o.e.m.c.i.e.AbstractTransferListenerAdapter - Downloaded https://repo.maven.apache.org/maven2/org/springframework/session/spring-session-bom/3.2.2/spring-session-bom-3.2.2.pom
2026-04-01 13:20:27,451 [Worker-17: Building] INFO  o.e.m.c.i.e.AbstractTransferListenerAdapter - Downloading https://repo.maven.apache.org/maven2/org/springframework/ws/spring-ws-bom/4.0.10/spring-ws-bom-4.0.10.pom
2026-04-01 13:20:27,456 [Worker-17: Building] INFO  o.e.m.c.i.e.AbstractTransferListenerAdapter - Downloaded https://repo.maven.apache.org/maven2/org/springframework/ws/spring-ws-bom/4.0.10/spring-ws-bom-4.0.10.pom
2026-04-01 13:20:27,485 [Worker-17: Building] INFO  o.e.m.c.i.e.AbstractTransferListenerAdapter - Downloading https://repo.maven.apache.org/maven2/org/testcontainers/testcontainers-bom/1.19.7/testcontainers-bom-1.19.7.pom
2026-04-01 13:20:27,490 [Worker-17: Building] INFO  o.e.m.c.i.e.AbstractTransferListenerAdapter - Downloaded https://repo.maven.apache.org/maven2/org/testcontainers/testcontainers-bom/1.19.7/testcontainers-bom-1.19.7.pom
2026-04-01 13:20:27,727 [Worker-17: Building] INFO  o.e.m.c.i.e.AbstractTransferListenerAdapter - Downloading https://repo.maven.apache.org/maven2/org/springframework/boot/spring-boot-maven-plugin/3.2.5/spring-boot-maven-plugin-3.2.5.pom
2026-04-01 13:20:27,734 [Worker-17: Building] INFO  o.e.m.c.i.e.AbstractTransferListenerAdapter - Downloaded https://repo.maven.apache.org/maven2/org/springframework/boot/spring-boot-maven-plugin/3.2.5/spring-boot-maven-plugin-3.2.5.pom
2026-04-01 13:20:27,760 [Worker-17: Building] INFO  o.e.m.c.i.e.AbstractTransferListenerAdapter - Downloading https://repo.maven.apache.org/maven2/org/springframework/boot/spring-boot-maven-plugin/3.2.5/spring-boot-maven-plugin-3.2.5.jar
2026-04-01 13:20:27,775 [Worker-17: Building] INFO  o.e.m.c.i.e.AbstractTransferListenerAdapter - Downloaded https://repo.maven.apache.org/maven2/org/springframework/boot/spring-boot-maven-plugin/3.2.5/spring-boot-maven-plugin-3.2.5.jar
2026-04-01 13:20:27,810 [Worker-17: Building] INFO  o.e.m.c.i.e.AbstractTransferListenerAdapter - Downloading https://repo.maven.apache.org/maven2/org/apache/maven/plugins/maven-clean-plugin/3.3.2/maven-clean-plugin-3.3.2.jar
2026-04-01 13:20:27,819 [Worker-17: Building] INFO  o.e.m.c.i.e.AbstractTransferListenerAdapter - Downloaded https://repo.maven.apache.org/maven2/org/apache/maven/plugins/maven-clean-plugin/3.3.2/maven-clean-plugin-3.3.2.jar
2026-04-01 13:20:27,871 [Worker-17: Building] INFO  o.e.m.c.i.e.AbstractTransferListenerAdapter - Downloading https://repo.maven.apache.org/maven2/org/apache/maven/plugins/maven-surefire-plugin/3.1.2/maven-surefire-plugin-3.1.2.jar
2026-04-01 13:20:27,880 [Worker-17: Building] INFO  o.e.m.c.i.e.AbstractTransferListenerAdapter - Downloaded https://repo.maven.apache.org/maven2/org/apache/maven/plugins/maven-surefire-plugin/3.1.2/maven-surefire-plugin-3.1.2.jar
2026-04-01 13:20:28,100 [Worker-17: Building] INFO  o.e.m.c.i.l.LifecycleMappingFactory - Using org.eclipse.m2e.jdt.JarLifecycleMapping lifecycle mapping for MavenProject: poormoney:poormoney:0.0.1-SNAPSHOT @ C:\Users\safecnc\Desktop\거지들의 지갑\거지들의 지갑\거지들의 지갑\workspace\poormoney\pom.xml.
2026-04-01 13:20:28,132 [Worker-17: Building] INFO  o.e.m.c.i.e.AbstractTransferListenerAdapter - Downloading https://repo.maven.apache.org/maven2/org/springframework/boot/spring-boot-starter-web/3.2.5/spring-boot-starter-web-3.2.5.pom
2026-04-01 13:20:28,138 [Worker-17: Building] INFO  o.e.m.c.i.e.AbstractTransferListenerAdapter - Downloaded https://repo.maven.apache.org/maven2/org/springframework/boot/spring-boot-starter-web/3.2.5/spring-boot-starter-web-3.2.5.pom
2026-04-01 13:20:28,164 [Worker-17: Building] INFO  o.e.m.c.i.e.AbstractTransferListenerAdapter - Downloading https://repo.maven.apache.org/maven2/org/springframework/boot/spring-boot-starter/3.2.5/spring-boot-starter-3.2.5.pom
2026-04-01 13:20:28,171 [Worker-17: Building] INFO  o.e.m.c.i.e.AbstractTransferListenerAdapter - Downloaded https://repo.maven.apache.org/maven2/org/springframework/boot/spring-boot-starter/3.2.5/spring-boot-starter-3.2.5.pom
2026-04-01 13:20:28,201 [Worker-17: Building] INFO  o.e.m.c.i.e.AbstractTransferListenerAdapter - Downloading https://repo.maven.apache.org/maven2/org/springframework/boot/spring-boot/3.2.5/spring-boot-3.2.5.pom
2026-04-01 13:20:28,206 [Worker-17: Building] INFO  o.e.m.c.i.e.AbstractTransferListenerAdapter - Downloaded https://repo.maven.apache.org/maven2/org/springframework/boot/spring-boot/3.2.5/spring-boot-3.2.5.pom
2026-04-01 13:20:28,235 [Worker-17: Building] INFO  o.e.m.c.i.e.AbstractTransferListenerAdapter - Downloading https://repo.maven.apache.org/maven2/org/springframework/spring-core/6.1.6/spring-core-6.1.6.pom
2026-04-01 13:20:28,239 [Worker-17: Building] INFO  o.e.m.c.i.e.AbstractTransferListenerAdapter - Downloaded https://repo.maven.apache.org/maven2/org/springframework/spring-core/6.1.6/spring-core-6.1.6.pom
2026-04-01 13:20:28,265 [Worker-17: Building] INFO  o.e.m.c.i.e.AbstractTransferListenerAdapter - Downloading https://repo.maven.apache.org/maven2/org/springframework/spring-jcl/6.1.6/spring-jcl-6.1.6.pom
2026-04-01 13:20:28,273 [Worker-17: Building] INFO  o.e.m.c.i.e.AbstractTransferListenerAdapter - Downloaded https://repo.maven.apache.org/maven2/org/springframework/spring-jcl/6.1.6/spring-jcl-6.1.6.pom
2026-04-01 13:20:28,304 [Worker-17: Building] INFO  o.e.m.c.i.e.AbstractTransferListenerAdapter - Downloading https://repo.maven.apache.org/maven2/org/springframework/spring-context/6.1.6/spring-context-6.1.6.pom
2026-04-01 13:20:28,312 [Worker-17: Building] INFO  o.e.m.c.i.e.AbstractTransferListenerAdapter - Downloaded https://repo.maven.apache.org/maven2/org/springframework/spring-context/6.1.6/spring-context-6.1.6.pom
2026-04-01 13:20:28,349 [Worker-17: Building] INFO  o.e.m.c.i.e.AbstractTransferListenerAdapter - Downloading https://repo.maven.apache.org/maven2/org/springframework/spring-aop/6.1.6/spring-aop-6.1.6.pom
2026-04-01 13:20:28,357 [Worker-17: Building] INFO  o.e.m.c.i.e.AbstractTransferListenerAdapter - Downloaded https://repo.maven.apache.org/maven2/org/springframework/spring-aop/6.1.6/spring-aop-6.1.6.pom
2026-04-01 13:20:28,391 [Worker-17: Building] INFO  o.e.m.c.i.e.AbstractTransferListenerAdapter - Downloading https://repo.maven.apache.org/maven2/org/springframework/spring-beans/6.1.6/spring-beans-6.1.6.pom
2026-04-01 13:20:28,396 [Worker-17: Building] INFO  o.e.m.c.i.e.AbstractTransferListenerAdapter - Downloaded https://repo.maven.apache.org/maven2/org/springframework/spring-beans/6.1.6/spring-beans-6.1.6.pom
2026-04-01 13:20:28,427 [Worker-17: Building] INFO  o.e.m.c.i.e.AbstractTransferListenerAdapter - Downloading https://repo.maven.apache.org/maven2/org/springframework/spring-expression/6.1.6/spring-expression-6.1.6.pom
2026-04-01 13:20:28,431 [Worker-17: Building] INFO  o.e.m.c.i.e.AbstractTransferListenerAdapter - Downloaded https://repo.maven.apache.org/maven2/org/springframework/spring-expression/6.1.6/spring-expression-6.1.6.pom
2026-04-01 13:20:28,464 [Worker-17: Building] INFO  o.e.m.c.i.e.AbstractTransferListenerAdapter - Downloading https://repo.maven.apache.org/maven2/io/micrometer/micrometer-observation/1.12.5/micrometer-observation-1.12.5.pom
2026-04-01 13:20:28,469 [Worker-17: Building] INFO  o.e.m.c.i.e.AbstractTransferListenerAdapter - Downloaded https://repo.maven.apache.org/maven2/io/micrometer/micrometer-observation/1.12.5/micrometer-observation-1.12.5.pom
2026-04-01 13:20:28,496 [Worker-17: Building] INFO  o.e.m.c.i.e.AbstractTransferListenerAdapter - Downloading https://repo.maven.apache.org/maven2/io/micrometer/micrometer-commons/1.12.5/micrometer-commons-1.12.5.pom
2026-04-01 13:20:28,502 [Worker-17: Building] INFO  o.e.m.c.i.e.AbstractTransferListenerAdapter - Downloaded https://repo.maven.apache.org/maven2/io/micrometer/micrometer-commons/1.12.5/micrometer-commons-1.12.5.pom
2026-04-01 13:20:28,529 [Worker-17: Building] INFO  o.e.m.c.i.e.AbstractTransferListenerAdapter - Downloading https://repo.maven.apache.org/maven2/org/springframework/boot/spring-boot-autoconfigure/3.2.5/spring-boot-autoconfigure-3.2.5.pom
2026-04-01 13:20:28,534 [Worker-17: Building] INFO  o.e.m.c.i.e.AbstractTransferListenerAdapter - Downloaded https://repo.maven.apache.org/maven2/org/springframework/boot/spring-boot-autoconfigure/3.2.5/spring-boot-autoconfigure-3.2.5.pom
2026-04-01 13:20:28,573 [Worker-17: Building] INFO  o.e.m.c.i.e.AbstractTransferListenerAdapter - Downloading https://repo.maven.apache.org/maven2/org/springframework/boot/spring-boot-starter-logging/3.2.5/spring-boot-starter-logging-3.2.5.pom
2026-04-01 13:20:28,580 [Worker-17: Building] INFO  o.e.m.c.i.e.AbstractTransferListenerAdapter - Downloaded https://repo.maven.apache.org/maven2/org/springframework/boot/spring-boot-starter-logging/3.2.5/spring-boot-starter-logging-3.2.5.pom
2026-04-01 13:20:28,615 [Worker-17: Building] INFO  o.e.m.c.i.e.AbstractTransferListenerAdapter - Downloading https://repo.maven.apache.org/maven2/ch/qos/logback/logback-classic/1.4.14/logback-classic-1.4.14.pom
2026-04-01 13:20:28,621 [Worker-17: Building] INFO  o.e.m.c.i.e.AbstractTransferListenerAdapter - Downloaded https://repo.maven.apache.org/maven2/ch/qos/logback/logback-classic/1.4.14/logback-classic-1.4.14.pom
2026-04-01 13:20:28,648 [Worker-17: Building] INFO  o.e.m.c.i.e.AbstractTransferListenerAdapter - Downloading https://repo.maven.apache.org/maven2/ch/qos/logback/logback-parent/1.4.14/logback-parent-1.4.14.pom
2026-04-01 13:20:28,654 [Worker-17: Building] INFO  o.e.m.c.i.e.AbstractTransferListenerAdapter - Downloaded https://repo.maven.apache.org/maven2/ch/qos/logback/logback-parent/1.4.14/logback-parent-1.4.14.pom
2026-04-01 13:20:28,680 [Worker-17: Building] INFO  o.e.m.c.i.e.AbstractTransferListenerAdapter - Downloading https://repo.maven.apache.org/maven2/ch/qos/logback/logback-core/1.4.14/logback-core-1.4.14.pom
2026-04-01 13:20:28,691 [Worker-17: Building] INFO  o.e.m.c.i.e.AbstractTransferListenerAdapter - Downloaded https://repo.maven.apache.org/maven2/ch/qos/logback/logback-core/1.4.14/logback-core-1.4.14.pom
2026-04-01 13:20:28,726 [Worker-17: Building] INFO  o.e.m.c.i.e.AbstractTransferListenerAdapter - Downloading https://repo.maven.apache.org/maven2/org/slf4j/slf4j-api/2.0.13/slf4j-api-2.0.13.pom
2026-04-01 13:20:28,734 [Worker-17: Building] INFO  o.e.m.c.i.e.AbstractTransferListenerAdapter - Downloaded https://repo.maven.apache.org/maven2/org/slf4j/slf4j-api/2.0.13/slf4j-api-2.0.13.pom
2026-04-01 13:20:28,745 [Worker-17: Building] INFO  o.e.a.i.i.DefaultArtifactResolver - Artifact org.slf4j:slf4j-parent:pom:2.0.13 is present in the local repository, but cached from a remote repository ID that is unavailable in current build context, verifying that is downloadable from [central (https://repo.maven.apache.org/maven2, default, releases)]
2026-04-01 13:20:28,748 [Worker-17: Building] INFO  o.e.a.i.i.DefaultArtifactResolver - Artifact org.slf4j:slf4j-parent:pom:2.0.13 is present in the local repository, but cached from a remote repository ID that is unavailable in current build context, verifying that is downloadable from [central (https://repo.maven.apache.org/maven2, default, releases)]
2026-04-01 13:20:28,770 [Worker-17: Building] INFO  o.e.m.c.i.e.AbstractTransferListenerAdapter - Downloaded https://repo.maven.apache.org/maven2/org/slf4j/slf4j-parent/2.0.13/slf4j-parent-2.0.13.pom
2026-04-01 13:20:28,785 [Worker-17: Building] INFO  o.e.a.i.i.DefaultArtifactResolver - Artifact org.slf4j:slf4j-bom:pom:2.0.13 is present in the local repository, but cached from a remote repository ID that is unavailable in current build context, verifying that is downloadable from [central (https://repo.maven.apache.org/maven2, default, releases)]
2026-04-01 13:20:28,790 [Worker-17: Building] INFO  o.e.a.i.i.DefaultArtifactResolver - Artifact org.slf4j:slf4j-bom:pom:2.0.13 is present in the local repository, but cached from a remote repository ID that is unavailable in current build context, verifying that is downloadable from [central (https://repo.maven.apache.org/maven2, default, releases)]
2026-04-01 13:20:28,816 [Worker-17: Building] INFO  o.e.m.c.i.e.AbstractTransferListenerAdapter - Downloaded https://repo.maven.apache.org/maven2/org/slf4j/slf4j-bom/2.0.13/slf4j-bom-2.0.13.pom
2026-04-01 13:20:28,851 [Worker-17: Building] INFO  o.e.m.c.i.e.AbstractTransferListenerAdapter - Downloading https://repo.maven.apache.org/maven2/org/apache/logging/log4j/log4j-to-slf4j/2.21.1/log4j-to-slf4j-2.21.1.pom
2026-04-01 13:20:28,857 [Worker-17: Building] INFO  o.e.m.c.i.e.AbstractTransferListenerAdapter - Downloaded https://repo.maven.apache.org/maven2/org/apache/logging/log4j/log4j-to-slf4j/2.21.1/log4j-to-slf4j-2.21.1.pom
2026-04-01 13:20:28,887 [Worker-17: Building] INFO  o.e.m.c.i.e.AbstractTransferListenerAdapter - Downloading https://repo.maven.apache.org/maven2/org/apache/logging/log4j/log4j/2.21.1/log4j-2.21.1.pom
2026-04-01 13:20:28,894 [Worker-17: Building] INFO  o.e.m.c.i.e.AbstractTransferListenerAdapter - Downloaded https://repo.maven.apache.org/maven2/org/apache/logging/log4j/log4j/2.21.1/log4j-2.21.1.pom
2026-04-01 13:20:28,960 [Worker-17: Building] INFO  o.e.m.c.i.e.AbstractTransferListenerAdapter - Downloading https://repo.maven.apache.org/maven2/org/ow2/asm/asm-bom/9.5/asm-bom-9.5.pom
2026-04-01 13:20:28,966 [Worker-17: Building] INFO  o.e.m.c.i.e.AbstractTransferListenerAdapter - Downloaded https://repo.maven.apache.org/maven2/org/ow2/asm/asm-bom/9.5/asm-bom-9.5.pom
2026-04-01 13:20:28,998 [Worker-17: Building] INFO  o.e.m.c.i.e.AbstractTransferListenerAdapter - Downloading https://repo.maven.apache.org/maven2/org/codehaus/groovy/groovy-bom/3.0.19/groovy-bom-3.0.19.pom
2026-04-01 13:20:29,004 [Worker-17: Building] INFO  o.e.m.c.i.e.AbstractTransferListenerAdapter - Downloaded https://repo.maven.apache.org/maven2/org/codehaus/groovy/groovy-bom/3.0.19/groovy-bom-3.0.19.pom
2026-04-01 13:20:29,033 [Worker-17: Building] INFO  o.e.m.c.i.e.AbstractTransferListenerAdapter - Downloading https://repo.maven.apache.org/maven2/com/fasterxml/jackson/jackson-bom/2.15.2/jackson-bom-2.15.2.pom
2026-04-01 13:20:29,038 [Worker-17: Building] INFO  o.e.m.c.i.e.AbstractTransferListenerAdapter - Downloaded https://repo.maven.apache.org/maven2/com/fasterxml/jackson/jackson-bom/2.15.2/jackson-bom-2.15.2.pom
2026-04-01 13:20:29,048 [Worker-17: Building] INFO  o.e.a.i.i.DefaultArtifactResolver - Artifact jakarta.platform:jakarta.jakartaee-bom:pom:9.1.0 is present in the local repository, but cached from a remote repository ID that is unavailable in current build context, verifying that is downloadable from [central (https://repo.maven.apache.org/maven2, default, releases), apache.snapshots (https://repository.apache.org/snapshots, default, snapshots)]
2026-04-01 13:20:29,050 [Worker-17: Building] INFO  o.e.a.i.i.DefaultArtifactResolver - Artifact jakarta.platform:jakarta.jakartaee-bom:pom:9.1.0 is present in the local repository, but cached from a remote repository ID that is unavailable in current build context, verifying that is downloadable from [central (https://repo.maven.apache.org/maven2, default, releases), apache.snapshots (https://repository.apache.org/snapshots, default, snapshots)]
2026-04-01 13:20:29,076 [Worker-17: Building] INFO  o.e.m.c.i.e.AbstractTransferListenerAdapter - Downloaded https://repo.maven.apache.org/maven2/jakarta/platform/jakarta.jakartaee-bom/9.1.0/jakarta.jakartaee-bom-9.1.0.pom
2026-04-01 13:20:29,086 [Worker-17: Building] INFO  o.e.a.i.i.DefaultArtifactResolver - Artifact jakarta.platform:jakartaee-api-parent:pom:9.1.0 is present in the local repository, but cached from a remote repository ID that is unavailable in current build context, verifying that is downloadable from [central (https://repo.maven.apache.org/maven2, default, releases), apache.snapshots (https://repository.apache.org/snapshots, default, snapshots)]
2026-04-01 13:20:29,090 [Worker-17: Building] INFO  o.e.a.i.i.DefaultArtifactResolver - Artifact jakarta.platform:jakartaee-api-parent:pom:9.1.0 is present in the local repository, but cached from a remote repository ID that is unavailable in current build context, verifying that is downloadable from [central (https://repo.maven.apache.org/maven2, default, releases), apache.snapshots (https://repository.apache.org/snapshots, default, snapshots)]
2026-04-01 13:20:29,110 [Worker-17: Building] INFO  o.e.m.c.i.e.AbstractTransferListenerAdapter - Downloaded https://repo.maven.apache.org/maven2/jakarta/platform/jakartaee-api-parent/9.1.0/jakartaee-api-parent-9.1.0.pom
2026-04-01 13:20:29,118 [Worker-17: Building] INFO  o.e.a.i.i.DefaultArtifactResolver - Artifact org.eclipse.ee4j:project:pom:1.0.7 is present in the local repository, but cached from a remote repository ID that is unavailable in current build context, verifying that is downloadable from [central (https://repo.maven.apache.org/maven2, default, releases), apache.snapshots (https://repository.apache.org/snapshots, default, snapshots)]
2026-04-01 13:20:29,120 [Worker-17: Building] INFO  o.e.a.i.i.DefaultArtifactResolver - Artifact org.eclipse.ee4j:project:pom:1.0.7 is present in the local repository, but cached from a remote repository ID that is unavailable in current build context, verifying that is downloadable from [central (https://repo.maven.apache.org/maven2, default, releases), apache.snapshots (https://repository.apache.org/snapshots, default, snapshots)]
2026-04-01 13:20:29,140 [Worker-17: Building] INFO  o.e.m.c.i.e.AbstractTransferListenerAdapter - Downloaded https://repo.maven.apache.org/maven2/org/eclipse/ee4j/project/1.0.7/project-1.0.7.pom
2026-04-01 13:20:29,170 [Worker-17: Building] INFO  o.e.m.c.i.e.AbstractTransferListenerAdapter - Downloading https://repo.maven.apache.org/maven2/org/eclipse/jetty/jetty-bom/9.4.53.v20231009/jetty-bom-9.4.53.v20231009.pom
2026-04-01 13:20:29,178 [Worker-17: Building] INFO  o.e.m.c.i.e.AbstractTransferListenerAdapter - Downloaded https://repo.maven.apache.org/maven2/org/eclipse/jetty/jetty-bom/9.4.53.v20231009/jetty-bom-9.4.53.v20231009.pom
2026-04-01 13:20:29,189 [Worker-17: Building] INFO  o.e.a.i.i.DefaultArtifactResolver - Artifact io.fabric8:kubernetes-client-bom:pom:5.12.4 is present in the local repository, but cached from a remote repository ID that is unavailable in current build context, verifying that is downloadable from [central (https://repo.maven.apache.org/maven2, default, releases), apache.snapshots (https://repository.apache.org/snapshots, default, snapshots)]
2026-04-01 13:20:29,192 [Worker-17: Building] INFO  o.e.a.i.i.DefaultArtifactResolver - Artifact io.fabric8:kubernetes-client-bom:pom:5.12.4 is present in the local repository, but cached from a remote repository ID that is unavailable in current build context, verifying that is downloadable from [central (https://repo.maven.apache.org/maven2, default, releases), apache.snapshots (https://repository.apache.org/snapshots, default, snapshots)]
2026-04-01 13:20:29,214 [Worker-17: Building] INFO  o.e.m.c.i.e.AbstractTransferListenerAdapter - Downloaded https://repo.maven.apache.org/maven2/io/fabric8/kubernetes-client-bom/5.12.4/kubernetes-client-bom-5.12.4.pom
2026-04-01 13:20:29,224 [Worker-17: Building] INFO  o.e.a.i.i.DefaultArtifactResolver - Artifact org.mockito:mockito-bom:pom:4.11.0 is present in the local repository, but cached from a remote repository ID that is unavailable in current build context, verifying that is downloadable from [central (https://repo.maven.apache.org/maven2, default, releases), apache.snapshots (https://repository.apache.org/snapshots, default, snapshots)]
2026-04-01 13:20:29,226 [Worker-17: Building] INFO  o.e.a.i.i.DefaultArtifactResolver - Artifact org.mockito:mockito-bom:pom:4.11.0 is present in the local repository, but cached from a remote repository ID that is unavailable in current build context, verifying that is downloadable from [central (https://repo.maven.apache.org/maven2, default, releases), apache.snapshots (https://repository.apache.org/snapshots, default, snapshots)]
2026-04-01 13:20:29,245 [Worker-17: Building] INFO  o.e.m.c.i.e.AbstractTransferListenerAdapter - Downloaded https://repo.maven.apache.org/maven2/org/mockito/mockito-bom/4.11.0/mockito-bom-4.11.0.pom
2026-04-01 13:20:29,273 [Worker-17: Building] INFO  o.e.m.c.i.e.AbstractTransferListenerAdapter - Downloading https://repo.maven.apache.org/maven2/io/netty/netty-bom/4.1.97.Final/netty-bom-4.1.97.Final.pom
2026-04-01 13:20:29,281 [Worker-17: Building] INFO  o.e.m.c.i.e.AbstractTransferListenerAdapter - Downloaded https://repo.maven.apache.org/maven2/io/netty/netty-bom/4.1.97.Final/netty-bom-4.1.97.Final.pom
2026-04-01 13:20:29,313 [Worker-17: Building] INFO  o.e.m.c.i.e.AbstractTransferListenerAdapter - Downloading https://repo.maven.apache.org/maven2/org/springframework/spring-framework-bom/5.3.29/spring-framework-bom-5.3.29.pom
2026-04-01 13:20:29,320 [Worker-17: Building] INFO  o.e.m.c.i.e.AbstractTransferListenerAdapter - Downloaded https://repo.maven.apache.org/maven2/org/springframework/spring-framework-bom/5.3.29/spring-framework-bom-5.3.29.pom
2026-04-01 13:20:29,352 [Worker-17: Building] INFO  o.e.m.c.i.e.AbstractTransferListenerAdapter - Downloading https://repo.maven.apache.org/maven2/org/apache/logging/log4j/log4j-api/2.21.1/log4j-api-2.21.1.pom
2026-04-01 13:20:29,359 [Worker-17: Building] INFO  o.e.m.c.i.e.AbstractTransferListenerAdapter - Downloaded https://repo.maven.apache.org/maven2/org/apache/logging/log4j/log4j-api/2.21.1/log4j-api-2.21.1.pom
2026-04-01 13:20:29,394 [Worker-17: Building] INFO  o.e.m.c.i.e.AbstractTransferListenerAdapter - Downloading https://repo.maven.apache.org/maven2/org/slf4j/jul-to-slf4j/2.0.13/jul-to-slf4j-2.0.13.pom
2026-04-01 13:20:29,399 [Worker-17: Building] INFO  o.e.m.c.i.e.AbstractTransferListenerAdapter - Downloaded https://repo.maven.apache.org/maven2/org/slf4j/jul-to-slf4j/2.0.13/jul-to-slf4j-2.0.13.pom
2026-04-01 13:20:29,411 [Worker-17: Building] INFO  o.e.a.i.i.DefaultArtifactResolver - Artifact jakarta.annotation:jakarta.annotation-api:pom:2.1.1 is present in the local repository, but cached from a remote repository ID that is unavailable in current build context, verifying that is downloadable from [central (https://repo.maven.apache.org/maven2, default, releases)]
2026-04-01 13:20:29,414 [Worker-17: Building] INFO  o.e.a.i.i.DefaultArtifactResolver - Artifact jakarta.annotation:jakarta.annotation-api:pom:2.1.1 is present in the local repository, but cached from a remote repository ID that is unavailable in current build context, verifying that is downloadable from [central (https://repo.maven.apache.org/maven2, default, releases)]
2026-04-01 13:20:29,445 [Worker-17: Building] INFO  o.e.m.c.i.e.AbstractTransferListenerAdapter - Downloaded https://repo.maven.apache.org/maven2/jakarta/annotation/jakarta.annotation-api/2.1.1/jakarta.annotation-api-2.1.1.pom
2026-04-01 13:20:29,480 [Worker-17: Building] INFO  o.e.m.c.i.e.AbstractTransferListenerAdapter - Downloading https://repo.maven.apache.org/maven2/org/yaml/snakeyaml/2.2/snakeyaml-2.2.pom
2026-04-01 13:20:29,488 [Worker-17: Building] INFO  o.e.m.c.i.e.AbstractTransferListenerAdapter - Downloaded https://repo.maven.apache.org/maven2/org/yaml/snakeyaml/2.2/snakeyaml-2.2.pom
2026-04-01 13:20:29,522 [Worker-17: Building] INFO  o.e.m.c.i.e.AbstractTransferListenerAdapter - Downloading https://repo.maven.apache.org/maven2/org/springframework/boot/spring-boot-starter-json/3.2.5/spring-boot-starter-json-3.2.5.pom
2026-04-01 13:20:29,529 [Worker-17: Building] INFO  o.e.m.c.i.e.AbstractTransferListenerAdapter - Downloaded https://repo.maven.apache.org/maven2/org/springframework/boot/spring-boot-starter-json/3.2.5/spring-boot-starter-json-3.2.5.pom
2026-04-01 13:20:29,559 [Worker-17: Building] INFO  o.e.m.c.i.e.AbstractTransferListenerAdapter - Downloading https://repo.maven.apache.org/maven2/org/springframework/spring-web/6.1.6/spring-web-6.1.6.pom
2026-04-01 13:20:29,566 [Worker-17: Building] INFO  o.e.m.c.i.e.AbstractTransferListenerAdapter - Downloaded https://repo.maven.apache.org/maven2/org/springframework/spring-web/6.1.6/spring-web-6.1.6.pom
2026-04-01 13:20:29,595 [Worker-17: Building] INFO  o.e.m.c.i.e.AbstractTransferListenerAdapter - Downloading https://repo.maven.apache.org/maven2/com/fasterxml/jackson/core/jackson-databind/2.15.4/jackson-databind-2.15.4.pom
2026-04-01 13:20:29,600 [Worker-17: Building] INFO  o.e.m.c.i.e.AbstractTransferListenerAdapter - Downloaded https://repo.maven.apache.org/maven2/com/fasterxml/jackson/core/jackson-databind/2.15.4/jackson-databind-2.15.4.pom
2026-04-01 13:20:29,625 [Worker-17: Building] INFO  o.e.m.c.i.e.AbstractTransferListenerAdapter - Downloading https://repo.maven.apache.org/maven2/com/fasterxml/jackson/jackson-base/2.15.4/jackson-base-2.15.4.pom
2026-04-01 13:20:29,629 [Worker-17: Building] INFO  o.e.m.c.i.e.AbstractTransferListenerAdapter - Downloaded https://repo.maven.apache.org/maven2/com/fasterxml/jackson/jackson-base/2.15.4/jackson-base-2.15.4.pom
2026-04-01 13:20:29,663 [Worker-17: Building] INFO  o.e.m.c.i.e.AbstractTransferListenerAdapter - Downloading https://repo.maven.apache.org/maven2/com/fasterxml/jackson/core/jackson-annotations/2.15.4/jackson-annotations-2.15.4.pom
2026-04-01 13:20:29,668 [Worker-17: Building] INFO  o.e.m.c.i.e.AbstractTransferListenerAdapter - Downloaded https://repo.maven.apache.org/maven2/com/fasterxml/jackson/core/jackson-annotations/2.15.4/jackson-annotations-2.15.4.pom
2026-04-01 13:20:29,699 [Worker-17: Building] INFO  o.e.m.c.i.e.AbstractTransferListenerAdapter - Downloading https://repo.maven.apache.org/maven2/com/fasterxml/jackson/core/jackson-core/2.15.4/jackson-core-2.15.4.pom
2026-04-01 13:20:29,706 [Worker-17: Building] INFO  o.e.m.c.i.e.AbstractTransferListenerAdapter - Downloaded https://repo.maven.apache.org/maven2/com/fasterxml/jackson/core/jackson-core/2.15.4/jackson-core-2.15.4.pom
2026-04-01 13:20:29,737 [Worker-17: Building] INFO  o.e.m.c.i.e.AbstractTransferListenerAdapter - Downloading https://repo.maven.apache.org/maven2/com/fasterxml/jackson/datatype/jackson-datatype-jdk8/2.15.4/jackson-datatype-jdk8-2.15.4.pom
2026-04-01 13:20:29,745 [Worker-17: Building] INFO  o.e.m.c.i.e.AbstractTransferListenerAdapter - Downloaded https://repo.maven.apache.org/maven2/com/fasterxml/jackson/datatype/jackson-datatype-jdk8/2.15.4/jackson-datatype-jdk8-2.15.4.pom
2026-04-01 13:20:29,782 [Worker-17: Building] INFO  o.e.m.c.i.e.AbstractTransferListenerAdapter - Downloading https://repo.maven.apache.org/maven2/com/fasterxml/jackson/module/jackson-modules-java8/2.15.4/jackson-modules-java8-2.15.4.pom
2026-04-01 13:20:29,788 [Worker-17: Building] INFO  o.e.m.c.i.e.AbstractTransferListenerAdapter - Downloaded https://repo.maven.apache.org/maven2/com/fasterxml/jackson/module/jackson-modules-java8/2.15.4/jackson-modules-java8-2.15.4.pom
2026-04-01 13:20:29,819 [Worker-17: Building] INFO  o.e.m.c.i.e.AbstractTransferListenerAdapter - Downloading https://repo.maven.apache.org/maven2/com/fasterxml/jackson/datatype/jackson-datatype-jsr310/2.15.4/jackson-datatype-jsr310-2.15.4.pom
2026-04-01 13:20:29,827 [Worker-17: Building] INFO  o.e.m.c.i.e.AbstractTransferListenerAdapter - Downloaded https://repo.maven.apache.org/maven2/com/fasterxml/jackson/datatype/jackson-datatype-jsr310/2.15.4/jackson-datatype-jsr310-2.15.4.pom
2026-04-01 13:20:29,859 [Worker-17: Building] INFO  o.e.m.c.i.e.AbstractTransferListenerAdapter - Downloading https://repo.maven.apache.org/maven2/com/fasterxml/jackson/module/jackson-module-parameter-names/2.15.4/jackson-module-parameter-names-2.15.4.pom
2026-04-01 13:20:29,864 [Worker-17: Building] INFO  o.e.m.c.i.e.AbstractTransferListenerAdapter - Downloaded https://repo.maven.apache.org/maven2/com/fasterxml/jackson/module/jackson-module-parameter-names/2.15.4/jackson-module-parameter-names-2.15.4.pom
2026-04-01 13:20:29,895 [Worker-17: Building] INFO  o.e.m.c.i.e.AbstractTransferListenerAdapter - Downloading https://repo.maven.apache.org/maven2/org/springframework/boot/spring-boot-starter-tomcat/3.2.5/spring-boot-starter-tomcat-3.2.5.pom
2026-04-01 13:20:29,901 [Worker-17: Building] INFO  o.e.m.c.i.e.AbstractTransferListenerAdapter - Downloaded https://repo.maven.apache.org/maven2/org/springframework/boot/spring-boot-starter-tomcat/3.2.5/spring-boot-starter-tomcat-3.2.5.pom
2026-04-01 13:20:29,933 [Worker-17: Building] INFO  o.e.m.c.i.e.AbstractTransferListenerAdapter - Downloading https://repo.maven.apache.org/maven2/org/apache/tomcat/embed/tomcat-embed-core/10.1.20/tomcat-embed-core-10.1.20.pom
2026-04-01 13:20:29,939 [Worker-17: Building] INFO  o.e.m.c.i.e.AbstractTransferListenerAdapter - Downloaded https://repo.maven.apache.org/maven2/org/apache/tomcat/embed/tomcat-embed-core/10.1.20/tomcat-embed-core-10.1.20.pom
2026-04-01 13:20:29,968 [Worker-17: Building] INFO  o.e.m.c.i.e.AbstractTransferListenerAdapter - Downloading https://repo.maven.apache.org/maven2/org/apache/tomcat/embed/tomcat-embed-el/10.1.20/tomcat-embed-el-10.1.20.pom
2026-04-01 13:20:29,973 [Worker-17: Building] INFO  o.e.m.c.i.e.AbstractTransferListenerAdapter - Downloaded https://repo.maven.apache.org/maven2/org/apache/tomcat/embed/tomcat-embed-el/10.1.20/tomcat-embed-el-10.1.20.pom
2026-04-01 13:20:30,004 [Worker-17: Building] INFO  o.e.m.c.i.e.AbstractTransferListenerAdapter - Downloading https://repo.maven.apache.org/maven2/org/apache/tomcat/embed/tomcat-embed-websocket/10.1.20/tomcat-embed-websocket-10.1.20.pom
2026-04-01 13:20:30,009 [Worker-17: Building] INFO  o.e.m.c.i.e.AbstractTransferListenerAdapter - Downloaded https://repo.maven.apache.org/maven2/org/apache/tomcat/embed/tomcat-embed-websocket/10.1.20/tomcat-embed-websocket-10.1.20.pom
2026-04-01 13:20:30,039 [Worker-17: Building] INFO  o.e.m.c.i.e.AbstractTransferListenerAdapter - Downloading https://repo.maven.apache.org/maven2/org/springframework/spring-webmvc/6.1.6/spring-webmvc-6.1.6.pom
2026-04-01 13:20:30,044 [Worker-17: Building] INFO  o.e.m.c.i.e.AbstractTransferListenerAdapter - Downloaded https://repo.maven.apache.org/maven2/org/springframework/spring-webmvc/6.1.6/spring-webmvc-6.1.6.pom
2026-04-01 13:20:30,073 [Worker-17: Building] INFO  o.e.m.c.i.e.AbstractTransferListenerAdapter - Downloading https://repo.maven.apache.org/maven2/org/springframework/boot/spring-boot-starter-data-jpa/3.2.5/spring-boot-starter-data-jpa-3.2.5.pom
2026-04-01 13:20:30,078 [Worker-17: Building] INFO  o.e.m.c.i.e.AbstractTransferListenerAdapter - Downloaded https://repo.maven.apache.org/maven2/org/springframework/boot/spring-boot-starter-data-jpa/3.2.5/spring-boot-starter-data-jpa-3.2.5.pom
2026-04-01 13:20:30,108 [Worker-17: Building] INFO  o.e.m.c.i.e.AbstractTransferListenerAdapter - Downloading https://repo.maven.apache.org/maven2/org/springframework/boot/spring-boot-starter-aop/3.2.5/spring-boot-starter-aop-3.2.5.pom
2026-04-01 13:20:30,112 [Worker-17: Building] INFO  o.e.m.c.i.e.AbstractTransferListenerAdapter - Downloaded https://repo.maven.apache.org/maven2/org/springframework/boot/spring-boot-starter-aop/3.2.5/spring-boot-starter-aop-3.2.5.pom
2026-04-01 13:20:30,140 [Worker-17: Building] INFO  o.e.m.c.i.e.AbstractTransferListenerAdapter - Downloading https://repo.maven.apache.org/maven2/org/aspectj/aspectjweaver/1.9.22/aspectjweaver-1.9.22.pom
2026-04-01 13:20:30,146 [Worker-17: Building] INFO  o.e.m.c.i.e.AbstractTransferListenerAdapter - Downloaded https://repo.maven.apache.org/maven2/org/aspectj/aspectjweaver/1.9.22/aspectjweaver-1.9.22.pom
2026-04-01 13:20:30,175 [Worker-17: Building] INFO  o.e.m.c.i.e.AbstractTransferListenerAdapter - Downloading https://repo.maven.apache.org/maven2/org/springframework/boot/spring-boot-starter-jdbc/3.2.5/spring-boot-starter-jdbc-3.2.5.pom
2026-04-01 13:20:30,179 [Worker-17: Building] INFO  o.e.m.c.i.e.AbstractTransferListenerAdapter - Downloaded https://repo.maven.apache.org/maven2/org/springframework/boot/spring-boot-starter-jdbc/3.2.5/spring-boot-starter-jdbc-3.2.5.pom
2026-04-01 13:20:30,209 [Worker-17: Building] INFO  o.e.m.c.i.e.AbstractTransferListenerAdapter - Downloading https://repo.maven.apache.org/maven2/com/zaxxer/HikariCP/5.0.1/HikariCP-5.0.1.pom
2026-04-01 13:20:30,215 [Worker-17: Building] INFO  o.e.m.c.i.e.AbstractTransferListenerAdapter - Downloaded https://repo.maven.apache.org/maven2/com/zaxxer/HikariCP/5.0.1/HikariCP-5.0.1.pom
2026-04-01 13:20:30,242 [Worker-17: Building] INFO  o.e.m.c.i.e.AbstractTransferListenerAdapter - Downloading https://repo.maven.apache.org/maven2/org/springframework/spring-jdbc/6.1.6/spring-jdbc-6.1.6.pom
2026-04-01 13:20:30,248 [Worker-17: Building] INFO  o.e.m.c.i.e.AbstractTransferListenerAdapter - Downloaded https://repo.maven.apache.org/maven2/org/springframework/spring-jdbc/6.1.6/spring-jdbc-6.1.6.pom
2026-04-01 13:20:30,274 [Worker-17: Building] INFO  o.e.m.c.i.e.AbstractTransferListenerAdapter - Downloading https://repo.maven.apache.org/maven2/org/springframework/spring-tx/6.1.6/spring-tx-6.1.6.pom
2026-04-01 13:20:30,278 [Worker-17: Building] INFO  o.e.m.c.i.e.AbstractTransferListenerAdapter - Downloaded https://repo.maven.apache.org/maven2/org/springframework/spring-tx/6.1.6/spring-tx-6.1.6.pom
2026-04-01 13:20:30,307 [Worker-17: Building] INFO  o.e.m.c.i.e.AbstractTransferListenerAdapter - Downloading https://repo.maven.apache.org/maven2/org/hibernate/orm/hibernate-core/6.4.4.Final/hibernate-core-6.4.4.Final.pom
2026-04-01 13:20:30,314 [Worker-17: Building] INFO  o.e.m.c.i.e.AbstractTransferListenerAdapter - Downloaded https://repo.maven.apache.org/maven2/org/hibernate/orm/hibernate-core/6.4.4.Final/hibernate-core-6.4.4.Final.pom
2026-04-01 13:20:30,345 [Worker-17: Building] INFO  o.e.m.c.i.e.AbstractTransferListenerAdapter - Downloading https://repo.maven.apache.org/maven2/jakarta/persistence/jakarta.persistence-api/3.1.0/jakarta.persistence-api-3.1.0.pom
2026-04-01 13:20:30,353 [Worker-17: Building] INFO  o.e.m.c.i.e.AbstractTransferListenerAdapter - Downloaded https://repo.maven.apache.org/maven2/jakarta/persistence/jakarta.persistence-api/3.1.0/jakarta.persistence-api-3.1.0.pom
2026-04-01 13:20:30,388 [Worker-17: Building] INFO  o.e.m.c.i.e.AbstractTransferListenerAdapter - Downloading https://repo.maven.apache.org/maven2/jakarta/transaction/jakarta.transaction-api/2.0.1/jakarta.transaction-api-2.0.1.pom
2026-04-01 13:20:30,395 [Worker-17: Building] INFO  o.e.m.c.i.e.AbstractTransferListenerAdapter - Downloaded https://repo.maven.apache.org/maven2/jakarta/transaction/jakarta.transaction-api/2.0.1/jakarta.transaction-api-2.0.1.pom
2026-04-01 13:20:30,403 [Worker-17: Building] INFO  o.e.a.i.i.DefaultArtifactResolver - Artifact org.eclipse.ee4j:project:pom:1.0.6 is present in the local repository, but cached from a remote repository ID that is unavailable in current build context, verifying that is downloadable from [central (https://repo.maven.apache.org/maven2, default, releases)]
2026-04-01 13:20:30,406 [Worker-17: Building] INFO  o.e.a.i.i.DefaultArtifactResolver - Artifact org.eclipse.ee4j:project:pom:1.0.6 is present in the local repository, but cached from a remote repository ID that is unavailable in current build context, verifying that is downloadable from [central (https://repo.maven.apache.org/maven2, default, releases)]
2026-04-01 13:20:30,427 [Worker-17: Building] INFO  o.e.m.c.i.e.AbstractTransferListenerAdapter - Downloaded https://repo.maven.apache.org/maven2/org/eclipse/ee4j/project/1.0.6/project-1.0.6.pom
2026-04-01 13:20:30,458 [Worker-17: Building] INFO  o.e.m.c.i.e.AbstractTransferListenerAdapter - Downloading https://repo.maven.apache.org/maven2/org/jboss/logging/jboss-logging/3.5.3.Final/jboss-logging-3.5.3.Final.pom
2026-04-01 13:20:30,463 [Worker-17: Building] INFO  o.e.m.c.i.e.AbstractTransferListenerAdapter - Downloaded https://repo.maven.apache.org/maven2/org/jboss/logging/jboss-logging/3.5.3.Final/jboss-logging-3.5.3.Final.pom
2026-04-01 13:20:30,494 [Worker-17: Building] INFO  o.e.m.c.i.e.AbstractTransferListenerAdapter - Downloading https://repo.maven.apache.org/maven2/org/jboss/logging/logging-parent/1.0.1.Final/logging-parent-1.0.1.Final.pom
2026-04-01 13:20:30,499 [Worker-17: Building] INFO  o.e.m.c.i.e.AbstractTransferListenerAdapter - Downloaded https://repo.maven.apache.org/maven2/org/jboss/logging/logging-parent/1.0.1.Final/logging-parent-1.0.1.Final.pom
2026-04-01 13:20:30,531 [Worker-17: Building] INFO  o.e.m.c.i.e.AbstractTransferListenerAdapter - Downloading https://repo.maven.apache.org/maven2/org/hibernate/common/hibernate-commons-annotations/6.0.6.Final/hibernate-commons-annotations-6.0.6.Final.pom
2026-04-01 13:20:30,537 [Worker-17: Building] INFO  o.e.m.c.i.e.AbstractTransferListenerAdapter - Downloaded https://repo.maven.apache.org/maven2/org/hibernate/common/hibernate-commons-annotations/6.0.6.Final/hibernate-commons-annotations-6.0.6.Final.pom
2026-04-01 13:20:30,572 [Worker-17: Building] INFO  o.e.m.c.i.e.AbstractTransferListenerAdapter - Downloading https://repo.maven.apache.org/maven2/io/smallrye/jandex/3.1.2/jandex-3.1.2.pom
2026-04-01 13:20:30,577 [Worker-17: Building] INFO  o.e.m.c.i.e.AbstractTransferListenerAdapter - Downloaded https://repo.maven.apache.org/maven2/io/smallrye/jandex/3.1.2/jandex-3.1.2.pom
2026-04-01 13:20:30,603 [Worker-17: Building] INFO  o.e.m.c.i.e.AbstractTransferListenerAdapter - Downloading https://repo.maven.apache.org/maven2/io/smallrye/jandex-parent/3.1.2/jandex-parent-3.1.2.pom
2026-04-01 13:20:30,608 [Worker-17: Building] INFO  o.e.m.c.i.e.AbstractTransferListenerAdapter - Downloaded https://repo.maven.apache.org/maven2/io/smallrye/jandex-parent/3.1.2/jandex-parent-3.1.2.pom
2026-04-01 13:20:30,648 [Worker-17: Building] INFO  o.e.m.c.i.e.AbstractTransferListenerAdapter - Downloading https://repo.maven.apache.org/maven2/io/smallrye/smallrye-build-parent/39/smallrye-build-parent-39.pom
2026-04-01 13:20:30,654 [Worker-17: Building] INFO  o.e.m.c.i.e.AbstractTransferListenerAdapter - Downloaded https://repo.maven.apache.org/maven2/io/smallrye/smallrye-build-parent/39/smallrye-build-parent-39.pom
2026-04-01 13:20:30,679 [Worker-17: Building] INFO  o.e.m.c.i.e.AbstractTransferListenerAdapter - Downloading https://repo.maven.apache.org/maven2/com/fasterxml/classmate/1.6.0/classmate-1.6.0.pom
2026-04-01 13:20:30,686 [Worker-17: Building] INFO  o.e.m.c.i.e.AbstractTransferListenerAdapter - Downloaded https://repo.maven.apache.org/maven2/com/fasterxml/classmate/1.6.0/classmate-1.6.0.pom
2026-04-01 13:20:30,715 [Worker-17: Building] INFO  o.e.m.c.i.e.AbstractTransferListenerAdapter - Downloading https://repo.maven.apache.org/maven2/com/fasterxml/oss-parent/55/oss-parent-55.pom
2026-04-01 13:20:30,723 [Worker-17: Building] INFO  o.e.m.c.i.e.AbstractTransferListenerAdapter - Downloaded https://repo.maven.apache.org/maven2/com/fasterxml/oss-parent/55/oss-parent-55.pom
2026-04-01 13:20:30,754 [Worker-17: Building] INFO  o.e.m.c.i.e.AbstractTransferListenerAdapter - Downloading https://repo.maven.apache.org/maven2/net/bytebuddy/byte-buddy/1.14.13/byte-buddy-1.14.13.pom
2026-04-01 13:20:30,762 [Worker-17: Building] INFO  o.e.m.c.i.e.AbstractTransferListenerAdapter - Downloaded https://repo.maven.apache.org/maven2/net/bytebuddy/byte-buddy/1.14.13/byte-buddy-1.14.13.pom
2026-04-01 13:20:30,801 [Worker-17: Building] INFO  o.e.m.c.i.e.AbstractTransferListenerAdapter - Downloading https://repo.maven.apache.org/maven2/net/bytebuddy/byte-buddy-parent/1.14.13/byte-buddy-parent-1.14.13.pom
2026-04-01 13:20:30,807 [Worker-17: Building] INFO  o.e.m.c.i.e.AbstractTransferListenerAdapter - Downloaded https://repo.maven.apache.org/maven2/net/bytebuddy/byte-buddy-parent/1.14.13/byte-buddy-parent-1.14.13.pom
2026-04-01 13:20:30,814 [Worker-17: Building] INFO  o.e.a.i.i.DefaultArtifactResolver - Artifact jakarta.xml.bind:jakarta.xml.bind-api:pom:4.0.2 is present in the local repository, but cached from a remote repository ID that is unavailable in current build context, verifying that is downloadable from [central (https://repo.maven.apache.org/maven2, default, releases)]
2026-04-01 13:20:30,816 [Worker-17: Building] INFO  o.e.a.i.i.DefaultArtifactResolver - Artifact jakarta.xml.bind:jakarta.xml.bind-api:pom:4.0.2 is present in the local repository, but cached from a remote repository ID that is unavailable in current build context, verifying that is downloadable from [central (https://repo.maven.apache.org/maven2, default, releases)]
2026-04-01 13:20:30,839 [Worker-17: Building] INFO  o.e.m.c.i.e.AbstractTransferListenerAdapter - Downloaded https://repo.maven.apache.org/maven2/jakarta/xml/bind/jakarta.xml.bind-api/4.0.2/jakarta.xml.bind-api-4.0.2.pom
2026-04-01 13:20:30,848 [Worker-17: Building] INFO  o.e.a.i.i.DefaultArtifactResolver - Artifact jakarta.xml.bind:jakarta.xml.bind-api-parent:pom:4.0.2 is present in the local repository, but cached from a remote repository ID that is unavailable in current build context, verifying that is downloadable from [central (https://repo.maven.apache.org/maven2, default, releases)]
2026-04-01 13:20:30,852 [Worker-17: Building] INFO  o.e.a.i.i.DefaultArtifactResolver - Artifact jakarta.xml.bind:jakarta.xml.bind-api-parent:pom:4.0.2 is present in the local repository, but cached from a remote repository ID that is unavailable in current build context, verifying that is downloadable from [central (https://repo.maven.apache.org/maven2, default, releases)]
2026-04-01 13:20:30,875 [Worker-17: Building] INFO  o.e.m.c.i.e.AbstractTransferListenerAdapter - Downloaded https://repo.maven.apache.org/maven2/jakarta/xml/bind/jakarta.xml.bind-api-parent/4.0.2/jakarta.xml.bind-api-parent-4.0.2.pom
2026-04-01 13:20:30,890 [Worker-17: Building] INFO  o.e.a.i.i.DefaultArtifactResolver - Artifact jakarta.activation:jakarta.activation-api:pom:2.1.3 is present in the local repository, but cached from a remote repository ID that is unavailable in current build context, verifying that is downloadable from [central (https://repo.maven.apache.org/maven2, default, releases)]
2026-04-01 13:20:30,892 [Worker-17: Building] INFO  o.e.a.i.i.DefaultArtifactResolver - Artifact jakarta.activation:jakarta.activation-api:pom:2.1.3 is present in the local repository, but cached from a remote repository ID that is unavailable in current build context, verifying that is downloadable from [central (https://repo.maven.apache.org/maven2, default, releases)]
2026-04-01 13:20:30,922 [Worker-17: Building] INFO  o.e.m.c.i.e.AbstractTransferListenerAdapter - Downloaded https://repo.maven.apache.org/maven2/jakarta/activation/jakarta.activation-api/2.1.3/jakarta.activation-api-2.1.3.pom
2026-04-01 13:20:30,952 [Worker-17: Building] INFO  o.e.m.c.i.e.AbstractTransferListenerAdapter - Downloading https://repo.maven.apache.org/maven2/org/glassfish/jaxb/jaxb-runtime/4.0.5/jaxb-runtime-4.0.5.pom
2026-04-01 13:20:30,956 [Worker-17: Building] INFO  o.e.m.c.i.e.AbstractTransferListenerAdapter - Downloaded https://repo.maven.apache.org/maven2/org/glassfish/jaxb/jaxb-runtime/4.0.5/jaxb-runtime-4.0.5.pom
2026-04-01 13:20:30,982 [Worker-17: Building] INFO  o.e.m.c.i.e.AbstractTransferListenerAdapter - Downloading https://repo.maven.apache.org/maven2/com/sun/xml/bind/mvn/jaxb-runtime-parent/4.0.5/jaxb-runtime-parent-4.0.5.pom
2026-04-01 13:20:30,987 [Worker-17: Building] INFO  o.e.m.c.i.e.AbstractTransferListenerAdapter - Downloaded https://repo.maven.apache.org/maven2/com/sun/xml/bind/mvn/jaxb-runtime-parent/4.0.5/jaxb-runtime-parent-4.0.5.pom
2026-04-01 13:20:31,016 [Worker-17: Building] INFO  o.e.m.c.i.e.AbstractTransferListenerAdapter - Downloading https://repo.maven.apache.org/maven2/com/sun/xml/bind/mvn/jaxb-parent/4.0.5/jaxb-parent-4.0.5.pom
2026-04-01 13:20:31,022 [Worker-17: Building] INFO  o.e.m.c.i.e.AbstractTransferListenerAdapter - Downloaded https://repo.maven.apache.org/maven2/com/sun/xml/bind/mvn/jaxb-parent/4.0.5/jaxb-parent-4.0.5.pom
2026-04-01 13:20:31,054 [Worker-17: Building] INFO  o.e.m.c.i.e.AbstractTransferListenerAdapter - Downloading https://repo.maven.apache.org/maven2/com/sun/xml/bind/jaxb-bom-ext/4.0.5/jaxb-bom-ext-4.0.5.pom
2026-04-01 13:20:31,058 [Worker-17: Building] INFO  o.e.m.c.i.e.AbstractTransferListenerAdapter - Downloaded https://repo.maven.apache.org/maven2/com/sun/xml/bind/jaxb-bom-ext/4.0.5/jaxb-bom-ext-4.0.5.pom
2026-04-01 13:20:31,089 [Worker-17: Building] INFO  o.e.m.c.i.e.AbstractTransferListenerAdapter - Downloading https://repo.maven.apache.org/maven2/org/glassfish/jaxb/jaxb-core/4.0.5/jaxb-core-4.0.5.pom
2026-04-01 13:20:31,093 [Worker-17: Building] INFO  o.e.m.c.i.e.AbstractTransferListenerAdapter - Downloaded https://repo.maven.apache.org/maven2/org/glassfish/jaxb/jaxb-core/4.0.5/jaxb-core-4.0.5.pom
2026-04-01 13:20:31,120 [Worker-17: Building] INFO  o.e.m.c.i.e.AbstractTransferListenerAdapter - Downloading https://repo.maven.apache.org/maven2/org/eclipse/angus/angus-activation/2.0.2/angus-activation-2.0.2.pom
2026-04-01 13:20:31,126 [Worker-17: Building] INFO  o.e.m.c.i.e.AbstractTransferListenerAdapter - Downloaded https://repo.maven.apache.org/maven2/org/eclipse/angus/angus-activation/2.0.2/angus-activation-2.0.2.pom
2026-04-01 13:20:31,159 [Worker-17: Building] INFO  o.e.m.c.i.e.AbstractTransferListenerAdapter - Downloading https://repo.maven.apache.org/maven2/org/eclipse/angus/angus-activation-project/2.0.2/angus-activation-project-2.0.2.pom
2026-04-01 13:20:31,164 [Worker-17: Building] INFO  o.e.m.c.i.e.AbstractTransferListenerAdapter - Downloaded https://repo.maven.apache.org/maven2/org/eclipse/angus/angus-activation-project/2.0.2/angus-activation-project-2.0.2.pom
2026-04-01 13:20:31,190 [Worker-17: Building] INFO  o.e.m.c.i.e.AbstractTransferListenerAdapter - Downloading https://repo.maven.apache.org/maven2/org/glassfish/jaxb/txw2/4.0.5/txw2-4.0.5.pom
2026-04-01 13:20:31,195 [Worker-17: Building] INFO  o.e.m.c.i.e.AbstractTransferListenerAdapter - Downloaded https://repo.maven.apache.org/maven2/org/glassfish/jaxb/txw2/4.0.5/txw2-4.0.5.pom
2026-04-01 13:20:31,224 [Worker-17: Building] INFO  o.e.m.c.i.e.AbstractTransferListenerAdapter - Downloading https://repo.maven.apache.org/maven2/com/sun/xml/bind/mvn/jaxb-txw-parent/4.0.5/jaxb-txw-parent-4.0.5.pom
2026-04-01 13:20:31,229 [Worker-17: Building] INFO  o.e.m.c.i.e.AbstractTransferListenerAdapter - Downloaded https://repo.maven.apache.org/maven2/com/sun/xml/bind/mvn/jaxb-txw-parent/4.0.5/jaxb-txw-parent-4.0.5.pom
2026-04-01 13:20:31,266 [Worker-17: Building] INFO  o.e.m.c.i.e.AbstractTransferListenerAdapter - Downloading https://repo.maven.apache.org/maven2/com/sun/istack/istack-commons-runtime/4.1.2/istack-commons-runtime-4.1.2.pom
2026-04-01 13:20:31,272 [Worker-17: Building] INFO  o.e.m.c.i.e.AbstractTransferListenerAdapter - Downloaded https://repo.maven.apache.org/maven2/com/sun/istack/istack-commons-runtime/4.1.2/istack-commons-runtime-4.1.2.pom
2026-04-01 13:20:31,305 [Worker-17: Building] INFO  o.e.m.c.i.e.AbstractTransferListenerAdapter - Downloading https://repo.maven.apache.org/maven2/com/sun/istack/istack-commons/4.1.2/istack-commons-4.1.2.pom
2026-04-01 13:20:31,310 [Worker-17: Building] INFO  o.e.m.c.i.e.AbstractTransferListenerAdapter - Downloaded https://repo.maven.apache.org/maven2/com/sun/istack/istack-commons/4.1.2/istack-commons-4.1.2.pom
2026-04-01 13:20:31,343 [Worker-17: Building] INFO  o.e.m.c.i.e.AbstractTransferListenerAdapter - Downloading https://repo.maven.apache.org/maven2/jakarta/inject/jakarta.inject-api/2.0.1/jakarta.inject-api-2.0.1.pom
2026-04-01 13:20:31,347 [Worker-17: Building] INFO  o.e.m.c.i.e.AbstractTransferListenerAdapter - Downloaded https://repo.maven.apache.org/maven2/jakarta/inject/jakarta.inject-api/2.0.1/jakarta.inject-api-2.0.1.pom
2026-04-01 13:20:31,382 [Worker-17: Building] INFO  o.e.m.c.i.e.AbstractTransferListenerAdapter - Downloading https://repo.maven.apache.org/maven2/org/antlr/antlr4-runtime/4.13.0/antlr4-runtime-4.13.0.pom
2026-04-01 13:20:31,386 [Worker-17: Building] INFO  o.e.m.c.i.e.AbstractTransferListenerAdapter - Downloaded https://repo.maven.apache.org/maven2/org/antlr/antlr4-runtime/4.13.0/antlr4-runtime-4.13.0.pom
2026-04-01 13:20:31,412 [Worker-17: Building] INFO  o.e.m.c.i.e.AbstractTransferListenerAdapter - Downloading https://repo.maven.apache.org/maven2/org/antlr/antlr4-master/4.13.0/antlr4-master-4.13.0.pom
2026-04-01 13:20:31,419 [Worker-17: Building] INFO  o.e.m.c.i.e.AbstractTransferListenerAdapter - Downloaded https://repo.maven.apache.org/maven2/org/antlr/antlr4-master/4.13.0/antlr4-master-4.13.0.pom
2026-04-01 13:20:31,449 [Worker-17: Building] INFO  o.e.m.c.i.e.AbstractTransferListenerAdapter - Downloading https://repo.maven.apache.org/maven2/org/springframework/data/spring-data-jpa/3.2.5/spring-data-jpa-3.2.5.pom
2026-04-01 13:20:31,458 [Worker-17: Building] INFO  o.e.m.c.i.e.AbstractTransferListenerAdapter - Downloaded https://repo.maven.apache.org/maven2/org/springframework/data/spring-data-jpa/3.2.5/spring-data-jpa-3.2.5.pom
2026-04-01 13:20:31,488 [Worker-17: Building] INFO  o.e.m.c.i.e.AbstractTransferListenerAdapter - Downloading https://repo.maven.apache.org/maven2/org/springframework/data/spring-data-jpa-parent/3.2.5/spring-data-jpa-parent-3.2.5.pom
2026-04-01 13:20:31,494 [Worker-17: Building] INFO  o.e.m.c.i.e.AbstractTransferListenerAdapter - Downloaded https://repo.maven.apache.org/maven2/org/springframework/data/spring-data-jpa-parent/3.2.5/spring-data-jpa-parent-3.2.5.pom
2026-04-01 13:20:31,535 [Worker-17: Building] INFO  o.e.m.c.i.e.AbstractTransferListenerAdapter - Downloading https://repo.maven.apache.org/maven2/org/springframework/data/build/spring-data-parent/3.2.5/spring-data-parent-3.2.5.pom
2026-04-01 13:20:31,541 [Worker-17: Building] INFO  o.e.m.c.i.e.AbstractTransferListenerAdapter - Downloaded https://repo.maven.apache.org/maven2/org/springframework/data/build/spring-data-parent/3.2.5/spring-data-parent-3.2.5.pom
2026-04-01 13:20:31,571 [Worker-17: Building] INFO  o.e.m.c.i.e.AbstractTransferListenerAdapter - Downloading https://repo.maven.apache.org/maven2/org/springframework/data/build/spring-data-build/3.2.5/spring-data-build-3.2.5.pom
2026-04-01 13:20:31,576 [Worker-17: Building] INFO  o.e.m.c.i.e.AbstractTransferListenerAdapter - Downloaded https://repo.maven.apache.org/maven2/org/springframework/data/build/spring-data-build/3.2.5/spring-data-build-3.2.5.pom
2026-04-01 13:20:31,626 [Worker-17: Building] INFO  o.e.m.c.i.e.AbstractTransferListenerAdapter - Downloading https://repo.maven.apache.org/maven2/org/springframework/data/spring-data-commons/3.2.5/spring-data-commons-3.2.5.pom
2026-04-01 13:20:31,632 [Worker-17: Building] INFO  o.e.m.c.i.e.AbstractTransferListenerAdapter - Downloaded https://repo.maven.apache.org/maven2/org/springframework/data/spring-data-commons/3.2.5/spring-data-commons-3.2.5.pom
2026-04-01 13:20:31,661 [Worker-17: Building] INFO  o.e.m.c.i.e.AbstractTransferListenerAdapter - Downloading https://repo.maven.apache.org/maven2/org/springframework/spring-orm/6.1.6/spring-orm-6.1.6.pom
2026-04-01 13:20:31,667 [Worker-17: Building] INFO  o.e.m.c.i.e.AbstractTransferListenerAdapter - Downloaded https://repo.maven.apache.org/maven2/org/springframework/spring-orm/6.1.6/spring-orm-6.1.6.pom
2026-04-01 13:20:31,701 [Worker-17: Building] INFO  o.e.m.c.i.e.AbstractTransferListenerAdapter - Downloading https://repo.maven.apache.org/maven2/org/springframework/spring-aspects/6.1.6/spring-aspects-6.1.6.pom
2026-04-01 13:20:31,706 [Worker-17: Building] INFO  o.e.m.c.i.e.AbstractTransferListenerAdapter - Downloaded https://repo.maven.apache.org/maven2/org/springframework/spring-aspects/6.1.6/spring-aspects-6.1.6.pom
2026-04-01 13:20:31,732 [Worker-17: Building] INFO  o.e.m.c.i.e.AbstractTransferListenerAdapter - Downloading https://repo.maven.apache.org/maven2/org/springframework/boot/spring-boot-starter-validation/3.2.5/spring-boot-starter-validation-3.2.5.pom
2026-04-01 13:20:31,737 [Worker-17: Building] INFO  o.e.m.c.i.e.AbstractTransferListenerAdapter - Downloaded https://repo.maven.apache.org/maven2/org/springframework/boot/spring-boot-starter-validation/3.2.5/spring-boot-starter-validation-3.2.5.pom
2026-04-01 13:20:31,762 [Worker-17: Building] INFO  o.e.m.c.i.e.AbstractTransferListenerAdapter - Downloading https://repo.maven.apache.org/maven2/org/hibernate/validator/hibernate-validator/8.0.1.Final/hibernate-validator-8.0.1.Final.pom
2026-04-01 13:20:31,769 [Worker-17: Building] INFO  o.e.m.c.i.e.AbstractTransferListenerAdapter - Downloaded https://repo.maven.apache.org/maven2/org/hibernate/validator/hibernate-validator/8.0.1.Final/hibernate-validator-8.0.1.Final.pom
2026-04-01 13:20:31,797 [Worker-17: Building] INFO  o.e.m.c.i.e.AbstractTransferListenerAdapter - Downloading https://repo.maven.apache.org/maven2/org/hibernate/validator/hibernate-validator-parent/8.0.1.Final/hibernate-validator-parent-8.0.1.Final.pom
2026-04-01 13:20:31,806 [Worker-17: Building] INFO  o.e.m.c.i.e.AbstractTransferListenerAdapter - Downloaded https://repo.maven.apache.org/maven2/org/hibernate/validator/hibernate-validator-parent/8.0.1.Final/hibernate-validator-parent-8.0.1.Final.pom
2026-04-01 13:20:31,815 [Worker-17: Building] INFO  o.e.a.i.i.DefaultArtifactResolver - Artifact org.jboss.arquillian:arquillian-bom:pom:1.7.0.Alpha10 is present in the local repository, but cached from a remote repository ID that is unavailable in current build context, verifying that is downloadable from [central (https://repo.maven.apache.org/maven2, default, releases)]
2026-04-01 13:20:31,818 [Worker-17: Building] INFO  o.e.a.i.i.DefaultArtifactResolver - Artifact org.jboss.arquillian:arquillian-bom:pom:1.7.0.Alpha10 is present in the local repository, but cached from a remote repository ID that is unavailable in current build context, verifying that is downloadable from [central (https://repo.maven.apache.org/maven2, default, releases)]
2026-04-01 13:20:31,836 [Worker-17: Building] INFO  o.e.m.c.i.e.AbstractTransferListenerAdapter - Downloaded https://repo.maven.apache.org/maven2/org/jboss/arquillian/arquillian-bom/1.7.0.Alpha10/arquillian-bom-1.7.0.Alpha10.pom
2026-04-01 13:20:31,845 [Worker-17: Building] INFO  o.e.a.i.i.DefaultArtifactResolver - Artifact org.jboss.shrinkwrap:shrinkwrap-bom:pom:1.2.6 is present in the local repository, but cached from a remote repository ID that is unavailable in current build context, verifying that is downloadable from [central (https://repo.maven.apache.org/maven2, default, releases)]
2026-04-01 13:20:31,847 [Worker-17: Building] INFO  o.e.a.i.i.DefaultArtifactResolver - Artifact org.jboss.shrinkwrap:shrinkwrap-bom:pom:1.2.6 is present in the local repository, but cached from a remote repository ID that is unavailable in current build context, verifying that is downloadable from [central (https://repo.maven.apache.org/maven2, default, releases)]
2026-04-01 13:20:31,867 [Worker-17: Building] INFO  o.e.m.c.i.e.AbstractTransferListenerAdapter - Downloaded https://repo.maven.apache.org/maven2/org/jboss/shrinkwrap/shrinkwrap-bom/1.2.6/shrinkwrap-bom-1.2.6.pom
2026-04-01 13:20:31,874 [Worker-17: Building] INFO  o.e.a.i.i.DefaultArtifactResolver - Artifact org.jboss.shrinkwrap.resolver:shrinkwrap-resolver-bom:pom:3.1.4 is present in the local repository, but cached from a remote repository ID that is unavailable in current build context, verifying that is downloadable from [central (https://repo.maven.apache.org/maven2, default, releases)]
2026-04-01 13:20:31,876 [Worker-17: Building] INFO  o.e.a.i.i.DefaultArtifactResolver - Artifact org.jboss.shrinkwrap.resolver:shrinkwrap-resolver-bom:pom:3.1.4 is present in the local repository, but cached from a remote repository ID that is unavailable in current build context, verifying that is downloadable from [central (https://repo.maven.apache.org/maven2, default, releases)]
2026-04-01 13:20:31,898 [Worker-17: Building] INFO  o.e.m.c.i.e.AbstractTransferListenerAdapter - Downloaded https://repo.maven.apache.org/maven2/org/jboss/shrinkwrap/resolver/shrinkwrap-resolver-bom/3.1.4/shrinkwrap-resolver-bom-3.1.4.pom
2026-04-01 13:20:31,915 [Worker-17: Building] INFO  o.e.a.i.i.DefaultArtifactResolver - Artifact org.jboss.shrinkwrap.descriptors:shrinkwrap-descriptors-bom:pom:2.0.0 is present in the local repository, but cached from a remote repository ID that is unavailable in current build context, verifying that is downloadable from [central (https://repo.maven.apache.org/maven2, default, releases)]
2026-04-01 13:20:31,918 [Worker-17: Building] INFO  o.e.a.i.i.DefaultArtifactResolver - Artifact org.jboss.shrinkwrap.descriptors:shrinkwrap-descriptors-bom:pom:2.0.0 is present in the local repository, but cached from a remote repository ID that is unavailable in current build context, verifying that is downloadable from [central (https://repo.maven.apache.org/maven2, default, releases)]
2026-04-01 13:20:31,938 [Worker-17: Building] INFO  o.e.m.c.i.e.AbstractTransferListenerAdapter - Downloaded https://repo.maven.apache.org/maven2/org/jboss/shrinkwrap/descriptors/shrinkwrap-descriptors-bom/2.0.0/shrinkwrap-descriptors-bom-2.0.0.pom
2026-04-01 13:20:31,948 [Worker-17: Building] INFO  o.e.a.i.i.DefaultArtifactResolver - Artifact jakarta.validation:jakarta.validation-api:pom:3.0.2 is present in the local repository, but cached from a remote repository ID that is unavailable in current build context, verifying that is downloadable from [central (https://repo.maven.apache.org/maven2, default, releases)]
2026-04-01 13:20:31,952 [Worker-17: Building] INFO  o.e.a.i.i.DefaultArtifactResolver - Artifact jakarta.validation:jakarta.validation-api:pom:3.0.2 is present in the local repository, but cached from a remote repository ID that is unavailable in current build context, verifying that is downloadable from [central (https://repo.maven.apache.org/maven2, default, releases)]
2026-04-01 13:20:31,974 [Worker-17: Building] INFO  o.e.m.c.i.e.AbstractTransferListenerAdapter - Downloaded https://repo.maven.apache.org/maven2/jakarta/validation/jakarta.validation-api/3.0.2/jakarta.validation-api-3.0.2.pom
2026-04-01 13:20:31,985 [Worker-17: Building] INFO  o.e.a.i.i.DefaultArtifactResolver - Artifact org.mariadb.jdbc:mariadb-java-client:pom:3.3.3 is present in the local repository, but cached from a remote repository ID that is unavailable in current build context, verifying that is downloadable from [central (https://repo.maven.apache.org/maven2, default, releases)]
2026-04-01 13:20:31,987 [Worker-17: Building] INFO  o.e.a.i.i.DefaultArtifactResolver - Artifact org.mariadb.jdbc:mariadb-java-client:pom:3.3.3 is present in the local repository, but cached from a remote repository ID that is unavailable in current build context, verifying that is downloadable from [central (https://repo.maven.apache.org/maven2, default, releases)]
2026-04-01 13:20:32,022 [Worker-17: Building] INFO  o.e.m.c.i.e.AbstractTransferListenerAdapter - Downloaded https://repo.maven.apache.org/maven2/org/mariadb/jdbc/mariadb-java-client/3.3.3/mariadb-java-client-3.3.3.pom
2026-04-01 13:20:32,029 [Worker-17: Building] INFO  o.e.a.i.i.DefaultArtifactResolver - Artifact org.junit:junit-bom:pom:5.7.0 is present in the local repository, but cached from a remote repository ID that is unavailable in current build context, verifying that is downloadable from [central (https://repo.maven.apache.org/maven2, default, releases)]
2026-04-01 13:20:32,031 [Worker-17: Building] INFO  o.e.a.i.i.DefaultArtifactResolver - Artifact org.junit:junit-bom:pom:5.7.0 is present in the local repository, but cached from a remote repository ID that is unavailable in current build context, verifying that is downloadable from [central (https://repo.maven.apache.org/maven2, default, releases)]
2026-04-01 13:20:32,053 [Worker-17: Building] INFO  o.e.m.c.i.e.AbstractTransferListenerAdapter - Downloaded https://repo.maven.apache.org/maven2/org/junit/junit-bom/5.7.0/junit-bom-5.7.0.pom
2026-04-01 13:20:32,059 [Worker-17: Building] INFO  o.e.a.i.i.DefaultArtifactResolver - Artifact software.amazon.awssdk:bom:pom:2.21.1 is present in the local repository, but cached from a remote repository ID that is unavailable in current build context, verifying that is downloadable from [central (https://repo.maven.apache.org/maven2, default, releases)]
2026-04-01 13:20:32,061 [Worker-17: Building] INFO  o.e.a.i.i.DefaultArtifactResolver - Artifact software.amazon.awssdk:bom:pom:2.21.1 is present in the local repository, but cached from a remote repository ID that is unavailable in current build context, verifying that is downloadable from [central (https://repo.maven.apache.org/maven2, default, releases)]
2026-04-01 13:20:32,081 [Worker-17: Building] INFO  o.e.m.c.i.e.AbstractTransferListenerAdapter - Downloaded https://repo.maven.apache.org/maven2/software/amazon/awssdk/bom/2.21.1/bom-2.21.1.pom
2026-04-01 13:20:32,092 [Worker-17: Building] INFO  o.e.a.i.i.DefaultArtifactResolver - Artifact software.amazon.awssdk:aws-sdk-java-pom:pom:2.21.1 is present in the local repository, but cached from a remote repository ID that is unavailable in current build context, verifying that is downloadable from [central (https://repo.maven.apache.org/maven2, default, releases)]
2026-04-01 13:20:32,095 [Worker-17: Building] INFO  o.e.a.i.i.DefaultArtifactResolver - Artifact software.amazon.awssdk:aws-sdk-java-pom:pom:2.21.1 is present in the local repository, but cached from a remote repository ID that is unavailable in current build context, verifying that is downloadable from [central (https://repo.maven.apache.org/maven2, default, releases)]
2026-04-01 13:20:32,118 [Worker-17: Building] INFO  o.e.m.c.i.e.AbstractTransferListenerAdapter - Downloaded https://repo.maven.apache.org/maven2/software/amazon/awssdk/aws-sdk-java-pom/2.21.1/aws-sdk-java-pom-2.21.1.pom
2026-04-01 13:20:32,126 [Worker-17: Building] INFO  o.e.a.i.i.DefaultArtifactResolver - Artifact com.github.waffle:waffle-jna:pom:3.3.0 is present in the local repository, but cached from a remote repository ID that is unavailable in current build context, verifying that is downloadable from [central (https://repo.maven.apache.org/maven2, default, releases)]
2026-04-01 13:20:32,128 [Worker-17: Building] INFO  o.e.a.i.i.DefaultArtifactResolver - Artifact com.github.waffle:waffle-jna:pom:3.3.0 is present in the local repository, but cached from a remote repository ID that is unavailable in current build context, verifying that is downloadable from [central (https://repo.maven.apache.org/maven2, default, releases)]
2026-04-01 13:20:32,149 [Worker-17: Building] INFO  o.e.m.c.i.e.AbstractTransferListenerAdapter - Downloaded https://repo.maven.apache.org/maven2/com/github/waffle/waffle-jna/3.3.0/waffle-jna-3.3.0.pom
2026-04-01 13:20:32,157 [Worker-17: Building] INFO  o.e.a.i.i.DefaultArtifactResolver - Artifact com.github.waffle:waffle-parent:pom:3.3.0 is present in the local repository, but cached from a remote repository ID that is unavailable in current build context, verifying that is downloadable from [central (https://repo.maven.apache.org/maven2, default, releases)]
2026-04-01 13:20:32,158 [Worker-17: Building] INFO  o.e.a.i.i.DefaultArtifactResolver - Artifact com.github.waffle:waffle-parent:pom:3.3.0 is present in the local repository, but cached from a remote repository ID that is unavailable in current build context, verifying that is downloadable from [central (https://repo.maven.apache.org/maven2, default, releases)]
2026-04-01 13:20:32,178 [Worker-17: Building] INFO  o.e.m.c.i.e.AbstractTransferListenerAdapter - Downloaded https://repo.maven.apache.org/maven2/com/github/waffle/waffle-parent/3.3.0/waffle-parent-3.3.0.pom
2026-04-01 13:20:32,216 [Worker-17: Building] INFO  o.e.m.c.i.e.AbstractTransferListenerAdapter - Downloading https://repo.maven.apache.org/maven2/org/slf4j/jcl-over-slf4j/2.0.13/jcl-over-slf4j-2.0.13.pom
2026-04-01 13:20:32,225 [Worker-17: Building] INFO  o.e.m.c.i.e.AbstractTransferListenerAdapter - Downloaded https://repo.maven.apache.org/maven2/org/slf4j/jcl-over-slf4j/2.0.13/jcl-over-slf4j-2.0.13.pom
2026-04-01 13:20:32,231 [Worker-17: Building] INFO  o.e.a.i.i.DefaultArtifactResolver - Artifact com.github.ben-manes.caffeine:caffeine:pom:3.1.8 is present in the local repository, but cached from a remote repository ID that is unavailable in current build context, verifying that is downloadable from [central (https://repo.maven.apache.org/maven2, default, releases)]
2026-04-01 13:20:32,233 [Worker-17: Building] INFO  o.e.a.i.i.DefaultArtifactResolver - Artifact com.github.ben-manes.caffeine:caffeine:pom:3.1.8 is present in the local repository, but cached from a remote repository ID that is unavailable in current build context, verifying that is downloadable from [central (https://repo.maven.apache.org/maven2, default, releases)]
2026-04-01 13:20:32,260 [Worker-17: Building] INFO  o.e.m.c.i.e.AbstractTransferListenerAdapter - Downloaded https://repo.maven.apache.org/maven2/com/github/ben-manes/caffeine/caffeine/3.1.8/caffeine-3.1.8.pom
2026-04-01 13:20:32,267 [Worker-17: Building] INFO  o.e.a.i.i.DefaultArtifactResolver - Artifact org.checkerframework:checker-qual:pom:3.37.0 is present in the local repository, but cached from a remote repository ID that is unavailable in current build context, verifying that is downloadable from [central (https://repo.maven.apache.org/maven2, default, releases)]
2026-04-01 13:20:32,269 [Worker-17: Building] INFO  o.e.a.i.i.DefaultArtifactResolver - Artifact org.checkerframework:checker-qual:pom:3.37.0 is present in the local repository, but cached from a remote repository ID that is unavailable in current build context, verifying that is downloadable from [central (https://repo.maven.apache.org/maven2, default, releases)]
2026-04-01 13:20:32,292 [Worker-17: Building] INFO  o.e.m.c.i.e.AbstractTransferListenerAdapter - Downloaded https://repo.maven.apache.org/maven2/org/checkerframework/checker-qual/3.37.0/checker-qual-3.37.0.pom
2026-04-01 13:20:32,298 [Worker-17: Building] INFO  o.e.a.i.i.DefaultArtifactResolver - Artifact com.google.errorprone:error_prone_annotations:pom:2.21.1 is present in the local repository, but cached from a remote repository ID that is unavailable in current build context, verifying that is downloadable from [central (https://repo.maven.apache.org/maven2, default, releases)]
2026-04-01 13:20:32,300 [Worker-17: Building] INFO  o.e.a.i.i.DefaultArtifactResolver - Artifact com.google.errorprone:error_prone_annotations:pom:2.21.1 is present in the local repository, but cached from a remote repository ID that is unavailable in current build context, verifying that is downloadable from [central (https://repo.maven.apache.org/maven2, default, releases)]
2026-04-01 13:20:32,323 [Worker-17: Building] INFO  o.e.m.c.i.e.AbstractTransferListenerAdapter - Downloaded https://repo.maven.apache.org/maven2/com/google/errorprone/error_prone_annotations/2.21.1/error_prone_annotations-2.21.1.pom
2026-04-01 13:20:32,330 [Worker-17: Building] INFO  o.e.a.i.i.DefaultArtifactResolver - Artifact com.google.errorprone:error_prone_parent:pom:2.21.1 is present in the local repository, but cached from a remote repository ID that is unavailable in current build context, verifying that is downloadable from [central (https://repo.maven.apache.org/maven2, default, releases)]
2026-04-01 13:20:32,332 [Worker-17: Building] INFO  o.e.a.i.i.DefaultArtifactResolver - Artifact com.google.errorprone:error_prone_parent:pom:2.21.1 is present in the local repository, but cached from a remote repository ID that is unavailable in current build context, verifying that is downloadable from [central (https://repo.maven.apache.org/maven2, default, releases)]
2026-04-01 13:20:32,350 [Worker-17: Building] INFO  o.e.m.c.i.e.AbstractTransferListenerAdapter - Downloaded https://repo.maven.apache.org/maven2/com/google/errorprone/error_prone_parent/2.21.1/error_prone_parent-2.21.1.pom
2026-04-01 13:20:32,361 [Worker-17: Building] INFO  o.e.a.i.i.DefaultArtifactResolver - Artifact org.checkerframework:checker-qual:pom:3.32.0 is present in the local repository, but cached from a remote repository ID that is unavailable in current build context, verifying that is downloadable from [central (https://repo.maven.apache.org/maven2, default, releases)]
2026-04-01 13:20:32,363 [Worker-17: Building] INFO  o.e.a.i.i.DefaultArtifactResolver - Artifact org.checkerframework:checker-qual:pom:3.32.0 is present in the local repository, but cached from a remote repository ID that is unavailable in current build context, verifying that is downloadable from [central (https://repo.maven.apache.org/maven2, default, releases)]
2026-04-01 13:20:32,382 [Worker-17: Building] INFO  o.e.m.c.i.e.AbstractTransferListenerAdapter - Downloaded https://repo.maven.apache.org/maven2/org/checkerframework/checker-qual/3.32.0/checker-qual-3.32.0.pom
2026-04-01 13:20:32,392 [Worker-17: Building] INFO  o.e.a.i.i.DefaultArtifactResolver - Artifact org.projectlombok:lombok:pom:1.18.32 is present in the local repository, but cached from a remote repository ID that is unavailable in current build context, verifying that is downloadable from [central (https://repo.maven.apache.org/maven2, default, releases)]
2026-04-01 13:20:32,395 [Worker-17: Building] INFO  o.e.a.i.i.DefaultArtifactResolver - Artifact org.projectlombok:lombok:pom:1.18.32 is present in the local repository, but cached from a remote repository ID that is unavailable in current build context, verifying that is downloadable from [central (https://repo.maven.apache.org/maven2, default, releases)]
2026-04-01 13:20:32,417 [Worker-17: Building] INFO  o.e.m.c.i.e.AbstractTransferListenerAdapter - Downloaded https://repo.maven.apache.org/maven2/org/projectlombok/lombok/1.18.32/lombok-1.18.32.pom
2026-04-01 13:20:32,445 [Worker-17: Building] INFO  o.e.m.c.i.e.AbstractTransferListenerAdapter - Downloading https://repo.maven.apache.org/maven2/org/springframework/boot/spring-boot-starter-test/3.2.5/spring-boot-starter-test-3.2.5.pom
2026-04-01 13:20:32,453 [Worker-17: Building] INFO  o.e.m.c.i.e.AbstractTransferListenerAdapter - Downloaded https://repo.maven.apache.org/maven2/org/springframework/boot/spring-boot-starter-test/3.2.5/spring-boot-starter-test-3.2.5.pom
2026-04-01 13:20:32,487 [Worker-17: Building] INFO  o.e.m.c.i.e.AbstractTransferListenerAdapter - Downloading https://repo.maven.apache.org/maven2/org/springframework/boot/spring-boot-test/3.2.5/spring-boot-test-3.2.5.pom
2026-04-01 13:20:32,494 [Worker-17: Building] INFO  o.e.m.c.i.e.AbstractTransferListenerAdapter - Downloaded https://repo.maven.apache.org/maven2/org/springframework/boot/spring-boot-test/3.2.5/spring-boot-test-3.2.5.pom
2026-04-01 13:20:32,532 [Worker-17: Building] INFO  o.e.m.c.i.e.AbstractTransferListenerAdapter - Downloading https://repo.maven.apache.org/maven2/org/springframework/boot/spring-boot-test-autoconfigure/3.2.5/spring-boot-test-autoconfigure-3.2.5.pom
2026-04-01 13:20:32,538 [Worker-17: Building] INFO  o.e.m.c.i.e.AbstractTransferListenerAdapter - Downloaded https://repo.maven.apache.org/maven2/org/springframework/boot/spring-boot-test-autoconfigure/3.2.5/spring-boot-test-autoconfigure-3.2.5.pom
2026-04-01 13:20:32,543 [Worker-17: Building] INFO  o.e.a.i.i.DefaultArtifactResolver - Artifact com.jayway.jsonpath:json-path:pom:2.9.0 is present in the local repository, but cached from a remote repository ID that is unavailable in current build context, verifying that is downloadable from [central (https://repo.maven.apache.org/maven2, default, releases)]
2026-04-01 13:20:32,544 [Worker-17: Building] INFO  o.e.a.i.i.DefaultArtifactResolver - Artifact com.jayway.jsonpath:json-path:pom:2.9.0 is present in the local repository, but cached from a remote repository ID that is unavailable in current build context, verifying that is downloadable from [central (https://repo.maven.apache.org/maven2, default, releases)]
2026-04-01 13:20:32,566 [Worker-17: Building] INFO  o.e.m.c.i.e.AbstractTransferListenerAdapter - Downloaded https://repo.maven.apache.org/maven2/com/jayway/jsonpath/json-path/2.9.0/json-path-2.9.0.pom
2026-04-01 13:20:32,594 [Worker-17: Building] INFO  o.e.m.c.i.e.AbstractTransferListenerAdapter - Downloading https://repo.maven.apache.org/maven2/net/minidev/json-smart/2.5.1/json-smart-2.5.1.pom
2026-04-01 13:20:32,598 [Worker-17: Building] INFO  o.e.m.c.i.e.AbstractTransferListenerAdapter - Downloaded https://repo.maven.apache.org/maven2/net/minidev/json-smart/2.5.1/json-smart-2.5.1.pom
2026-04-01 13:20:32,625 [Worker-17: Building] INFO  o.e.m.c.i.e.AbstractTransferListenerAdapter - Downloading https://repo.maven.apache.org/maven2/net/minidev/accessors-smart/2.5.1/accessors-smart-2.5.1.pom
2026-04-01 13:20:32,630 [Worker-17: Building] INFO  o.e.m.c.i.e.AbstractTransferListenerAdapter - Downloaded https://repo.maven.apache.org/maven2/net/minidev/accessors-smart/2.5.1/accessors-smart-2.5.1.pom
2026-04-01 13:20:32,662 [Worker-17: Building] INFO  o.e.m.c.i.e.AbstractTransferListenerAdapter - Downloading https://repo.maven.apache.org/maven2/org/assertj/assertj-core/3.24.2/assertj-core-3.24.2.pom
2026-04-01 13:20:32,667 [Worker-17: Building] INFO  o.e.m.c.i.e.AbstractTransferListenerAdapter - Downloaded https://repo.maven.apache.org/maven2/org/assertj/assertj-core/3.24.2/assertj-core-3.24.2.pom
2026-04-01 13:20:32,695 [Worker-17: Building] INFO  o.e.m.c.i.e.AbstractTransferListenerAdapter - Downloading https://repo.maven.apache.org/maven2/org/assertj/assertj-parent/3.24.2/assertj-parent-3.24.2.pom
2026-04-01 13:20:32,700 [Worker-17: Building] INFO  o.e.m.c.i.e.AbstractTransferListenerAdapter - Downloaded https://repo.maven.apache.org/maven2/org/assertj/assertj-parent/3.24.2/assertj-parent-3.24.2.pom
2026-04-01 13:20:32,729 [Worker-17: Building] INFO  o.e.m.c.i.e.AbstractTransferListenerAdapter - Downloading https://repo.maven.apache.org/maven2/org/assertj/assertj-build/3.24.2/assertj-build-3.24.2.pom
2026-04-01 13:20:32,733 [Worker-17: Building] INFO  o.e.m.c.i.e.AbstractTransferListenerAdapter - Downloaded https://repo.maven.apache.org/maven2/org/assertj/assertj-build/3.24.2/assertj-build-3.24.2.pom
2026-04-01 13:20:32,763 [Worker-17: Building] INFO  o.e.m.c.i.e.AbstractTransferListenerAdapter - Downloading https://repo.maven.apache.org/maven2/org/awaitility/awaitility/4.2.1/awaitility-4.2.1.pom
2026-04-01 13:20:32,768 [Worker-17: Building] INFO  o.e.m.c.i.e.AbstractTransferListenerAdapter - Downloaded https://repo.maven.apache.org/maven2/org/awaitility/awaitility/4.2.1/awaitility-4.2.1.pom
2026-04-01 13:20:32,803 [Worker-17: Building] INFO  o.e.m.c.i.e.AbstractTransferListenerAdapter - Downloading https://repo.maven.apache.org/maven2/org/awaitility/awaitility-parent/4.2.1/awaitility-parent-4.2.1.pom
2026-04-01 13:20:32,808 [Worker-17: Building] INFO  o.e.m.c.i.e.AbstractTransferListenerAdapter - Downloaded https://repo.maven.apache.org/maven2/org/awaitility/awaitility-parent/4.2.1/awaitility-parent-4.2.1.pom
2026-04-01 13:20:32,814 [Worker-17: Building] INFO  o.e.a.i.i.DefaultArtifactResolver - Artifact org.hamcrest:hamcrest:pom:2.2 is present in the local repository, but cached from a remote repository ID that is unavailable in current build context, verifying that is downloadable from [central (https://repo.maven.apache.org/maven2, default, releases), sonatype-nexus-snapshots (https://oss.sonatype.org/content/repositories/snapshots, default, snapshots)]
2026-04-01 13:20:32,816 [Worker-17: Building] INFO  o.e.a.i.i.DefaultArtifactResolver - Artifact org.hamcrest:hamcrest:pom:2.2 is present in the local repository, but cached from a remote repository ID that is unavailable in current build context, verifying that is downloadable from [central (https://repo.maven.apache.org/maven2, default, releases), sonatype-nexus-snapshots (https://oss.sonatype.org/content/repositories/snapshots, default, snapshots)]
2026-04-01 13:20:32,840 [Worker-17: Building] INFO  o.e.m.c.i.e.AbstractTransferListenerAdapter - Downloaded https://repo.maven.apache.org/maven2/org/hamcrest/hamcrest/2.2/hamcrest-2.2.pom
2026-04-01 13:20:32,867 [Worker-17: Building] INFO  o.e.m.c.i.e.AbstractTransferListenerAdapter - Downloading https://repo.maven.apache.org/maven2/org/junit/jupiter/junit-jupiter/5.10.2/junit-jupiter-5.10.2.pom
2026-04-01 13:20:32,871 [Worker-17: Building] INFO  o.e.m.c.i.e.AbstractTransferListenerAdapter - Downloaded https://repo.maven.apache.org/maven2/org/junit/jupiter/junit-jupiter/5.10.2/junit-jupiter-5.10.2.pom
2026-04-01 13:20:32,895 [Worker-17: Building] INFO  o.e.m.c.i.e.AbstractTransferListenerAdapter - Downloading https://repo.maven.apache.org/maven2/org/junit/jupiter/junit-jupiter-api/5.10.2/junit-jupiter-api-5.10.2.pom
2026-04-01 13:20:32,900 [Worker-17: Building] INFO  o.e.m.c.i.e.AbstractTransferListenerAdapter - Downloaded https://repo.maven.apache.org/maven2/org/junit/jupiter/junit-jupiter-api/5.10.2/junit-jupiter-api-5.10.2.pom
2026-04-01 13:20:32,905 [Worker-17: Building] INFO  o.e.a.i.i.DefaultArtifactResolver - Artifact org.opentest4j:opentest4j:pom:1.3.0 is present in the local repository, but cached from a remote repository ID that is unavailable in current build context, verifying that is downloadable from [central (https://repo.maven.apache.org/maven2, default, releases)]
2026-04-01 13:20:32,907 [Worker-17: Building] INFO  o.e.a.i.i.DefaultArtifactResolver - Artifact org.opentest4j:opentest4j:pom:1.3.0 is present in the local repository, but cached from a remote repository ID that is unavailable in current build context, verifying that is downloadable from [central (https://repo.maven.apache.org/maven2, default, releases)]
2026-04-01 13:20:32,927 [Worker-17: Building] INFO  o.e.m.c.i.e.AbstractTransferListenerAdapter - Downloaded https://repo.maven.apache.org/maven2/org/opentest4j/opentest4j/1.3.0/opentest4j-1.3.0.pom
2026-04-01 13:20:32,953 [Worker-17: Building] INFO  o.e.m.c.i.e.AbstractTransferListenerAdapter - Downloading https://repo.maven.apache.org/maven2/org/junit/platform/junit-platform-commons/1.10.2/junit-platform-commons-1.10.2.pom
2026-04-01 13:20:32,957 [Worker-17: Building] INFO  o.e.m.c.i.e.AbstractTransferListenerAdapter - Downloaded https://repo.maven.apache.org/maven2/org/junit/platform/junit-platform-commons/1.10.2/junit-platform-commons-1.10.2.pom
2026-04-01 13:20:32,963 [Worker-17: Building] INFO  o.e.a.i.i.DefaultArtifactResolver - Artifact org.apiguardian:apiguardian-api:pom:1.1.2 is present in the local repository, but cached from a remote repository ID that is unavailable in current build context, verifying that is downloadable from [central (https://repo.maven.apache.org/maven2, default, releases)]
2026-04-01 13:20:32,965 [Worker-17: Building] INFO  o.e.a.i.i.DefaultArtifactResolver - Artifact org.apiguardian:apiguardian-api:pom:1.1.2 is present in the local repository, but cached from a remote repository ID that is unavailable in current build context, verifying that is downloadable from [central (https://repo.maven.apache.org/maven2, default, releases)]
2026-04-01 13:20:32,986 [Worker-17: Building] INFO  o.e.m.c.i.e.AbstractTransferListenerAdapter - Downloaded https://repo.maven.apache.org/maven2/org/apiguardian/apiguardian-api/1.1.2/apiguardian-api-1.1.2.pom
2026-04-01 13:20:33,013 [Worker-17: Building] INFO  o.e.m.c.i.e.AbstractTransferListenerAdapter - Downloading https://repo.maven.apache.org/maven2/org/junit/jupiter/junit-jupiter-params/5.10.2/junit-jupiter-params-5.10.2.pom
2026-04-01 13:20:33,018 [Worker-17: Building] INFO  o.e.m.c.i.e.AbstractTransferListenerAdapter - Downloaded https://repo.maven.apache.org/maven2/org/junit/jupiter/junit-jupiter-params/5.10.2/junit-jupiter-params-5.10.2.pom
2026-04-01 13:20:33,048 [Worker-17: Building] INFO  o.e.m.c.i.e.AbstractTransferListenerAdapter - Downloading https://repo.maven.apache.org/maven2/org/junit/jupiter/junit-jupiter-engine/5.10.2/junit-jupiter-engine-5.10.2.pom
2026-04-01 13:20:33,053 [Worker-17: Building] INFO  o.e.m.c.i.e.AbstractTransferListenerAdapter - Downloaded https://repo.maven.apache.org/maven2/org/junit/jupiter/junit-jupiter-engine/5.10.2/junit-jupiter-engine-5.10.2.pom
2026-04-01 13:20:33,078 [Worker-17: Building] INFO  o.e.m.c.i.e.AbstractTransferListenerAdapter - Downloading https://repo.maven.apache.org/maven2/org/junit/platform/junit-platform-engine/1.10.2/junit-platform-engine-1.10.2.pom
2026-04-01 13:20:33,083 [Worker-17: Building] INFO  o.e.m.c.i.e.AbstractTransferListenerAdapter - Downloaded https://repo.maven.apache.org/maven2/org/junit/platform/junit-platform-engine/1.10.2/junit-platform-engine-1.10.2.pom
2026-04-01 13:20:33,111 [Worker-17: Building] INFO  o.e.m.c.i.e.AbstractTransferListenerAdapter - Downloading https://repo.maven.apache.org/maven2/org/mockito/mockito-core/5.7.0/mockito-core-5.7.0.pom
2026-04-01 13:20:33,116 [Worker-17: Building] INFO  o.e.m.c.i.e.AbstractTransferListenerAdapter - Downloaded https://repo.maven.apache.org/maven2/org/mockito/mockito-core/5.7.0/mockito-core-5.7.0.pom
2026-04-01 13:20:33,143 [Worker-17: Building] INFO  o.e.m.c.i.e.AbstractTransferListenerAdapter - Downloading https://repo.maven.apache.org/maven2/net/bytebuddy/byte-buddy-agent/1.14.13/byte-buddy-agent-1.14.13.pom
2026-04-01 13:20:33,148 [Worker-17: Building] INFO  o.e.m.c.i.e.AbstractTransferListenerAdapter - Downloaded https://repo.maven.apache.org/maven2/net/bytebuddy/byte-buddy-agent/1.14.13/byte-buddy-agent-1.14.13.pom
2026-04-01 13:20:33,155 [Worker-17: Building] INFO  o.e.a.i.i.DefaultArtifactResolver - Artifact org.objenesis:objenesis:pom:3.3 is present in the local repository, but cached from a remote repository ID that is unavailable in current build context, verifying that is downloadable from [central (https://repo.maven.apache.org/maven2, default, releases)]
2026-04-01 13:20:33,157 [Worker-17: Building] INFO  o.e.a.i.i.DefaultArtifactResolver - Artifact org.objenesis:objenesis:pom:3.3 is present in the local repository, but cached from a remote repository ID that is unavailable in current build context, verifying that is downloadable from [central (https://repo.maven.apache.org/maven2, default, releases)]
2026-04-01 13:20:33,175 [Worker-17: Building] INFO  o.e.m.c.i.e.AbstractTransferListenerAdapter - Downloaded https://repo.maven.apache.org/maven2/org/objenesis/objenesis/3.3/objenesis-3.3.pom
2026-04-01 13:20:33,182 [Worker-17: Building] INFO  o.e.a.i.i.DefaultArtifactResolver - Artifact org.objenesis:objenesis-parent:pom:3.3 is present in the local repository, but cached from a remote repository ID that is unavailable in current build context, verifying that is downloadable from [central (https://repo.maven.apache.org/maven2, default, releases)]
2026-04-01 13:20:33,184 [Worker-17: Building] INFO  o.e.a.i.i.DefaultArtifactResolver - Artifact org.objenesis:objenesis-parent:pom:3.3 is present in the local repository, but cached from a remote repository ID that is unavailable in current build context, verifying that is downloadable from [central (https://repo.maven.apache.org/maven2, default, releases)]
2026-04-01 13:20:33,205 [Worker-17: Building] INFO  o.e.m.c.i.e.AbstractTransferListenerAdapter - Downloaded https://repo.maven.apache.org/maven2/org/objenesis/objenesis-parent/3.3/objenesis-parent-3.3.pom
2026-04-01 13:20:33,235 [Worker-17: Building] INFO  o.e.m.c.i.e.AbstractTransferListenerAdapter - Downloading https://repo.maven.apache.org/maven2/org/mockito/mockito-junit-jupiter/5.7.0/mockito-junit-jupiter-5.7.0.pom
2026-04-01 13:20:33,240 [Worker-17: Building] INFO  o.e.m.c.i.e.AbstractTransferListenerAdapter - Downloaded https://repo.maven.apache.org/maven2/org/mockito/mockito-junit-jupiter/5.7.0/mockito-junit-jupiter-5.7.0.pom
2026-04-01 13:20:33,269 [Worker-17: Building] INFO  o.e.m.c.i.e.AbstractTransferListenerAdapter - Downloading https://repo.maven.apache.org/maven2/org/skyscreamer/jsonassert/1.5.1/jsonassert-1.5.1.pom
2026-04-01 13:20:33,273 [Worker-17: Building] INFO  o.e.m.c.i.e.AbstractTransferListenerAdapter - Downloaded https://repo.maven.apache.org/maven2/org/skyscreamer/jsonassert/1.5.1/jsonassert-1.5.1.pom
2026-04-01 13:20:33,280 [Worker-17: Building] INFO  o.e.a.i.i.DefaultArtifactResolver - Artifact com.vaadin.external.google:android-json:pom:0.0.20131108.vaadin1 is present in the local repository, but cached from a remote repository ID that is unavailable in current build context, verifying that is downloadable from [central (https://repo.maven.apache.org/maven2, default, releases), sonatype-nexus-snapshots (https://oss.sonatype.org/content/repositories/snapshots, default, snapshots)]
2026-04-01 13:20:33,282 [Worker-17: Building] INFO  o.e.a.i.i.DefaultArtifactResolver - Artifact com.vaadin.external.google:android-json:pom:0.0.20131108.vaadin1 is present in the local repository, but cached from a remote repository ID that is unavailable in current build context, verifying that is downloadable from [central (https://repo.maven.apache.org/maven2, default, releases), sonatype-nexus-snapshots (https://oss.sonatype.org/content/repositories/snapshots, default, snapshots)]
2026-04-01 13:20:33,302 [Worker-17: Building] INFO  o.e.m.c.i.e.AbstractTransferListenerAdapter - Downloaded https://repo.maven.apache.org/maven2/com/vaadin/external/google/android-json/0.0.20131108.vaadin1/android-json-0.0.20131108.vaadin1.pom
2026-04-01 13:20:33,335 [Worker-17: Building] INFO  o.e.m.c.i.e.AbstractTransferListenerAdapter - Downloading https://repo.maven.apache.org/maven2/org/springframework/spring-test/6.1.6/spring-test-6.1.6.pom
2026-04-01 13:20:33,339 [Worker-17: Building] INFO  o.e.m.c.i.e.AbstractTransferListenerAdapter - Downloaded https://repo.maven.apache.org/maven2/org/springframework/spring-test/6.1.6/spring-test-6.1.6.pom
2026-04-01 13:20:33,363 [Worker-17: Building] INFO  o.e.m.c.i.e.AbstractTransferListenerAdapter - Downloading https://repo.maven.apache.org/maven2/org/xmlunit/xmlunit-core/2.9.1/xmlunit-core-2.9.1.pom
2026-04-01 13:20:33,367 [Worker-17: Building] INFO  o.e.m.c.i.e.AbstractTransferListenerAdapter - Downloaded https://repo.maven.apache.org/maven2/org/xmlunit/xmlunit-core/2.9.1/xmlunit-core-2.9.1.pom
2026-04-01 13:20:33,394 [Worker-17: Building] INFO  o.e.m.c.i.e.AbstractTransferListenerAdapter - Downloading https://repo.maven.apache.org/maven2/org/xmlunit/xmlunit-parent/2.9.1/xmlunit-parent-2.9.1.pom
2026-04-01 13:20:33,399 [Worker-17: Building] INFO  o.e.m.c.i.e.AbstractTransferListenerAdapter - Downloaded https://repo.maven.apache.org/maven2/org/xmlunit/xmlunit-parent/2.9.1/xmlunit-parent-2.9.1.pom
2026-04-01 13:20:33,410 [Worker-17: Building] INFO  o.e.a.i.i.DefaultArtifactResolver - Artifact jakarta.annotation:jakarta.annotation-api:jar:2.1.1 is present in the local repository, but cached from a remote repository ID that is unavailable in current build context, verifying that is downloadable from [central (https://repo.maven.apache.org/maven2, default, releases)]
2026-04-01 13:20:33,418 [Worker-17: Building] INFO  o.e.a.i.i.DefaultArtifactResolver - Artifact jakarta.validation:jakarta.validation-api:jar:3.0.2 is present in the local repository, but cached from a remote repository ID that is unavailable in current build context, verifying that is downloadable from [central (https://repo.maven.apache.org/maven2, default, releases)]
2026-04-01 13:20:33,420 [Worker-17: Building] INFO  o.e.a.i.i.DefaultArtifactResolver - Artifact org.mariadb.jdbc:mariadb-java-client:jar:3.3.3 is present in the local repository, but cached from a remote repository ID that is unavailable in current build context, verifying that is downloadable from [central (https://repo.maven.apache.org/maven2, default, releases)]
2026-04-01 13:20:33,422 [Worker-17: Building] INFO  o.e.a.i.i.DefaultArtifactResolver - Artifact com.github.waffle:waffle-jna:jar:3.3.0 is present in the local repository, but cached from a remote repository ID that is unavailable in current build context, verifying that is downloadable from [central (https://repo.maven.apache.org/maven2, default, releases)]
2026-04-01 13:20:33,426 [Worker-17: Building] INFO  o.e.a.i.i.DefaultArtifactResolver - Artifact com.github.ben-manes.caffeine:caffeine:jar:3.1.8 is present in the local repository, but cached from a remote repository ID that is unavailable in current build context, verifying that is downloadable from [central (https://repo.maven.apache.org/maven2, default, releases)]
2026-04-01 13:20:33,429 [Worker-17: Building] INFO  o.e.a.i.i.DefaultArtifactResolver - Artifact com.google.errorprone:error_prone_annotations:jar:2.21.1 is present in the local repository, but cached from a remote repository ID that is unavailable in current build context, verifying that is downloadable from [central (https://repo.maven.apache.org/maven2, default, releases)]
2026-04-01 13:20:33,432 [Worker-17: Building] INFO  o.e.a.i.i.DefaultArtifactResolver - Artifact org.checkerframework:checker-qual:jar:3.32.0 is present in the local repository, but cached from a remote repository ID that is unavailable in current build context, verifying that is downloadable from [central (https://repo.maven.apache.org/maven2, default, releases)]
2026-04-01 13:20:33,434 [Worker-17: Building] INFO  o.e.a.i.i.DefaultArtifactResolver - Artifact org.projectlombok:lombok:jar:1.18.32 is present in the local repository, but cached from a remote repository ID that is unavailable in current build context, verifying that is downloadable from [central (https://repo.maven.apache.org/maven2, default, releases)]
2026-04-01 13:20:33,437 [Worker-17: Building] INFO  o.e.a.i.i.DefaultArtifactResolver - Artifact com.jayway.jsonpath:json-path:jar:2.9.0 is present in the local repository, but cached from a remote repository ID that is unavailable in current build context, verifying that is downloadable from [central (https://repo.maven.apache.org/maven2, default, releases)]
2026-04-01 13:20:33,440 [Worker-17: Building] INFO  o.e.a.i.i.DefaultArtifactResolver - Artifact jakarta.xml.bind:jakarta.xml.bind-api:jar:4.0.2 is present in the local repository, but cached from a remote repository ID that is unavailable in current build context, verifying that is downloadable from [central (https://repo.maven.apache.org/maven2, default, releases)]
2026-04-01 13:20:33,441 [Worker-17: Building] INFO  o.e.a.i.i.DefaultArtifactResolver - Artifact jakarta.activation:jakarta.activation-api:jar:2.1.3 is present in the local repository, but cached from a remote repository ID that is unavailable in current build context, verifying that is downloadable from [central (https://repo.maven.apache.org/maven2, default, releases)]
2026-04-01 13:20:33,444 [Worker-17: Building] INFO  o.e.a.i.i.DefaultArtifactResolver - Artifact org.hamcrest:hamcrest:jar:2.2 is present in the local repository, but cached from a remote repository ID that is unavailable in current build context, verifying that is downloadable from [central (https://repo.maven.apache.org/maven2, default, releases)]
2026-04-01 13:20:33,446 [Worker-17: Building] INFO  o.e.a.i.i.DefaultArtifactResolver - Artifact org.opentest4j:opentest4j:jar:1.3.0 is present in the local repository, but cached from a remote repository ID that is unavailable in current build context, verifying that is downloadable from [central (https://repo.maven.apache.org/maven2, default, releases)]
2026-04-01 13:20:33,448 [Worker-17: Building] INFO  o.e.a.i.i.DefaultArtifactResolver - Artifact org.apiguardian:apiguardian-api:jar:1.1.2 is present in the local repository, but cached from a remote repository ID that is unavailable in current build context, verifying that is downloadable from [central (https://repo.maven.apache.org/maven2, default, releases)]
2026-04-01 13:20:33,450 [Worker-17: Building] INFO  o.e.a.i.i.DefaultArtifactResolver - Artifact org.objenesis:objenesis:jar:3.3 is present in the local repository, but cached from a remote repository ID that is unavailable in current build context, verifying that is downloadable from [central (https://repo.maven.apache.org/maven2, default, releases)]
2026-04-01 13:20:33,455 [Worker-17: Building] INFO  o.e.a.i.i.DefaultArtifactResolver - Artifact com.vaadin.external.google:android-json:jar:0.0.20131108.vaadin1 is present in the local repository, but cached from a remote repository ID that is unavailable in current build context, verifying that is downloadable from [central (https://repo.maven.apache.org/maven2, default, releases), sonatype-nexus-snapshots (https://oss.sonatype.org/content/repositories/snapshots, default, snapshots)]
2026-04-01 13:20:33,458 [Worker-17: Building] INFO  o.e.a.i.i.DefaultArtifactResolver - Artifact jakarta.annotation:jakarta.annotation-api:jar:2.1.1 is present in the local repository, but cached from a remote repository ID that is unavailable in current build context, verifying that is downloadable from [central (https://repo.maven.apache.org/maven2, default, releases)]
2026-04-01 13:20:33,463 [Worker-17: Building] INFO  o.e.a.i.i.DefaultArtifactResolver - Artifact jakarta.validation:jakarta.validation-api:jar:3.0.2 is present in the local repository, but cached from a remote repository ID that is unavailable in current build context, verifying that is downloadable from [central (https://repo.maven.apache.org/maven2, default, releases)]
2026-04-01 13:20:33,466 [Worker-17: Building] INFO  o.e.a.i.i.DefaultArtifactResolver - Artifact org.mariadb.jdbc:mariadb-java-client:jar:3.3.3 is present in the local repository, but cached from a remote repository ID that is unavailable in current build context, verifying that is downloadable from [central (https://repo.maven.apache.org/maven2, default, releases)]
2026-04-01 13:20:33,469 [Worker-17: Building] INFO  o.e.a.i.i.DefaultArtifactResolver - Artifact com.github.waffle:waffle-jna:jar:3.3.0 is present in the local repository, but cached from a remote repository ID that is unavailable in current build context, verifying that is downloadable from [central (https://repo.maven.apache.org/maven2, default, releases)]
2026-04-01 13:20:33,475 [Worker-17: Building] INFO  o.e.a.i.i.DefaultArtifactResolver - Artifact com.github.ben-manes.caffeine:caffeine:jar:3.1.8 is present in the local repository, but cached from a remote repository ID that is unavailable in current build context, verifying that is downloadable from [central (https://repo.maven.apache.org/maven2, default, releases)]
2026-04-01 13:20:33,477 [Worker-17: Building] INFO  o.e.a.i.i.DefaultArtifactResolver - Artifact com.google.errorprone:error_prone_annotations:jar:2.21.1 is present in the local repository, but cached from a remote repository ID that is unavailable in current build context, verifying that is downloadable from [central (https://repo.maven.apache.org/maven2, default, releases)]
2026-04-01 13:20:33,479 [Worker-17: Building] INFO  o.e.a.i.i.DefaultArtifactResolver - Artifact org.checkerframework:checker-qual:jar:3.32.0 is present in the local repository, but cached from a remote repository ID that is unavailable in current build context, verifying that is downloadable from [central (https://repo.maven.apache.org/maven2, default, releases)]
2026-04-01 13:20:33,480 [Worker-17: Building] INFO  o.e.a.i.i.DefaultArtifactResolver - Artifact org.projectlombok:lombok:jar:1.18.32 is present in the local repository, but cached from a remote repository ID that is unavailable in current build context, verifying that is downloadable from [central (https://repo.maven.apache.org/maven2, default, releases)]
2026-04-01 13:20:33,482 [Worker-17: Building] INFO  o.e.a.i.i.DefaultArtifactResolver - Artifact com.jayway.jsonpath:json-path:jar:2.9.0 is present in the local repository, but cached from a remote repository ID that is unavailable in current build context, verifying that is downloadable from [central (https://repo.maven.apache.org/maven2, default, releases)]
2026-04-01 13:20:33,484 [Worker-17: Building] INFO  o.e.a.i.i.DefaultArtifactResolver - Artifact jakarta.xml.bind:jakarta.xml.bind-api:jar:4.0.2 is present in the local repository, but cached from a remote repository ID that is unavailable in current build context, verifying that is downloadable from [central (https://repo.maven.apache.org/maven2, default, releases)]
2026-04-01 13:20:33,486 [Worker-17: Building] INFO  o.e.a.i.i.DefaultArtifactResolver - Artifact jakarta.activation:jakarta.activation-api:jar:2.1.3 is present in the local repository, but cached from a remote repository ID that is unavailable in current build context, verifying that is downloadable from [central (https://repo.maven.apache.org/maven2, default, releases)]
2026-04-01 13:20:33,489 [Worker-17: Building] INFO  o.e.a.i.i.DefaultArtifactResolver - Artifact org.hamcrest:hamcrest:jar:2.2 is present in the local repository, but cached from a remote repository ID that is unavailable in current build context, verifying that is downloadable from [central (https://repo.maven.apache.org/maven2, default, releases)]
2026-04-01 13:20:33,491 [Worker-17: Building] INFO  o.e.a.i.i.DefaultArtifactResolver - Artifact org.opentest4j:opentest4j:jar:1.3.0 is present in the local repository, but cached from a remote repository ID that is unavailable in current build context, verifying that is downloadable from [central (https://repo.maven.apache.org/maven2, default, releases)]
2026-04-01 13:20:33,493 [Worker-17: Building] INFO  o.e.a.i.i.DefaultArtifactResolver - Artifact org.apiguardian:apiguardian-api:jar:1.1.2 is present in the local repository, but cached from a remote repository ID that is unavailable in current build context, verifying that is downloadable from [central (https://repo.maven.apache.org/maven2, default, releases)]
2026-04-01 13:20:33,495 [Worker-17: Building] INFO  o.e.a.i.i.DefaultArtifactResolver - Artifact org.objenesis:objenesis:jar:3.3 is present in the local repository, but cached from a remote repository ID that is unavailable in current build context, verifying that is downloadable from [central (https://repo.maven.apache.org/maven2, default, releases)]
2026-04-01 13:20:33,498 [Worker-17: Building] INFO  o.e.a.i.i.DefaultArtifactResolver - Artifact com.vaadin.external.google:android-json:jar:0.0.20131108.vaadin1 is present in the local repository, but cached from a remote repository ID that is unavailable in current build context, verifying that is downloadable from [central (https://repo.maven.apache.org/maven2, default, releases), sonatype-nexus-snapshots (https://oss.sonatype.org/content/repositories/snapshots, default, snapshots)]
2026-04-01 13:20:33,529 [Worker-17: Building] INFO  o.e.m.c.i.e.AbstractTransferListenerAdapter - Downloading https://repo.maven.apache.org/maven2/org/springframework/boot/spring-boot-starter-web/3.2.5/spring-boot-starter-web-3.2.5.jar
2026-04-01 13:20:33,535 [Worker-17: Building] INFO  o.e.m.c.i.e.AbstractTransferListenerAdapter - Downloaded https://repo.maven.apache.org/maven2/org/springframework/boot/spring-boot-starter-web/3.2.5/spring-boot-starter-web-3.2.5.jar
2026-04-01 13:20:33,565 [BasicRepositoryConnector-repo.maven.apache.org-1-4] INFO  o.e.m.c.i.e.AbstractTransferListenerAdapter - Downloading https://repo.maven.apache.org/maven2/ch/qos/logback/logback-classic/1.4.14/logback-classic-1.4.14.jar
2026-04-01 13:20:33,591 [BasicRepositoryConnector-repo.maven.apache.org-1-0] INFO  o.e.m.c.i.e.AbstractTransferListenerAdapter - Downloading https://repo.maven.apache.org/maven2/org/springframework/boot/spring-boot-starter/3.2.5/spring-boot-starter-3.2.5.jar
2026-04-01 13:20:33,592 [BasicRepositoryConnector-repo.maven.apache.org-1-1] INFO  o.e.m.c.i.e.AbstractTransferListenerAdapter - Downloading https://repo.maven.apache.org/maven2/org/springframework/boot/spring-boot/3.2.5/spring-boot-3.2.5.jar
2026-04-01 13:20:33,599 [BasicRepositoryConnector-repo.maven.apache.org-1-4] INFO  o.e.m.c.i.e.AbstractTransferListenerAdapter - Downloaded https://repo.maven.apache.org/maven2/ch/qos/logback/logback-classic/1.4.14/logback-classic-1.4.14.jar
2026-04-01 13:20:33,599 [BasicRepositoryConnector-repo.maven.apache.org-1-0] INFO  o.e.m.c.i.e.AbstractTransferListenerAdapter - Downloaded https://repo.maven.apache.org/maven2/org/springframework/boot/spring-boot-starter/3.2.5/spring-boot-starter-3.2.5.jar
2026-04-01 13:20:33,604 [BasicRepositoryConnector-repo.maven.apache.org-1-3] INFO  o.e.m.c.i.e.AbstractTransferListenerAdapter - Downloading https://repo.maven.apache.org/maven2/org/springframework/boot/spring-boot-starter-logging/3.2.5/spring-boot-starter-logging-3.2.5.jar
2026-04-01 13:20:33,604 [BasicRepositoryConnector-repo.maven.apache.org-1-2] INFO  o.e.m.c.i.e.AbstractTransferListenerAdapter - Downloading https://repo.maven.apache.org/maven2/org/springframework/boot/spring-boot-autoconfigure/3.2.5/spring-boot-autoconfigure-3.2.5.jar
2026-04-01 13:20:33,612 [BasicRepositoryConnector-repo.maven.apache.org-1-3] INFO  o.e.m.c.i.e.AbstractTransferListenerAdapter - Downloaded https://repo.maven.apache.org/maven2/org/springframework/boot/spring-boot-starter-logging/3.2.5/spring-boot-starter-logging-3.2.5.jar
2026-04-01 13:20:33,625 [BasicRepositoryConnector-repo.maven.apache.org-1-0] INFO  o.e.m.c.i.e.AbstractTransferListenerAdapter - Downloading https://repo.maven.apache.org/maven2/org/apache/logging/log4j/log4j-to-slf4j/2.21.1/log4j-to-slf4j-2.21.1.jar
2026-04-01 13:20:33,631 [BasicRepositoryConnector-repo.maven.apache.org-1-0] INFO  o.e.m.c.i.e.AbstractTransferListenerAdapter - Downloaded https://repo.maven.apache.org/maven2/org/apache/logging/log4j/log4j-to-slf4j/2.21.1/log4j-to-slf4j-2.21.1.jar
2026-04-01 13:20:33,636 [BasicRepositoryConnector-repo.maven.apache.org-1-4] INFO  o.e.m.c.i.e.AbstractTransferListenerAdapter - Downloading https://repo.maven.apache.org/maven2/ch/qos/logback/logback-core/1.4.14/logback-core-1.4.14.jar
2026-04-01 13:20:33,658 [BasicRepositoryConnector-repo.maven.apache.org-1-3] INFO  o.e.m.c.i.e.AbstractTransferListenerAdapter - Downloading https://repo.maven.apache.org/maven2/org/apache/logging/log4j/log4j-api/2.21.1/log4j-api-2.21.1.jar
2026-04-01 13:20:33,674 [BasicRepositoryConnector-repo.maven.apache.org-1-0] INFO  o.e.m.c.i.e.AbstractTransferListenerAdapter - Downloading https://repo.maven.apache.org/maven2/org/slf4j/jul-to-slf4j/2.0.13/jul-to-slf4j-2.0.13.jar
2026-04-01 13:20:33,680 [BasicRepositoryConnector-repo.maven.apache.org-1-0] INFO  o.e.m.c.i.e.AbstractTransferListenerAdapter - Downloaded https://repo.maven.apache.org/maven2/org/slf4j/jul-to-slf4j/2.0.13/jul-to-slf4j-2.0.13.jar
2026-04-01 13:20:33,714 [BasicRepositoryConnector-repo.maven.apache.org-1-0] INFO  o.e.m.c.i.e.AbstractTransferListenerAdapter - Downloaded https://repo.maven.apache.org/maven2/jakarta/annotation/jakarta.annotation-api/2.1.1/jakarta.annotation-api-2.1.1.jar
2026-04-01 13:20:33,755 [BasicRepositoryConnector-repo.maven.apache.org-1-0] INFO  o.e.m.c.i.e.AbstractTransferListenerAdapter - Downloading https://repo.maven.apache.org/maven2/org/yaml/snakeyaml/2.2/snakeyaml-2.2.jar
2026-04-01 13:20:33,919 [BasicRepositoryConnector-repo.maven.apache.org-1-3] INFO  o.e.m.c.i.e.AbstractTransferListenerAdapter - Downloaded https://repo.maven.apache.org/maven2/org/apache/logging/log4j/log4j-api/2.21.1/log4j-api-2.21.1.jar
2026-04-01 13:20:33,920 [BasicRepositoryConnector-repo.maven.apache.org-1-0] INFO  o.e.m.c.i.e.AbstractTransferListenerAdapter - Downloaded https://repo.maven.apache.org/maven2/org/yaml/snakeyaml/2.2/snakeyaml-2.2.jar
2026-04-01 13:20:33,938 [BasicRepositoryConnector-repo.maven.apache.org-1-4] INFO  o.e.m.c.i.e.AbstractTransferListenerAdapter - Downloaded https://repo.maven.apache.org/maven2/ch/qos/logback/logback-core/1.4.14/logback-core-1.4.14.jar
2026-04-01 13:20:33,952 [BasicRepositoryConnector-repo.maven.apache.org-1-3] INFO  o.e.m.c.i.e.AbstractTransferListenerAdapter - Downloading https://repo.maven.apache.org/maven2/org/springframework/boot/spring-boot-starter-json/3.2.5/spring-boot-starter-json-3.2.5.jar
2026-04-01 13:20:33,962 [BasicRepositoryConnector-repo.maven.apache.org-1-3] INFO  o.e.m.c.i.e.AbstractTransferListenerAdapter - Downloaded https://repo.maven.apache.org/maven2/org/springframework/boot/spring-boot-starter-json/3.2.5/spring-boot-starter-json-3.2.5.jar
2026-04-01 13:20:33,965 [BasicRepositoryConnector-repo.maven.apache.org-1-0] INFO  o.e.m.c.i.e.AbstractTransferListenerAdapter - Downloading https://repo.maven.apache.org/maven2/com/fasterxml/jackson/core/jackson-databind/2.15.4/jackson-databind-2.15.4.jar
2026-04-01 13:20:33,989 [BasicRepositoryConnector-repo.maven.apache.org-1-4] INFO  o.e.m.c.i.e.AbstractTransferListenerAdapter - Downloading https://repo.maven.apache.org/maven2/com/fasterxml/jackson/core/jackson-annotations/2.15.4/jackson-annotations-2.15.4.jar
2026-04-01 13:20:34,003 [BasicRepositoryConnector-repo.maven.apache.org-1-3] INFO  o.e.m.c.i.e.AbstractTransferListenerAdapter - Downloading https://repo.maven.apache.org/maven2/com/fasterxml/jackson/core/jackson-core/2.15.4/jackson-core-2.15.4.jar
2026-04-01 13:20:34,003 [BasicRepositoryConnector-repo.maven.apache.org-1-1] INFO  o.e.m.c.i.e.AbstractTransferListenerAdapter - Downloaded https://repo.maven.apache.org/maven2/org/springframework/boot/spring-boot/3.2.5/spring-boot-3.2.5.jar
2026-04-01 13:20:34,010 [BasicRepositoryConnector-repo.maven.apache.org-1-4] INFO  o.e.m.c.i.e.AbstractTransferListenerAdapter - Downloaded https://repo.maven.apache.org/maven2/com/fasterxml/jackson/core/jackson-annotations/2.15.4/jackson-annotations-2.15.4.jar
2026-04-01 13:20:34,041 [BasicRepositoryConnector-repo.maven.apache.org-1-4] INFO  o.e.m.c.i.e.AbstractTransferListenerAdapter - Downloading https://repo.maven.apache.org/maven2/com/fasterxml/jackson/datatype/jackson-datatype-jsr310/2.15.4/jackson-datatype-jsr310-2.15.4.jar
2026-04-01 13:20:34,043 [BasicRepositoryConnector-repo.maven.apache.org-1-1] INFO  o.e.m.c.i.e.AbstractTransferListenerAdapter - Downloading https://repo.maven.apache.org/maven2/com/fasterxml/jackson/datatype/jackson-datatype-jdk8/2.15.4/jackson-datatype-jdk8-2.15.4.jar
2026-04-01 13:20:34,064 [BasicRepositoryConnector-repo.maven.apache.org-1-1] INFO  o.e.m.c.i.e.AbstractTransferListenerAdapter - Downloaded https://repo.maven.apache.org/maven2/com/fasterxml/jackson/datatype/jackson-datatype-jdk8/2.15.4/jackson-datatype-jdk8-2.15.4.jar
2026-04-01 13:20:34,075 [BasicRepositoryConnector-repo.maven.apache.org-1-4] INFO  o.e.m.c.i.e.AbstractTransferListenerAdapter - Downloaded https://repo.maven.apache.org/maven2/com/fasterxml/jackson/datatype/jackson-datatype-jsr310/2.15.4/jackson-datatype-jsr310-2.15.4.jar
2026-04-01 13:20:34,101 [BasicRepositoryConnector-repo.maven.apache.org-1-1] INFO  o.e.m.c.i.e.AbstractTransferListenerAdapter - Downloading https://repo.maven.apache.org/maven2/com/fasterxml/jackson/module/jackson-module-parameter-names/2.15.4/jackson-module-parameter-names-2.15.4.jar
2026-04-01 13:20:34,109 [BasicRepositoryConnector-repo.maven.apache.org-1-1] INFO  o.e.m.c.i.e.AbstractTransferListenerAdapter - Downloaded https://repo.maven.apache.org/maven2/com/fasterxml/jackson/module/jackson-module-parameter-names/2.15.4/jackson-module-parameter-names-2.15.4.jar
2026-04-01 13:20:34,111 [BasicRepositoryConnector-repo.maven.apache.org-1-4] INFO  o.e.m.c.i.e.AbstractTransferListenerAdapter - Downloading https://repo.maven.apache.org/maven2/org/springframework/boot/spring-boot-starter-tomcat/3.2.5/spring-boot-starter-tomcat-3.2.5.jar
2026-04-01 13:20:34,121 [BasicRepositoryConnector-repo.maven.apache.org-1-4] INFO  o.e.m.c.i.e.AbstractTransferListenerAdapter - Downloaded https://repo.maven.apache.org/maven2/org/springframework/boot/spring-boot-starter-tomcat/3.2.5/spring-boot-starter-tomcat-3.2.5.jar
2026-04-01 13:20:34,137 [BasicRepositoryConnector-repo.maven.apache.org-1-3] INFO  o.e.m.c.i.e.AbstractTransferListenerAdapter - Downloaded https://repo.maven.apache.org/maven2/com/fasterxml/jackson/core/jackson-core/2.15.4/jackson-core-2.15.4.jar
2026-04-01 13:20:34,143 [BasicRepositoryConnector-repo.maven.apache.org-1-1] INFO  o.e.m.c.i.e.AbstractTransferListenerAdapter - Downloading https://repo.maven.apache.org/maven2/org/apache/tomcat/embed/tomcat-embed-core/10.1.20/tomcat-embed-core-10.1.20.jar
2026-04-01 13:20:34,149 [BasicRepositoryConnector-repo.maven.apache.org-1-4] INFO  o.e.m.c.i.e.AbstractTransferListenerAdapter - Downloading https://repo.maven.apache.org/maven2/org/apache/tomcat/embed/tomcat-embed-websocket/10.1.20/tomcat-embed-websocket-10.1.20.jar
2026-04-01 13:20:34,174 [BasicRepositoryConnector-repo.maven.apache.org-1-3] INFO  o.e.m.c.i.e.AbstractTransferListenerAdapter - Downloading https://repo.maven.apache.org/maven2/org/springframework/spring-web/6.1.6/spring-web-6.1.6.jar
2026-04-01 13:20:34,323 [BasicRepositoryConnector-repo.maven.apache.org-1-4] INFO  o.e.m.c.i.e.AbstractTransferListenerAdapter - Downloaded https://repo.maven.apache.org/maven2/org/apache/tomcat/embed/tomcat-embed-websocket/10.1.20/tomcat-embed-websocket-10.1.20.jar
2026-04-01 13:20:34,369 [BasicRepositoryConnector-repo.maven.apache.org-1-4] INFO  o.e.m.c.i.e.AbstractTransferListenerAdapter - Downloading https://repo.maven.apache.org/maven2/org/springframework/spring-beans/6.1.6/spring-beans-6.1.6.jar
2026-04-01 13:20:34,538 [BasicRepositoryConnector-repo.maven.apache.org-1-2] INFO  o.e.m.c.i.e.AbstractTransferListenerAdapter - Downloaded https://repo.maven.apache.org/maven2/org/springframework/boot/spring-boot-autoconfigure/3.2.5/spring-boot-autoconfigure-3.2.5.jar
2026-04-01 13:20:34,645 [BasicRepositoryConnector-repo.maven.apache.org-1-2] INFO  o.e.m.c.i.e.AbstractTransferListenerAdapter - Downloading https://repo.maven.apache.org/maven2/io/micrometer/micrometer-observation/1.12.5/micrometer-observation-1.12.5.jar
2026-04-01 13:20:34,697 [BasicRepositoryConnector-repo.maven.apache.org-1-2] INFO  o.e.m.c.i.e.AbstractTransferListenerAdapter - Downloaded https://repo.maven.apache.org/maven2/io/micrometer/micrometer-observation/1.12.5/micrometer-observation-1.12.5.jar
2026-04-01 13:20:34,733 [BasicRepositoryConnector-repo.maven.apache.org-1-2] INFO  o.e.m.c.i.e.AbstractTransferListenerAdapter - Downloading https://repo.maven.apache.org/maven2/io/micrometer/micrometer-commons/1.12.5/micrometer-commons-1.12.5.jar
2026-04-01 13:20:34,772 [BasicRepositoryConnector-repo.maven.apache.org-1-2] INFO  o.e.m.c.i.e.AbstractTransferListenerAdapter - Downloaded https://repo.maven.apache.org/maven2/io/micrometer/micrometer-commons/1.12.5/micrometer-commons-1.12.5.jar
2026-04-01 13:20:34,826 [BasicRepositoryConnector-repo.maven.apache.org-1-2] INFO  o.e.m.c.i.e.AbstractTransferListenerAdapter - Downloading https://repo.maven.apache.org/maven2/org/springframework/spring-webmvc/6.1.6/spring-webmvc-6.1.6.jar
2026-04-01 13:20:35,044 [BasicRepositoryConnector-repo.maven.apache.org-1-4] INFO  o.e.m.c.i.e.AbstractTransferListenerAdapter - Downloaded https://repo.maven.apache.org/maven2/org/springframework/spring-beans/6.1.6/spring-beans-6.1.6.jar
2026-04-01 13:20:35,086 [BasicRepositoryConnector-repo.maven.apache.org-1-4] INFO  o.e.m.c.i.e.AbstractTransferListenerAdapter - Downloading https://repo.maven.apache.org/maven2/org/springframework/spring-aop/6.1.6/spring-aop-6.1.6.jar
2026-04-01 13:20:35,425 [BasicRepositoryConnector-repo.maven.apache.org-1-3] INFO  o.e.m.c.i.e.AbstractTransferListenerAdapter - Downloaded https://repo.maven.apache.org/maven2/org/springframework/spring-web/6.1.6/spring-web-6.1.6.jar
2026-04-01 13:20:35,434 [BasicRepositoryConnector-repo.maven.apache.org-1-4] INFO  o.e.m.c.i.e.AbstractTransferListenerAdapter - Downloaded https://repo.maven.apache.org/maven2/org/springframework/spring-aop/6.1.6/spring-aop-6.1.6.jar
2026-04-01 13:20:35,465 [BasicRepositoryConnector-repo.maven.apache.org-1-3] INFO  o.e.m.c.i.e.AbstractTransferListenerAdapter - Downloading https://repo.maven.apache.org/maven2/org/springframework/spring-context/6.1.6/spring-context-6.1.6.jar
2026-04-01 13:20:35,536 [BasicRepositoryConnector-repo.maven.apache.org-1-4] INFO  o.e.m.c.i.e.AbstractTransferListenerAdapter - Downloading https://repo.maven.apache.org/maven2/org/springframework/spring-expression/6.1.6/spring-expression-6.1.6.jar
2026-04-01 13:20:35,547 [BasicRepositoryConnector-repo.maven.apache.org-1-0] INFO  o.e.m.c.i.e.AbstractTransferListenerAdapter - Downloaded https://repo.maven.apache.org/maven2/com/fasterxml/jackson/core/jackson-databind/2.15.4/jackson-databind-2.15.4.jar
2026-04-01 13:20:35,588 [BasicRepositoryConnector-repo.maven.apache.org-1-0] INFO  o.e.m.c.i.e.AbstractTransferListenerAdapter - Downloading https://repo.maven.apache.org/maven2/org/springframework/boot/spring-boot-starter-data-jpa/3.2.5/spring-boot-starter-data-jpa-3.2.5.jar
2026-04-01 13:20:35,595 [BasicRepositoryConnector-repo.maven.apache.org-1-0] INFO  o.e.m.c.i.e.AbstractTransferListenerAdapter - Downloaded https://repo.maven.apache.org/maven2/org/springframework/boot/spring-boot-starter-data-jpa/3.2.5/spring-boot-starter-data-jpa-3.2.5.jar
2026-04-01 13:20:35,636 [BasicRepositoryConnector-repo.maven.apache.org-1-0] INFO  o.e.m.c.i.e.AbstractTransferListenerAdapter - Downloading https://repo.maven.apache.org/maven2/org/springframework/boot/spring-boot-starter-aop/3.2.5/spring-boot-starter-aop-3.2.5.jar
2026-04-01 13:20:35,641 [BasicRepositoryConnector-repo.maven.apache.org-1-0] INFO  o.e.m.c.i.e.AbstractTransferListenerAdapter - Downloaded https://repo.maven.apache.org/maven2/org/springframework/boot/spring-boot-starter-aop/3.2.5/spring-boot-starter-aop-3.2.5.jar
2026-04-01 13:20:35,723 [BasicRepositoryConnector-repo.maven.apache.org-1-0] INFO  o.e.m.c.i.e.AbstractTransferListenerAdapter - Downloading https://repo.maven.apache.org/maven2/org/aspectj/aspectjweaver/1.9.22/aspectjweaver-1.9.22.jar
2026-04-01 13:20:35,908 [BasicRepositoryConnector-repo.maven.apache.org-1-4] INFO  o.e.m.c.i.e.AbstractTransferListenerAdapter - Downloaded https://repo.maven.apache.org/maven2/org/springframework/spring-expression/6.1.6/spring-expression-6.1.6.jar
2026-04-01 13:20:35,944 [BasicRepositoryConnector-repo.maven.apache.org-1-4] INFO  o.e.m.c.i.e.AbstractTransferListenerAdapter - Downloading https://repo.maven.apache.org/maven2/org/springframework/boot/spring-boot-starter-jdbc/3.2.5/spring-boot-starter-jdbc-3.2.5.jar
2026-04-01 13:20:35,953 [BasicRepositoryConnector-repo.maven.apache.org-1-4] INFO  o.e.m.c.i.e.AbstractTransferListenerAdapter - Downloaded https://repo.maven.apache.org/maven2/org/springframework/boot/spring-boot-starter-jdbc/3.2.5/spring-boot-starter-jdbc-3.2.5.jar
2026-04-01 13:20:35,986 [BasicRepositoryConnector-repo.maven.apache.org-1-4] INFO  o.e.m.c.i.e.AbstractTransferListenerAdapter - Downloading https://repo.maven.apache.org/maven2/com/zaxxer/HikariCP/5.0.1/HikariCP-5.0.1.jar
2026-04-01 13:20:36,186 [BasicRepositoryConnector-repo.maven.apache.org-1-4] INFO  o.e.m.c.i.e.AbstractTransferListenerAdapter - Downloaded https://repo.maven.apache.org/maven2/com/zaxxer/HikariCP/5.0.1/HikariCP-5.0.1.jar
2026-04-01 13:20:36,228 [BasicRepositoryConnector-repo.maven.apache.org-1-4] INFO  o.e.m.c.i.e.AbstractTransferListenerAdapter - Downloading https://repo.maven.apache.org/maven2/org/springframework/spring-jdbc/6.1.6/spring-jdbc-6.1.6.jar
2026-04-01 13:20:36,429 [BasicRepositoryConnector-repo.maven.apache.org-1-2] INFO  o.e.m.c.i.e.AbstractTransferListenerAdapter - Downloaded https://repo.maven.apache.org/maven2/org/springframework/spring-webmvc/6.1.6/spring-webmvc-6.1.6.jar
2026-04-01 13:20:36,435 [BasicRepositoryConnector-repo.maven.apache.org-1-3] INFO  o.e.m.c.i.e.AbstractTransferListenerAdapter - Downloaded https://repo.maven.apache.org/maven2/org/springframework/spring-context/6.1.6/spring-context-6.1.6.jar
2026-04-01 13:20:36,472 [BasicRepositoryConnector-repo.maven.apache.org-1-2] INFO  o.e.m.c.i.e.AbstractTransferListenerAdapter - Downloading https://repo.maven.apache.org/maven2/org/hibernate/orm/hibernate-core/6.4.4.Final/hibernate-core-6.4.4.Final.jar
2026-04-01 13:20:36,496 [BasicRepositoryConnector-repo.maven.apache.org-1-3] INFO  o.e.m.c.i.e.AbstractTransferListenerAdapter - Downloading https://repo.maven.apache.org/maven2/jakarta/persistence/jakarta.persistence-api/3.1.0/jakarta.persistence-api-3.1.0.jar
2026-04-01 13:20:36,735 [BasicRepositoryConnector-repo.maven.apache.org-1-3] INFO  o.e.m.c.i.e.AbstractTransferListenerAdapter - Downloaded https://repo.maven.apache.org/maven2/jakarta/persistence/jakarta.persistence-api/3.1.0/jakarta.persistence-api-3.1.0.jar
2026-04-01 13:20:36,826 [BasicRepositoryConnector-repo.maven.apache.org-1-3] INFO  o.e.m.c.i.e.AbstractTransferListenerAdapter - Downloading https://repo.maven.apache.org/maven2/jakarta/transaction/jakarta.transaction-api/2.0.1/jakarta.transaction-api-2.0.1.jar
2026-04-01 13:20:36,836 [BasicRepositoryConnector-repo.maven.apache.org-1-3] INFO  o.e.m.c.i.e.AbstractTransferListenerAdapter - Downloaded https://repo.maven.apache.org/maven2/jakarta/transaction/jakarta.transaction-api/2.0.1/jakarta.transaction-api-2.0.1.jar
2026-04-01 13:20:36,901 [BasicRepositoryConnector-repo.maven.apache.org-1-3] INFO  o.e.m.c.i.e.AbstractTransferListenerAdapter - Downloading https://repo.maven.apache.org/maven2/org/jboss/logging/jboss-logging/3.5.3.Final/jboss-logging-3.5.3.Final.jar
2026-04-01 13:20:36,922 [BasicRepositoryConnector-repo.maven.apache.org-1-4] INFO  o.e.m.c.i.e.AbstractTransferListenerAdapter - Downloaded https://repo.maven.apache.org/maven2/org/springframework/spring-jdbc/6.1.6/spring-jdbc-6.1.6.jar
2026-04-01 13:20:36,978 [BasicRepositoryConnector-repo.maven.apache.org-1-4] INFO  o.e.m.c.i.e.AbstractTransferListenerAdapter - Downloading https://repo.maven.apache.org/maven2/org/hibernate/common/hibernate-commons-annotations/6.0.6.Final/hibernate-commons-annotations-6.0.6.Final.jar
2026-04-01 13:20:36,980 [BasicRepositoryConnector-repo.maven.apache.org-1-3] INFO  o.e.m.c.i.e.AbstractTransferListenerAdapter - Downloaded https://repo.maven.apache.org/maven2/org/jboss/logging/jboss-logging/3.5.3.Final/jboss-logging-3.5.3.Final.jar
2026-04-01 13:20:37,036 [BasicRepositoryConnector-repo.maven.apache.org-1-3] INFO  o.e.m.c.i.e.AbstractTransferListenerAdapter - Downloading https://repo.maven.apache.org/maven2/io/smallrye/jandex/3.1.2/jandex-3.1.2.jar
2026-04-01 13:20:37,043 [BasicRepositoryConnector-repo.maven.apache.org-1-4] INFO  o.e.m.c.i.e.AbstractTransferListenerAdapter - Downloaded https://repo.maven.apache.org/maven2/org/hibernate/common/hibernate-commons-annotations/6.0.6.Final/hibernate-commons-annotations-6.0.6.Final.jar
2026-04-01 13:20:37,071 [BasicRepositoryConnector-repo.maven.apache.org-1-1] INFO  o.e.m.c.i.e.AbstractTransferListenerAdapter - Downloaded https://repo.maven.apache.org/maven2/org/apache/tomcat/embed/tomcat-embed-core/10.1.20/tomcat-embed-core-10.1.20.jar
2026-04-01 13:20:37,077 [BasicRepositoryConnector-repo.maven.apache.org-1-4] INFO  o.e.m.c.i.e.AbstractTransferListenerAdapter - Downloading https://repo.maven.apache.org/maven2/com/fasterxml/classmate/1.6.0/classmate-1.6.0.jar
2026-04-01 13:20:37,114 [BasicRepositoryConnector-repo.maven.apache.org-1-1] INFO  o.e.m.c.i.e.AbstractTransferListenerAdapter - Downloading https://repo.maven.apache.org/maven2/net/bytebuddy/byte-buddy/1.14.13/byte-buddy-1.14.13.jar
2026-04-01 13:20:37,147 [BasicRepositoryConnector-repo.maven.apache.org-1-4] INFO  o.e.m.c.i.e.AbstractTransferListenerAdapter - Downloaded https://repo.maven.apache.org/maven2/com/fasterxml/classmate/1.6.0/classmate-1.6.0.jar
2026-04-01 13:20:37,199 [BasicRepositoryConnector-repo.maven.apache.org-1-4] INFO  o.e.m.c.i.e.AbstractTransferListenerAdapter - Downloading https://repo.maven.apache.org/maven2/org/glassfish/jaxb/jaxb-runtime/4.0.5/jaxb-runtime-4.0.5.jar
2026-04-01 13:20:37,511 [BasicRepositoryConnector-repo.maven.apache.org-1-3] INFO  o.e.m.c.i.e.AbstractTransferListenerAdapter - Downloaded https://repo.maven.apache.org/maven2/io/smallrye/jandex/3.1.2/jandex-3.1.2.jar
2026-04-01 13:20:37,538 [BasicRepositoryConnector-repo.maven.apache.org-1-3] INFO  o.e.m.c.i.e.AbstractTransferListenerAdapter - Downloading https://repo.maven.apache.org/maven2/org/glassfish/jaxb/jaxb-core/4.0.5/jaxb-core-4.0.5.jar
2026-04-01 13:20:37,694 [BasicRepositoryConnector-repo.maven.apache.org-1-3] INFO  o.e.m.c.i.e.AbstractTransferListenerAdapter - Downloaded https://repo.maven.apache.org/maven2/org/glassfish/jaxb/jaxb-core/4.0.5/jaxb-core-4.0.5.jar
2026-04-01 13:20:37,748 [BasicRepositoryConnector-repo.maven.apache.org-1-3] INFO  o.e.m.c.i.e.AbstractTransferListenerAdapter - Downloading https://repo.maven.apache.org/maven2/org/eclipse/angus/angus-activation/2.0.2/angus-activation-2.0.2.jar
2026-04-01 13:20:37,766 [BasicRepositoryConnector-repo.maven.apache.org-1-3] INFO  o.e.m.c.i.e.AbstractTransferListenerAdapter - Downloaded https://repo.maven.apache.org/maven2/org/eclipse/angus/angus-activation/2.0.2/angus-activation-2.0.2.jar
2026-04-01 13:20:37,820 [BasicRepositoryConnector-repo.maven.apache.org-1-3] INFO  o.e.m.c.i.e.AbstractTransferListenerAdapter - Downloading https://repo.maven.apache.org/maven2/org/glassfish/jaxb/txw2/4.0.5/txw2-4.0.5.jar
2026-04-01 13:20:37,932 [BasicRepositoryConnector-repo.maven.apache.org-1-3] INFO  o.e.m.c.i.e.AbstractTransferListenerAdapter - Downloaded https://repo.maven.apache.org/maven2/org/glassfish/jaxb/txw2/4.0.5/txw2-4.0.5.jar
2026-04-01 13:20:37,981 [BasicRepositoryConnector-repo.maven.apache.org-1-3] INFO  o.e.m.c.i.e.AbstractTransferListenerAdapter - Downloading https://repo.maven.apache.org/maven2/com/sun/istack/istack-commons-runtime/4.1.2/istack-commons-runtime-4.1.2.jar
2026-04-01 13:20:38,167 [BasicRepositoryConnector-repo.maven.apache.org-1-4] INFO  o.e.m.c.i.e.AbstractTransferListenerAdapter - Downloaded https://repo.maven.apache.org/maven2/org/glassfish/jaxb/jaxb-runtime/4.0.5/jaxb-runtime-4.0.5.jar
2026-04-01 13:20:38,208 [BasicRepositoryConnector-repo.maven.apache.org-1-4] INFO  o.e.m.c.i.e.AbstractTransferListenerAdapter - Downloading https://repo.maven.apache.org/maven2/jakarta/inject/jakarta.inject-api/2.0.1/jakarta.inject-api-2.0.1.jar
2026-04-01 13:20:38,216 [BasicRepositoryConnector-repo.maven.apache.org-1-4] INFO  o.e.m.c.i.e.AbstractTransferListenerAdapter - Downloaded https://repo.maven.apache.org/maven2/jakarta/inject/jakarta.inject-api/2.0.1/jakarta.inject-api-2.0.1.jar
2026-04-01 13:20:38,256 [BasicRepositoryConnector-repo.maven.apache.org-1-4] INFO  o.e.m.c.i.e.AbstractTransferListenerAdapter - Downloading https://repo.maven.apache.org/maven2/org/antlr/antlr4-runtime/4.13.0/antlr4-runtime-4.13.0.jar
2026-04-01 13:20:38,302 [BasicRepositoryConnector-repo.maven.apache.org-1-3] INFO  o.e.m.c.i.e.AbstractTransferListenerAdapter - Downloaded https://repo.maven.apache.org/maven2/com/sun/istack/istack-commons-runtime/4.1.2/istack-commons-runtime-4.1.2.jar
2026-04-01 13:20:38,354 [BasicRepositoryConnector-repo.maven.apache.org-1-3] INFO  o.e.m.c.i.e.AbstractTransferListenerAdapter - Downloading https://repo.maven.apache.org/maven2/org/springframework/data/spring-data-jpa/3.2.5/spring-data-jpa-3.2.5.jar
2026-04-01 13:20:38,643 [BasicRepositoryConnector-repo.maven.apache.org-1-4] INFO  o.e.m.c.i.e.AbstractTransferListenerAdapter - Downloaded https://repo.maven.apache.org/maven2/org/antlr/antlr4-runtime/4.13.0/antlr4-runtime-4.13.0.jar
2026-04-01 13:20:38,664 [BasicRepositoryConnector-repo.maven.apache.org-1-0] INFO  o.e.m.c.i.e.AbstractTransferListenerAdapter - Downloaded https://repo.maven.apache.org/maven2/org/aspectj/aspectjweaver/1.9.22/aspectjweaver-1.9.22.jar
2026-04-01 13:20:38,692 [BasicRepositoryConnector-repo.maven.apache.org-1-4] INFO  o.e.m.c.i.e.AbstractTransferListenerAdapter - Downloading https://repo.maven.apache.org/maven2/org/springframework/data/spring-data-commons/3.2.5/spring-data-commons-3.2.5.jar
2026-04-01 13:20:38,703 [BasicRepositoryConnector-repo.maven.apache.org-1-0] INFO  o.e.m.c.i.e.AbstractTransferListenerAdapter - Downloading https://repo.maven.apache.org/maven2/org/springframework/spring-orm/6.1.6/spring-orm-6.1.6.jar
2026-04-01 13:20:39,132 [BasicRepositoryConnector-repo.maven.apache.org-1-0] INFO  o.e.m.c.i.e.AbstractTransferListenerAdapter - Downloaded https://repo.maven.apache.org/maven2/org/springframework/spring-orm/6.1.6/spring-orm-6.1.6.jar
2026-04-01 13:20:39,177 [BasicRepositoryConnector-repo.maven.apache.org-1-0] INFO  o.e.m.c.i.e.AbstractTransferListenerAdapter - Downloading https://repo.maven.apache.org/maven2/org/springframework/spring-tx/6.1.6/spring-tx-6.1.6.jar
2026-04-01 13:20:39,557 [BasicRepositoryConnector-repo.maven.apache.org-1-0] INFO  o.e.m.c.i.e.AbstractTransferListenerAdapter - Downloaded https://repo.maven.apache.org/maven2/org/springframework/spring-tx/6.1.6/spring-tx-6.1.6.jar
2026-04-01 13:20:39,676 [BasicRepositoryConnector-repo.maven.apache.org-1-0] INFO  o.e.m.c.i.e.AbstractTransferListenerAdapter - Downloading https://repo.maven.apache.org/maven2/org/slf4j/slf4j-api/2.0.13/slf4j-api-2.0.13.jar
2026-04-01 13:20:39,739 [BasicRepositoryConnector-repo.maven.apache.org-1-0] INFO  o.e.m.c.i.e.AbstractTransferListenerAdapter - Downloaded https://repo.maven.apache.org/maven2/org/slf4j/slf4j-api/2.0.13/slf4j-api-2.0.13.jar
2026-04-01 13:20:39,789 [BasicRepositoryConnector-repo.maven.apache.org-1-0] INFO  o.e.m.c.i.e.AbstractTransferListenerAdapter - Downloading https://repo.maven.apache.org/maven2/org/springframework/spring-aspects/6.1.6/spring-aspects-6.1.6.jar
2026-04-01 13:20:39,836 [BasicRepositoryConnector-repo.maven.apache.org-1-0] INFO  o.e.m.c.i.e.AbstractTransferListenerAdapter - Downloaded https://repo.maven.apache.org/maven2/org/springframework/spring-aspects/6.1.6/spring-aspects-6.1.6.jar
2026-04-01 13:20:39,880 [BasicRepositoryConnector-repo.maven.apache.org-1-0] INFO  o.e.m.c.i.e.AbstractTransferListenerAdapter - Downloading https://repo.maven.apache.org/maven2/org/springframework/boot/spring-boot-starter-validation/3.2.5/spring-boot-starter-validation-3.2.5.jar
2026-04-01 13:20:39,887 [BasicRepositoryConnector-repo.maven.apache.org-1-0] INFO  o.e.m.c.i.e.AbstractTransferListenerAdapter - Downloaded https://repo.maven.apache.org/maven2/org/springframework/boot/spring-boot-starter-validation/3.2.5/spring-boot-starter-validation-3.2.5.jar
2026-04-01 13:20:39,938 [BasicRepositoryConnector-repo.maven.apache.org-1-0] INFO  o.e.m.c.i.e.AbstractTransferListenerAdapter - Downloading https://repo.maven.apache.org/maven2/org/apache/tomcat/embed/tomcat-embed-el/10.1.20/tomcat-embed-el-10.1.20.jar
2026-04-01 13:20:40,231 [BasicRepositoryConnector-repo.maven.apache.org-1-0] INFO  o.e.m.c.i.e.AbstractTransferListenerAdapter - Downloaded https://repo.maven.apache.org/maven2/org/apache/tomcat/embed/tomcat-embed-el/10.1.20/tomcat-embed-el-10.1.20.jar
2026-04-01 13:20:40,248 [BasicRepositoryConnector-repo.maven.apache.org-1-3] INFO  o.e.m.c.i.e.AbstractTransferListenerAdapter - Downloaded https://repo.maven.apache.org/maven2/org/springframework/data/spring-data-jpa/3.2.5/spring-data-jpa-3.2.5.jar
2026-04-01 13:20:40,273 [BasicRepositoryConnector-repo.maven.apache.org-1-0] INFO  o.e.m.c.i.e.AbstractTransferListenerAdapter - Downloading https://repo.maven.apache.org/maven2/org/hibernate/validator/hibernate-validator/8.0.1.Final/hibernate-validator-8.0.1.Final.jar
2026-04-01 13:20:40,276 [BasicRepositoryConnector-repo.maven.apache.org-1-3] INFO  o.e.m.c.i.e.AbstractTransferListenerAdapter - Downloaded https://repo.maven.apache.org/maven2/jakarta/validation/jakarta.validation-api/3.0.2/jakarta.validation-api-3.0.2.jar
2026-04-01 13:20:40,276 [BasicRepositoryConnector-repo.maven.apache.org-1-4] INFO  o.e.m.c.i.e.AbstractTransferListenerAdapter - Downloaded https://repo.maven.apache.org/maven2/org/springframework/data/spring-data-commons/3.2.5/spring-data-commons-3.2.5.jar
2026-04-01 13:20:40,307 [BasicRepositoryConnector-repo.maven.apache.org-1-3] INFO  o.e.m.c.i.e.AbstractTransferListenerAdapter - Downloaded https://repo.maven.apache.org/maven2/org/mariadb/jdbc/mariadb-java-client/3.3.3/mariadb-java-client-3.3.3.jar
2026-04-01 13:20:40,313 [BasicRepositoryConnector-repo.maven.apache.org-1-4] INFO  o.e.m.c.i.e.AbstractTransferListenerAdapter - Downloaded https://repo.maven.apache.org/maven2/com/github/waffle/waffle-jna/3.3.0/waffle-jna-3.3.0.jar
2026-04-01 13:20:40,344 [BasicRepositoryConnector-repo.maven.apache.org-1-4] INFO  o.e.m.c.i.e.AbstractTransferListenerAdapter - Downloaded https://repo.maven.apache.org/maven2/com/github/ben-manes/caffeine/caffeine/3.1.8/caffeine-3.1.8.jar
2026-04-01 13:20:40,347 [BasicRepositoryConnector-repo.maven.apache.org-1-3] INFO  o.e.m.c.i.e.AbstractTransferListenerAdapter - Downloading https://repo.maven.apache.org/maven2/org/slf4j/jcl-over-slf4j/2.0.13/jcl-over-slf4j-2.0.13.jar
2026-04-01 13:20:40,355 [BasicRepositoryConnector-repo.maven.apache.org-1-3] INFO  o.e.m.c.i.e.AbstractTransferListenerAdapter - Downloaded https://repo.maven.apache.org/maven2/org/slf4j/jcl-over-slf4j/2.0.13/jcl-over-slf4j-2.0.13.jar
2026-04-01 13:20:40,380 [BasicRepositoryConnector-repo.maven.apache.org-1-4] INFO  o.e.m.c.i.e.AbstractTransferListenerAdapter - Downloaded https://repo.maven.apache.org/maven2/com/google/errorprone/error_prone_annotations/2.21.1/error_prone_annotations-2.21.1.jar
2026-04-01 13:20:40,384 [BasicRepositoryConnector-repo.maven.apache.org-1-3] INFO  o.e.m.c.i.e.AbstractTransferListenerAdapter - Downloaded https://repo.maven.apache.org/maven2/org/checkerframework/checker-qual/3.32.0/checker-qual-3.32.0.jar
2026-04-01 13:20:40,438 [BasicRepositoryConnector-repo.maven.apache.org-1-4] INFO  o.e.m.c.i.e.AbstractTransferListenerAdapter - Downloaded https://repo.maven.apache.org/maven2/org/projectlombok/lombok/1.18.32/lombok-1.18.32.jar
2026-04-01 13:20:40,441 [BasicRepositoryConnector-repo.maven.apache.org-1-3] INFO  o.e.m.c.i.e.AbstractTransferListenerAdapter - Downloading https://repo.maven.apache.org/maven2/org/springframework/boot/spring-boot-starter-test/3.2.5/spring-boot-starter-test-3.2.5.jar
2026-04-01 13:20:40,453 [BasicRepositoryConnector-repo.maven.apache.org-1-3] INFO  o.e.m.c.i.e.AbstractTransferListenerAdapter - Downloaded https://repo.maven.apache.org/maven2/org/springframework/boot/spring-boot-starter-test/3.2.5/spring-boot-starter-test-3.2.5.jar
2026-04-01 13:20:40,493 [BasicRepositoryConnector-repo.maven.apache.org-1-4] INFO  o.e.m.c.i.e.AbstractTransferListenerAdapter - Downloading https://repo.maven.apache.org/maven2/org/springframework/boot/spring-boot-test/3.2.5/spring-boot-test-3.2.5.jar
2026-04-01 13:20:40,502 [BasicRepositoryConnector-repo.maven.apache.org-1-3] INFO  o.e.m.c.i.e.AbstractTransferListenerAdapter - Downloading https://repo.maven.apache.org/maven2/org/springframework/boot/spring-boot-test-autoconfigure/3.2.5/spring-boot-test-autoconfigure-3.2.5.jar
2026-04-01 13:20:40,773 [BasicRepositoryConnector-repo.maven.apache.org-1-3] INFO  o.e.m.c.i.e.AbstractTransferListenerAdapter - Downloaded https://repo.maven.apache.org/maven2/org/springframework/boot/spring-boot-test-autoconfigure/3.2.5/spring-boot-test-autoconfigure-3.2.5.jar
2026-04-01 13:20:40,810 [BasicRepositoryConnector-repo.maven.apache.org-1-3] INFO  o.e.m.c.i.e.AbstractTransferListenerAdapter - Downloaded https://repo.maven.apache.org/maven2/com/jayway/jsonpath/json-path/2.9.0/json-path-2.9.0.jar
2026-04-01 13:20:40,818 [BasicRepositoryConnector-repo.maven.apache.org-1-4] INFO  o.e.m.c.i.e.AbstractTransferListenerAdapter - Downloaded https://repo.maven.apache.org/maven2/org/springframework/boot/spring-boot-test/3.2.5/spring-boot-test-3.2.5.jar
2026-04-01 13:20:40,845 [BasicRepositoryConnector-repo.maven.apache.org-1-3] INFO  o.e.m.c.i.e.AbstractTransferListenerAdapter - Downloaded https://repo.maven.apache.org/maven2/jakarta/xml/bind/jakarta.xml.bind-api/4.0.2/jakarta.xml.bind-api-4.0.2.jar
2026-04-01 13:20:40,859 [BasicRepositoryConnector-repo.maven.apache.org-1-4] INFO  o.e.m.c.i.e.AbstractTransferListenerAdapter - Downloaded https://repo.maven.apache.org/maven2/jakarta/activation/jakarta.activation-api/2.1.3/jakarta.activation-api-2.1.3.jar
2026-04-01 13:20:40,893 [BasicRepositoryConnector-repo.maven.apache.org-1-3] INFO  o.e.m.c.i.e.AbstractTransferListenerAdapter - Downloading https://repo.maven.apache.org/maven2/net/minidev/json-smart/2.5.1/json-smart-2.5.1.jar
2026-04-01 13:20:40,917 [BasicRepositoryConnector-repo.maven.apache.org-1-4] INFO  o.e.m.c.i.e.AbstractTransferListenerAdapter - Downloading https://repo.maven.apache.org/maven2/net/minidev/accessors-smart/2.5.1/accessors-smart-2.5.1.jar
2026-04-01 13:20:40,941 [BasicRepositoryConnector-repo.maven.apache.org-1-4] INFO  o.e.m.c.i.e.AbstractTransferListenerAdapter - Downloaded https://repo.maven.apache.org/maven2/net/minidev/accessors-smart/2.5.1/accessors-smart-2.5.1.jar
2026-04-01 13:20:41,023 [BasicRepositoryConnector-repo.maven.apache.org-1-3] INFO  o.e.m.c.i.e.AbstractTransferListenerAdapter - Downloaded https://repo.maven.apache.org/maven2/net/minidev/json-smart/2.5.1/json-smart-2.5.1.jar
2026-04-01 13:20:41,049 [BasicRepositoryConnector-repo.maven.apache.org-1-4] INFO  o.e.m.c.i.e.AbstractTransferListenerAdapter - Downloading https://repo.maven.apache.org/maven2/org/assertj/assertj-core/3.24.2/assertj-core-3.24.2.jar
2026-04-01 13:20:41,104 [BasicRepositoryConnector-repo.maven.apache.org-1-3] INFO  o.e.m.c.i.e.AbstractTransferListenerAdapter - Downloading https://repo.maven.apache.org/maven2/org/awaitility/awaitility/4.2.1/awaitility-4.2.1.jar
2026-04-01 13:20:41,201 [BasicRepositoryConnector-repo.maven.apache.org-1-3] INFO  o.e.m.c.i.e.AbstractTransferListenerAdapter - Downloaded https://repo.maven.apache.org/maven2/org/awaitility/awaitility/4.2.1/awaitility-4.2.1.jar
2026-04-01 13:20:41,263 [BasicRepositoryConnector-repo.maven.apache.org-1-3] INFO  o.e.m.c.i.e.AbstractTransferListenerAdapter - Downloaded https://repo.maven.apache.org/maven2/org/hamcrest/hamcrest/2.2/hamcrest-2.2.jar
2026-04-01 13:20:41,308 [BasicRepositoryConnector-repo.maven.apache.org-1-3] INFO  o.e.m.c.i.e.AbstractTransferListenerAdapter - Downloading https://repo.maven.apache.org/maven2/org/junit/jupiter/junit-jupiter/5.10.2/junit-jupiter-5.10.2.jar
2026-04-01 13:20:41,316 [BasicRepositoryConnector-repo.maven.apache.org-1-3] INFO  o.e.m.c.i.e.AbstractTransferListenerAdapter - Downloaded https://repo.maven.apache.org/maven2/org/junit/jupiter/junit-jupiter/5.10.2/junit-jupiter-5.10.2.jar
2026-04-01 13:20:41,377 [BasicRepositoryConnector-repo.maven.apache.org-1-3] INFO  o.e.m.c.i.e.AbstractTransferListenerAdapter - Downloading https://repo.maven.apache.org/maven2/org/junit/jupiter/junit-jupiter-api/5.10.2/junit-jupiter-api-5.10.2.jar
2026-04-01 13:20:41,593 [BasicRepositoryConnector-repo.maven.apache.org-1-3] INFO  o.e.m.c.i.e.AbstractTransferListenerAdapter - Downloaded https://repo.maven.apache.org/maven2/org/junit/jupiter/junit-jupiter-api/5.10.2/junit-jupiter-api-5.10.2.jar
2026-04-01 13:20:41,628 [BasicRepositoryConnector-repo.maven.apache.org-1-3] INFO  o.e.m.c.i.e.AbstractTransferListenerAdapter - Downloaded https://repo.maven.apache.org/maven2/org/opentest4j/opentest4j/1.3.0/opentest4j-1.3.0.jar
2026-04-01 13:20:41,656 [BasicRepositoryConnector-repo.maven.apache.org-1-0] INFO  o.e.m.c.i.e.AbstractTransferListenerAdapter - Downloaded https://repo.maven.apache.org/maven2/org/hibernate/validator/hibernate-validator/8.0.1.Final/hibernate-validator-8.0.1.Final.jar
2026-04-01 13:20:41,667 [BasicRepositoryConnector-repo.maven.apache.org-1-1] INFO  o.e.m.c.i.e.AbstractTransferListenerAdapter - Downloaded https://repo.maven.apache.org/maven2/net/bytebuddy/byte-buddy/1.14.13/byte-buddy-1.14.13.jar
2026-04-01 13:20:41,670 [BasicRepositoryConnector-repo.maven.apache.org-1-3] INFO  o.e.m.c.i.e.AbstractTransferListenerAdapter - Downloading https://repo.maven.apache.org/maven2/org/junit/platform/junit-platform-commons/1.10.2/junit-platform-commons-1.10.2.jar
2026-04-01 13:20:41,687 [BasicRepositoryConnector-repo.maven.apache.org-1-0] INFO  o.e.m.c.i.e.AbstractTransferListenerAdapter - Downloaded https://repo.maven.apache.org/maven2/org/apiguardian/apiguardian-api/1.1.2/apiguardian-api-1.1.2.jar
2026-04-01 13:20:41,712 [BasicRepositoryConnector-repo.maven.apache.org-1-1] INFO  o.e.m.c.i.e.AbstractTransferListenerAdapter - Downloading https://repo.maven.apache.org/maven2/org/junit/jupiter/junit-jupiter-params/5.10.2/junit-jupiter-params-5.10.2.jar
2026-04-01 13:20:41,774 [BasicRepositoryConnector-repo.maven.apache.org-1-0] INFO  o.e.m.c.i.e.AbstractTransferListenerAdapter - Downloading https://repo.maven.apache.org/maven2/org/junit/jupiter/junit-jupiter-engine/5.10.2/junit-jupiter-engine-5.10.2.jar
2026-04-01 13:20:41,978 [BasicRepositoryConnector-repo.maven.apache.org-1-3] INFO  o.e.m.c.i.e.AbstractTransferListenerAdapter - Downloaded https://repo.maven.apache.org/maven2/org/junit/platform/junit-platform-commons/1.10.2/junit-platform-commons-1.10.2.jar
2026-04-01 13:20:42,117 [BasicRepositoryConnector-repo.maven.apache.org-1-3] INFO  o.e.m.c.i.e.AbstractTransferListenerAdapter - Downloading https://repo.maven.apache.org/maven2/org/junit/platform/junit-platform-engine/1.10.2/junit-platform-engine-1.10.2.jar
2026-04-01 13:20:42,197 [BasicRepositoryConnector-repo.maven.apache.org-1-0] INFO  o.e.m.c.i.e.AbstractTransferListenerAdapter - Downloaded https://repo.maven.apache.org/maven2/org/junit/jupiter/junit-jupiter-engine/5.10.2/junit-jupiter-engine-5.10.2.jar
2026-04-01 13:20:42,270 [BasicRepositoryConnector-repo.maven.apache.org-1-0] INFO  o.e.m.c.i.e.AbstractTransferListenerAdapter - Downloading https://repo.maven.apache.org/maven2/org/mockito/mockito-core/5.7.0/mockito-core-5.7.0.jar
2026-04-01 13:20:42,313 [BasicRepositoryConnector-repo.maven.apache.org-1-3] INFO  o.e.m.c.i.e.AbstractTransferListenerAdapter - Downloaded https://repo.maven.apache.org/maven2/org/junit/platform/junit-platform-engine/1.10.2/junit-platform-engine-1.10.2.jar
2026-04-01 13:20:42,363 [BasicRepositoryConnector-repo.maven.apache.org-1-3] INFO  o.e.m.c.i.e.AbstractTransferListenerAdapter - Downloading https://repo.maven.apache.org/maven2/net/bytebuddy/byte-buddy-agent/1.14.13/byte-buddy-agent-1.14.13.jar
2026-04-01 13:20:42,703 [BasicRepositoryConnector-repo.maven.apache.org-1-1] INFO  o.e.m.c.i.e.AbstractTransferListenerAdapter - Downloaded https://repo.maven.apache.org/maven2/org/junit/jupiter/junit-jupiter-params/5.10.2/junit-jupiter-params-5.10.2.jar
2026-04-01 13:20:42,726 [BasicRepositoryConnector-repo.maven.apache.org-1-4] INFO  o.e.m.c.i.e.AbstractTransferListenerAdapter - Downloaded https://repo.maven.apache.org/maven2/org/assertj/assertj-core/3.24.2/assertj-core-3.24.2.jar
2026-04-01 13:20:42,737 [BasicRepositoryConnector-repo.maven.apache.org-1-1] INFO  o.e.m.c.i.e.AbstractTransferListenerAdapter - Downloaded https://repo.maven.apache.org/maven2/org/objenesis/objenesis/3.3/objenesis-3.3.jar
2026-04-01 13:20:42,753 [BasicRepositoryConnector-repo.maven.apache.org-1-3] INFO  o.e.m.c.i.e.AbstractTransferListenerAdapter - Downloaded https://repo.maven.apache.org/maven2/net/bytebuddy/byte-buddy-agent/1.14.13/byte-buddy-agent-1.14.13.jar
2026-04-01 13:20:42,760 [BasicRepositoryConnector-repo.maven.apache.org-1-4] INFO  o.e.m.c.i.e.AbstractTransferListenerAdapter - Downloading https://repo.maven.apache.org/maven2/org/mockito/mockito-junit-jupiter/5.7.0/mockito-junit-jupiter-5.7.0.jar
2026-04-01 13:20:42,765 [BasicRepositoryConnector-repo.maven.apache.org-1-1] INFO  o.e.m.c.i.e.AbstractTransferListenerAdapter - Downloading https://repo.maven.apache.org/maven2/org/skyscreamer/jsonassert/1.5.1/jsonassert-1.5.1.jar
2026-04-01 13:20:42,772 [BasicRepositoryConnector-repo.maven.apache.org-1-4] INFO  o.e.m.c.i.e.AbstractTransferListenerAdapter - Downloaded https://repo.maven.apache.org/maven2/org/mockito/mockito-junit-jupiter/5.7.0/mockito-junit-jupiter-5.7.0.jar
2026-04-01 13:20:42,775 [BasicRepositoryConnector-repo.maven.apache.org-1-3] INFO  o.e.m.c.i.e.AbstractTransferListenerAdapter - Downloaded https://repo.maven.apache.org/maven2/com/vaadin/external/google/android-json/0.0.20131108.vaadin1/android-json-0.0.20131108.vaadin1.jar
2026-04-01 13:20:42,844 [BasicRepositoryConnector-repo.maven.apache.org-1-4] INFO  o.e.m.c.i.e.AbstractTransferListenerAdapter - Downloading https://repo.maven.apache.org/maven2/org/springframework/spring-core/6.1.6/spring-core-6.1.6.jar
2026-04-01 13:20:42,848 [BasicRepositoryConnector-repo.maven.apache.org-1-1] INFO  o.e.m.c.i.e.AbstractTransferListenerAdapter - Downloaded https://repo.maven.apache.org/maven2/org/skyscreamer/jsonassert/1.5.1/jsonassert-1.5.1.jar
2026-04-01 13:20:42,856 [BasicRepositoryConnector-repo.maven.apache.org-1-3] INFO  o.e.m.c.i.e.AbstractTransferListenerAdapter - Downloading https://repo.maven.apache.org/maven2/org/springframework/spring-jcl/6.1.6/spring-jcl-6.1.6.jar
2026-04-01 13:20:42,869 [BasicRepositoryConnector-repo.maven.apache.org-1-3] INFO  o.e.m.c.i.e.AbstractTransferListenerAdapter - Downloaded https://repo.maven.apache.org/maven2/org/springframework/spring-jcl/6.1.6/spring-jcl-6.1.6.jar
2026-04-01 13:20:42,904 [BasicRepositoryConnector-repo.maven.apache.org-1-1] INFO  o.e.m.c.i.e.AbstractTransferListenerAdapter - Downloading https://repo.maven.apache.org/maven2/org/springframework/spring-test/6.1.6/spring-test-6.1.6.jar
2026-04-01 13:20:42,920 [BasicRepositoryConnector-repo.maven.apache.org-1-3] INFO  o.e.m.c.i.e.AbstractTransferListenerAdapter - Downloading https://repo.maven.apache.org/maven2/org/xmlunit/xmlunit-core/2.9.1/xmlunit-core-2.9.1.jar
2026-04-01 13:20:43,075 [BasicRepositoryConnector-repo.maven.apache.org-1-0] INFO  o.e.m.c.i.e.AbstractTransferListenerAdapter - Downloaded https://repo.maven.apache.org/maven2/org/mockito/mockito-core/5.7.0/mockito-core-5.7.0.jar
2026-04-01 13:20:43,076 [BasicRepositoryConnector-repo.maven.apache.org-1-3] INFO  o.e.m.c.i.e.AbstractTransferListenerAdapter - Downloaded https://repo.maven.apache.org/maven2/org/xmlunit/xmlunit-core/2.9.1/xmlunit-core-2.9.1.jar
2026-04-01 13:20:43,644 [BasicRepositoryConnector-repo.maven.apache.org-1-1] INFO  o.e.m.c.i.e.AbstractTransferListenerAdapter - Downloaded https://repo.maven.apache.org/maven2/org/springframework/spring-test/6.1.6/spring-test-6.1.6.jar
2026-04-01 13:20:43,914 [BasicRepositoryConnector-repo.maven.apache.org-1-4] INFO  o.e.m.c.i.e.AbstractTransferListenerAdapter - Downloaded https://repo.maven.apache.org/maven2/org/springframework/spring-core/6.1.6/spring-core-6.1.6.jar
2026-04-01 13:20:45,196 [BasicRepositoryConnector-repo.maven.apache.org-1-2] INFO  o.e.m.c.i.e.AbstractTransferListenerAdapter - Downloaded https://repo.maven.apache.org/maven2/org/hibernate/orm/hibernate-core/6.4.4.Final/hibernate-core-6.4.4.Final.jar
2026-04-01 13:20:46,570 [Worker-17: Building] INFO  o.a.m.s.f.DefaultMavenResourcesFiltering - Copying 1 resource from src\main\resources to target\classes
2026-04-01 13:20:46,595 [Worker-17: Building] INFO  o.a.m.s.f.DefaultMavenResourcesFiltering - Copying 0 resource from src\main\resources to target\classes
2026-04-01 13:20:46,599 [Worker-17: Building] INFO  o.a.m.s.f.DefaultMavenResourcesFiltering - skip non existing resourceDirectory C:\Users\safecnc\Desktop\거지들의 지갑\거지들의 지갑\거지들의 지갑\workspace\poormoney\src\test\resources
2026-04-01 13:20:46,624 [Worker-17: Building] INFO  o.e.m.c.i.e.AbstractTransferListenerAdapter - Downloading https://repo.maven.apache.org/maven2/org/apache/maven/plugins/maven-surefire-plugin/3.1.2/maven-surefire-plugin-3.1.2.pom
2026-04-01 13:20:46,631 [Worker-17: Building] INFO  o.e.m.c.i.e.AbstractTransferListenerAdapter - Downloaded https://repo.maven.apache.org/maven2/org/apache/maven/plugins/maven-surefire-plugin/3.1.2/maven-surefire-plugin-3.1.2.pom
2026-04-01 13:20:46,661 [Worker-17: Building] INFO  o.e.m.c.i.e.AbstractTransferListenerAdapter - Downloading https://repo.maven.apache.org/maven2/org/apache/maven/surefire/surefire/3.1.2/surefire-3.1.2.pom
2026-04-01 13:20:46,670 [Worker-17: Building] INFO  o.e.m.c.i.e.AbstractTransferListenerAdapter - Downloaded https://repo.maven.apache.org/maven2/org/apache/maven/surefire/surefire/3.1.2/surefire-3.1.2.pom
2026-04-01 13:20:47,087 [Worker-18: Download sources and javadoc] INFO  o.e.m.c.i.e.AbstractTransferListenerAdapter - Downloading https://repo.maven.apache.org/maven2/org/springframework/boot/spring-boot-starter-web/3.2.5/spring-boot-starter-web-3.2.5-sources.jar
2026-04-01 13:20:47,103 [Worker-18: Download sources and javadoc] INFO  o.e.m.c.i.e.AbstractTransferListenerAdapter - Downloaded https://repo.maven.apache.org/maven2/org/springframework/boot/spring-boot-starter-web/3.2.5/spring-boot-starter-web-3.2.5-sources.jar
2026-04-01 13:20:47,111 [Worker-18: Download sources and javadoc] INFO  o.e.m.j.internal.DownloadSourcesJob - Downloaded sources for org.springframework.boot:spring-boot-starter-web:3.2.5
2026-04-01 13:20:47,180 [Worker-18: Download sources and javadoc] INFO  o.e.m.c.i.e.AbstractTransferListenerAdapter - Downloading https://repo.maven.apache.org/maven2/org/springframework/boot/spring-boot-starter/3.2.5/spring-boot-starter-3.2.5-sources.jar
2026-04-01 13:20:47,191 [Worker-18: Download sources and javadoc] INFO  o.e.m.c.i.e.AbstractTransferListenerAdapter - Downloaded https://repo.maven.apache.org/maven2/org/springframework/boot/spring-boot-starter/3.2.5/spring-boot-starter-3.2.5-sources.jar
2026-04-01 13:20:47,202 [Worker-18: Download sources and javadoc] INFO  o.e.m.j.internal.DownloadSourcesJob - Downloaded sources for org.springframework.boot:spring-boot-starter:3.2.5
2026-04-01 13:20:47,258 [Worker-18: Download sources and javadoc] INFO  o.e.m.c.i.e.AbstractTransferListenerAdapter - Downloading https://repo.maven.apache.org/maven2/org/springframework/boot/spring-boot/3.2.5/spring-boot-3.2.5-sources.jar
2026-04-01 13:20:47,424 [Worker-18: Download sources and javadoc] INFO  o.e.m.c.i.e.AbstractTransferListenerAdapter - Downloaded https://repo.maven.apache.org/maven2/org/springframework/boot/spring-boot/3.2.5/spring-boot-3.2.5-sources.jar
2026-04-01 13:20:47,441 [Worker-18: Download sources and javadoc] INFO  o.e.m.j.internal.DownloadSourcesJob - Downloaded sources for org.springframework.boot:spring-boot:3.2.5
2026-04-01 13:20:47,461 [Worker-11: Updating Maven Project] INFO  o.e.m.c.i.p.ProjectConfigurationManager - Update started
2026-04-01 13:20:47,506 [Worker-18: Download sources and javadoc] INFO  o.e.m.c.i.e.AbstractTransferListenerAdapter - Downloading https://repo.maven.apache.org/maven2/org/springframework/boot/spring-boot-autoconfigure/3.2.5/spring-boot-autoconfigure-3.2.5-sources.jar
2026-04-01 13:20:47,700 [Worker-18: Download sources and javadoc] INFO  o.e.m.c.i.e.AbstractTransferListenerAdapter - Downloaded https://repo.maven.apache.org/maven2/org/springframework/boot/spring-boot-autoconfigure/3.2.5/spring-boot-autoconfigure-3.2.5-sources.jar
2026-04-01 13:20:47,713 [Worker-18: Download sources and javadoc] INFO  o.e.m.j.internal.DownloadSourcesJob - Downloaded sources for org.springframework.boot:spring-boot-autoconfigure:3.2.5
2026-04-01 13:20:49,216 [Worker-18: Download sources and javadoc] INFO  o.e.m.c.i.e.AbstractTransferListenerAdapter - Downloading https://repo.maven.apache.org/maven2/org/springframework/boot/spring-boot-starter-logging/3.2.5/spring-boot-starter-logging-3.2.5-sources.jar
2026-04-01 13:20:49,227 [Worker-18: Download sources and javadoc] INFO  o.e.m.c.i.e.AbstractTransferListenerAdapter - Downloaded https://repo.maven.apache.org/maven2/org/springframework/boot/spring-boot-starter-logging/3.2.5/spring-boot-starter-logging-3.2.5-sources.jar
2026-04-01 13:20:49,234 [Worker-18: Download sources and javadoc] INFO  o.e.m.j.internal.DownloadSourcesJob - Downloaded sources for org.springframework.boot:spring-boot-starter-logging:3.2.5
2026-04-01 13:20:49,309 [Worker-18: Download sources and javadoc] INFO  o.e.m.c.i.e.AbstractTransferListenerAdapter - Downloading https://repo.maven.apache.org/maven2/ch/qos/logback/logback-classic/1.4.14/logback-classic-1.4.14-sources.jar
2026-04-01 13:20:49,348 [Worker-18: Download sources and javadoc] INFO  o.e.m.c.i.e.AbstractTransferListenerAdapter - Downloaded https://repo.maven.apache.org/maven2/ch/qos/logback/logback-classic/1.4.14/logback-classic-1.4.14-sources.jar
2026-04-01 13:20:49,354 [Worker-18: Download sources and javadoc] INFO  o.e.m.j.internal.DownloadSourcesJob - Downloaded sources for ch.qos.logback:logback-classic:1.4.14
2026-04-01 13:20:49,399 [Worker-18: Download sources and javadoc] INFO  o.e.m.c.i.e.AbstractTransferListenerAdapter - Downloading https://repo.maven.apache.org/maven2/ch/qos/logback/logback-core/1.4.14/logback-core-1.4.14-sources.jar
2026-04-01 13:20:49,418 [Worker-11: Updating Maven Project] INFO  o.e.m.c.i.l.LifecycleMappingFactory - Using org.eclipse.m2e.jdt.JarLifecycleMapping lifecycle mapping for MavenProject: poormoney:poormoney:0.0.1-SNAPSHOT @ C:\Users\safecnc\Desktop\거지들의 지갑\거지들의 지갑\거지들의 지갑\workspace\poormoney\pom.xml.
2026-04-01 13:20:49,477 [Worker-18: Download sources and javadoc] INFO  o.e.m.c.i.e.AbstractTransferListenerAdapter - Downloaded https://repo.maven.apache.org/maven2/ch/qos/logback/logback-core/1.4.14/logback-core-1.4.14-sources.jar
2026-04-01 13:20:49,484 [Worker-18: Download sources and javadoc] INFO  o.e.m.j.internal.DownloadSourcesJob - Downloaded sources for ch.qos.logback:logback-core:1.4.14
2026-04-01 13:20:49,540 [Worker-18: Download sources and javadoc] INFO  o.e.m.c.i.e.AbstractTransferListenerAdapter - Downloading https://repo.maven.apache.org/maven2/org/apache/logging/log4j/log4j-to-slf4j/2.21.1/log4j-to-slf4j-2.21.1-sources.jar
2026-04-01 13:20:49,571 [Worker-18: Download sources and javadoc] INFO  o.e.m.c.i.e.AbstractTransferListenerAdapter - Downloaded https://repo.maven.apache.org/maven2/org/apache/logging/log4j/log4j-to-slf4j/2.21.1/log4j-to-slf4j-2.21.1-sources.jar
2026-04-01 13:20:49,580 [Worker-18: Download sources and javadoc] INFO  o.e.m.j.internal.DownloadSourcesJob - Downloaded sources for org.apache.logging.log4j:log4j-to-slf4j:2.21.1
2026-04-01 13:20:49,637 [Worker-18: Download sources and javadoc] INFO  o.e.m.c.i.e.AbstractTransferListenerAdapter - Downloading https://repo.maven.apache.org/maven2/org/apache/logging/log4j/log4j-api/2.21.1/log4j-api-2.21.1-sources.jar
2026-04-01 13:20:49,691 [Worker-18: Download sources and javadoc] INFO  o.e.m.c.i.e.AbstractTransferListenerAdapter - Downloaded https://repo.maven.apache.org/maven2/org/apache/logging/log4j/log4j-api/2.21.1/log4j-api-2.21.1-sources.jar
2026-04-01 13:20:49,705 [Worker-18: Download sources and javadoc] INFO  o.e.m.j.internal.DownloadSourcesJob - Downloaded sources for org.apache.logging.log4j:log4j-api:2.21.1
2026-04-01 13:20:49,767 [Worker-18: Download sources and javadoc] INFO  o.e.m.c.i.e.AbstractTransferListenerAdapter - Downloading https://repo.maven.apache.org/maven2/org/slf4j/jul-to-slf4j/2.0.13/jul-to-slf4j-2.0.13-sources.jar
2026-04-01 13:20:49,778 [Worker-18: Download sources and javadoc] INFO  o.e.m.c.i.e.AbstractTransferListenerAdapter - Downloaded https://repo.maven.apache.org/maven2/org/slf4j/jul-to-slf4j/2.0.13/jul-to-slf4j-2.0.13-sources.jar
2026-04-01 13:20:49,787 [Worker-18: Download sources and javadoc] INFO  o.e.m.j.internal.DownloadSourcesJob - Downloaded sources for org.slf4j:jul-to-slf4j:2.0.13
2026-04-01 13:20:49,840 [Worker-18: Download sources and javadoc] INFO  o.e.m.c.i.e.AbstractTransferListenerAdapter - Downloading https://repo.maven.apache.org/maven2/org/yaml/snakeyaml/2.2/snakeyaml-2.2-sources.jar
2026-04-01 13:20:49,874 [Worker-18: Download sources and javadoc] INFO  o.e.m.c.i.e.AbstractTransferListenerAdapter - Downloaded https://repo.maven.apache.org/maven2/org/yaml/snakeyaml/2.2/snakeyaml-2.2-sources.jar
2026-04-01 13:20:49,881 [Worker-18: Download sources and javadoc] INFO  o.e.m.j.internal.DownloadSourcesJob - Downloaded sources for org.yaml:snakeyaml:2.2
2026-04-01 13:20:49,925 [Worker-18: Download sources and javadoc] INFO  o.e.m.c.i.e.AbstractTransferListenerAdapter - Downloading https://repo.maven.apache.org/maven2/org/springframework/boot/spring-boot-starter-json/3.2.5/spring-boot-starter-json-3.2.5-sources.jar
2026-04-01 13:20:49,934 [Worker-18: Download sources and javadoc] INFO  o.e.m.c.i.e.AbstractTransferListenerAdapter - Downloaded https://repo.maven.apache.org/maven2/org/springframework/boot/spring-boot-starter-json/3.2.5/spring-boot-starter-json-3.2.5-sources.jar
2026-04-01 13:20:49,941 [Worker-18: Download sources and javadoc] INFO  o.e.m.j.internal.DownloadSourcesJob - Downloaded sources for org.springframework.boot:spring-boot-starter-json:3.2.5
2026-04-01 13:20:50,001 [Worker-18: Download sources and javadoc] INFO  o.e.m.c.i.e.AbstractTransferListenerAdapter - Downloading https://repo.maven.apache.org/maven2/com/fasterxml/jackson/core/jackson-databind/2.15.4/jackson-databind-2.15.4-sources.jar
2026-04-01 13:20:50,226 [Worker-18: Download sources and javadoc] INFO  o.e.m.c.i.e.AbstractTransferListenerAdapter - Downloaded https://repo.maven.apache.org/maven2/com/fasterxml/jackson/core/jackson-databind/2.15.4/jackson-databind-2.15.4-sources.jar
2026-04-01 13:20:50,236 [Worker-18: Download sources and javadoc] INFO  o.e.m.j.internal.DownloadSourcesJob - Downloaded sources for com.fasterxml.jackson.core:jackson-databind:2.15.4
2026-04-01 13:20:50,284 [Worker-18: Download sources and javadoc] INFO  o.e.m.c.i.e.AbstractTransferListenerAdapter - Downloading https://repo.maven.apache.org/maven2/com/fasterxml/jackson/core/jackson-annotations/2.15.4/jackson-annotations-2.15.4-sources.jar
2026-04-01 13:20:50,303 [Worker-18: Download sources and javadoc] INFO  o.e.m.c.i.e.AbstractTransferListenerAdapter - Downloaded https://repo.maven.apache.org/maven2/com/fasterxml/jackson/core/jackson-annotations/2.15.4/jackson-annotations-2.15.4-sources.jar
2026-04-01 13:20:50,311 [Worker-18: Download sources and javadoc] INFO  o.e.m.j.internal.DownloadSourcesJob - Downloaded sources for com.fasterxml.jackson.core:jackson-annotations:2.15.4
2026-04-01 13:20:50,351 [Worker-18: Download sources and javadoc] INFO  o.e.m.c.i.e.AbstractTransferListenerAdapter - Downloading https://repo.maven.apache.org/maven2/com/fasterxml/jackson/core/jackson-core/2.15.4/jackson-core-2.15.4-sources.jar
2026-04-01 13:20:50,413 [Worker-18: Download sources and javadoc] INFO  o.e.m.c.i.e.AbstractTransferListenerAdapter - Downloaded https://repo.maven.apache.org/maven2/com/fasterxml/jackson/core/jackson-core/2.15.4/jackson-core-2.15.4-sources.jar
2026-04-01 13:20:50,424 [Worker-18: Download sources and javadoc] INFO  o.e.m.j.internal.DownloadSourcesJob - Downloaded sources for com.fasterxml.jackson.core:jackson-core:2.15.4
2026-04-01 13:20:50,660 [Worker-18: Download sources and javadoc] INFO  o.e.m.c.i.e.AbstractTransferListenerAdapter - Downloading https://repo.maven.apache.org/maven2/com/fasterxml/jackson/datatype/jackson-datatype-jdk8/2.15.4/jackson-datatype-jdk8-2.15.4-sources.jar
2026-04-01 13:20:50,672 [Worker-18: Download sources and javadoc] INFO  o.e.m.c.i.e.AbstractTransferListenerAdapter - Downloaded https://repo.maven.apache.org/maven2/com/fasterxml/jackson/datatype/jackson-datatype-jdk8/2.15.4/jackson-datatype-jdk8-2.15.4-sources.jar
2026-04-01 13:20:50,679 [Worker-18: Download sources and javadoc] INFO  o.e.m.j.internal.DownloadSourcesJob - Downloaded sources for com.fasterxml.jackson.datatype:jackson-datatype-jdk8:2.15.4
2026-04-01 13:20:50,769 [Worker-18: Download sources and javadoc] INFO  o.e.m.c.i.e.AbstractTransferListenerAdapter - Downloading https://repo.maven.apache.org/maven2/com/fasterxml/jackson/datatype/jackson-datatype-jsr310/2.15.4/jackson-datatype-jsr310-2.15.4-sources.jar
2026-04-01 13:20:50,857 [Worker-18: Download sources and javadoc] INFO  o.e.m.c.i.e.AbstractTransferListenerAdapter - Downloaded https://repo.maven.apache.org/maven2/com/fasterxml/jackson/datatype/jackson-datatype-jsr310/2.15.4/jackson-datatype-jsr310-2.15.4-sources.jar
2026-04-01 13:20:50,892 [Worker-18: Download sources and javadoc] INFO  o.e.m.j.internal.DownloadSourcesJob - Downloaded sources for com.fasterxml.jackson.datatype:jackson-datatype-jsr310:2.15.4
2026-04-01 13:20:50,967 [Worker-18: Download sources and javadoc] INFO  o.e.m.c.i.e.AbstractTransferListenerAdapter - Downloading https://repo.maven.apache.org/maven2/com/fasterxml/jackson/module/jackson-module-parameter-names/2.15.4/jackson-module-parameter-names-2.15.4-sources.jar
2026-04-01 13:20:50,988 [Worker-18: Download sources and javadoc] INFO  o.e.m.c.i.e.AbstractTransferListenerAdapter - Downloaded https://repo.maven.apache.org/maven2/com/fasterxml/jackson/module/jackson-module-parameter-names/2.15.4/jackson-module-parameter-names-2.15.4-sources.jar
2026-04-01 13:20:50,998 [Worker-18: Download sources and javadoc] INFO  o.e.m.j.internal.DownloadSourcesJob - Downloaded sources for com.fasterxml.jackson.module:jackson-module-parameter-names:2.15.4
2026-04-01 13:20:51,047 [Worker-18: Download sources and javadoc] INFO  o.e.m.c.i.e.AbstractTransferListenerAdapter - Downloading https://repo.maven.apache.org/maven2/org/springframework/boot/spring-boot-starter-tomcat/3.2.5/spring-boot-starter-tomcat-3.2.5-sources.jar
2026-04-01 13:20:51,061 [Worker-18: Download sources and javadoc] INFO  o.e.m.c.i.e.AbstractTransferListenerAdapter - Downloaded https://repo.maven.apache.org/maven2/org/springframework/boot/spring-boot-starter-tomcat/3.2.5/spring-boot-starter-tomcat-3.2.5-sources.jar
2026-04-01 13:20:51,072 [Worker-18: Download sources and javadoc] INFO  o.e.m.j.internal.DownloadSourcesJob - Downloaded sources for org.springframework.boot:spring-boot-starter-tomcat:3.2.5
2026-04-01 13:20:51,123 [Worker-18: Download sources and javadoc] INFO  o.e.m.c.i.e.AbstractTransferListenerAdapter - Downloading https://repo.maven.apache.org/maven2/org/apache/tomcat/embed/tomcat-embed-core/10.1.20/tomcat-embed-core-10.1.20-sources.jar
2026-04-01 13:20:51,418 [Worker-11: Updating Maven Project] INFO  o.e.m.j.i.AbstractJavaProjectConfigurator - Not adding source folder /poormoney/src/main/java because it overlaps with /poormoney/src
2026-04-01 13:20:51,421 [Worker-11: Updating Maven Project] INFO  o.e.m.j.i.AbstractJavaProjectConfigurator - Adding resource folder /poormoney/src/main/resources
2026-04-01 13:20:51,432 [Worker-11: Updating Maven Project] INFO  o.e.m.j.i.AbstractJavaProjectConfigurator - Adding resource folder /poormoney/src/main/resources
2026-04-01 13:20:51,432 [Worker-11: Updating Maven Project] INFO  o.e.m.j.i.AbstractJavaProjectConfigurator - Not adding source folder /poormoney/src/test/java because it overlaps with /poormoney/src
2026-04-01 13:20:51,433 [Worker-11: Updating Maven Project] INFO  o.e.m.j.i.AbstractJavaProjectConfigurator - Adding resource folder /poormoney/src/test/resources
2026-04-01 13:20:51,701 [Worker-18: Download sources and javadoc] INFO  o.e.m.c.i.e.AbstractTransferListenerAdapter - Downloaded https://repo.maven.apache.org/maven2/org/apache/tomcat/embed/tomcat-embed-core/10.1.20/tomcat-embed-core-10.1.20-sources.jar
2026-04-01 13:20:51,708 [Worker-18: Download sources and javadoc] INFO  o.e.m.j.internal.DownloadSourcesJob - Downloaded sources for org.apache.tomcat.embed:tomcat-embed-core:10.1.20
2026-04-01 13:20:51,751 [Worker-18: Download sources and javadoc] INFO  o.e.m.c.i.e.AbstractTransferListenerAdapter - Downloading https://repo.maven.apache.org/maven2/org/apache/tomcat/embed/tomcat-embed-websocket/10.1.20/tomcat-embed-websocket-10.1.20-sources.jar
2026-04-01 13:20:51,792 [Worker-18: Download sources and javadoc] INFO  o.e.m.c.i.e.AbstractTransferListenerAdapter - Downloaded https://repo.maven.apache.org/maven2/org/apache/tomcat/embed/tomcat-embed-websocket/10.1.20/tomcat-embed-websocket-10.1.20-sources.jar
2026-04-01 13:20:51,864 [Worker-18: Download sources and javadoc] INFO  o.e.m.j.internal.DownloadSourcesJob - Downloaded sources for org.apache.tomcat.embed:tomcat-embed-websocket:10.1.20
2026-04-01 13:20:51,948 [Worker-18: Download sources and javadoc] INFO  o.e.m.c.i.e.AbstractTransferListenerAdapter - Downloading https://repo.maven.apache.org/maven2/org/springframework/spring-web/6.1.6/spring-web-6.1.6-sources.jar
2026-04-01 13:20:52,115 [Worker-18: Download sources and javadoc] INFO  o.e.m.c.i.e.AbstractTransferListenerAdapter - Downloaded https://repo.maven.apache.org/maven2/org/springframework/spring-web/6.1.6/spring-web-6.1.6-sources.jar
2026-04-01 13:20:52,122 [Worker-18: Download sources and javadoc] INFO  o.e.m.j.internal.DownloadSourcesJob - Downloaded sources for org.springframework:spring-web:6.1.6
2026-04-01 13:20:52,172 [Worker-18: Download sources and javadoc] INFO  o.e.m.c.i.e.AbstractTransferListenerAdapter - Downloading https://repo.maven.apache.org/maven2/org/springframework/spring-beans/6.1.6/spring-beans-6.1.6-sources.jar
2026-04-01 13:20:52,276 [Worker-18: Download sources and javadoc] INFO  o.e.m.c.i.e.AbstractTransferListenerAdapter - Downloaded https://repo.maven.apache.org/maven2/org/springframework/spring-beans/6.1.6/spring-beans-6.1.6-sources.jar
2026-04-01 13:20:52,299 [Worker-18: Download sources and javadoc] INFO  o.e.m.j.internal.DownloadSourcesJob - Downloaded sources for org.springframework:spring-beans:6.1.6
2026-04-01 13:20:52,353 [Worker-18: Download sources and javadoc] INFO  o.e.m.c.i.e.AbstractTransferListenerAdapter - Downloading https://repo.maven.apache.org/maven2/io/micrometer/micrometer-observation/1.12.5/micrometer-observation-1.12.5-sources.jar
2026-04-01 13:20:52,383 [Worker-18: Download sources and javadoc] INFO  o.e.m.c.i.e.AbstractTransferListenerAdapter - Downloaded https://repo.maven.apache.org/maven2/io/micrometer/micrometer-observation/1.12.5/micrometer-observation-1.12.5-sources.jar
2026-04-01 13:20:52,408 [Worker-18: Download sources and javadoc] INFO  o.e.m.j.internal.DownloadSourcesJob - Downloaded sources for io.micrometer:micrometer-observation:1.12.5
2026-04-01 13:20:52,470 [Worker-18: Download sources and javadoc] INFO  o.e.m.c.i.e.AbstractTransferListenerAdapter - Downloading https://repo.maven.apache.org/maven2/io/micrometer/micrometer-commons/1.12.5/micrometer-commons-1.12.5-sources.jar
2026-04-01 13:20:52,475 [Worker-11: Updating Maven Project] INFO  o.e.m.c.i.p.ProjectConfigurationManager - Update completed for 1 poms: local refresh takes 0.00 sec, refresh facades takes 3.00 sec, update config takes 0.00 sec 
2026-04-01 13:20:52,486 [Worker-10: Updating Maven Project] INFO  o.e.m.c.i.p.ProjectConfigurationManager - Update started
2026-04-01 13:20:52,522 [Worker-18: Download sources and javadoc] INFO  o.e.m.c.i.e.AbstractTransferListenerAdapter - Downloaded https://repo.maven.apache.org/maven2/io/micrometer/micrometer-commons/1.12.5/micrometer-commons-1.12.5-sources.jar
2026-04-01 13:20:52,538 [Worker-18: Download sources and javadoc] INFO  o.e.m.j.internal.DownloadSourcesJob - Downloaded sources for io.micrometer:micrometer-commons:1.12.5
2026-04-01 13:20:52,585 [Worker-18: Download sources and javadoc] INFO  o.e.m.c.i.e.AbstractTransferListenerAdapter - Downloading https://repo.maven.apache.org/maven2/org/springframework/spring-webmvc/6.1.6/spring-webmvc-6.1.6-sources.jar
2026-04-01 13:20:52,712 [Worker-18: Download sources and javadoc] INFO  o.e.m.c.i.e.AbstractTransferListenerAdapter - Downloaded https://repo.maven.apache.org/maven2/org/springframework/spring-webmvc/6.1.6/spring-webmvc-6.1.6-sources.jar
2026-04-01 13:20:52,728 [Worker-18: Download sources and javadoc] INFO  o.e.m.j.internal.DownloadSourcesJob - Downloaded sources for org.springframework:spring-webmvc:6.1.6
2026-04-01 13:20:55,106 [Worker-18: Download sources and javadoc] INFO  o.e.m.c.i.e.AbstractTransferListenerAdapter - Downloading https://repo.maven.apache.org/maven2/org/springframework/spring-aop/6.1.6/spring-aop-6.1.6-sources.jar
2026-04-01 13:20:55,178 [Worker-18: Download sources and javadoc] INFO  o.e.m.c.i.e.AbstractTransferListenerAdapter - Downloaded https://repo.maven.apache.org/maven2/org/springframework/spring-aop/6.1.6/spring-aop-6.1.6-sources.jar
2026-04-01 13:20:55,195 [Worker-18: Download sources and javadoc] INFO  o.e.m.j.internal.DownloadSourcesJob - Downloaded sources for org.springframework:spring-aop:6.1.6
2026-04-01 13:20:55,255 [Worker-18: Download sources and javadoc] INFO  o.e.m.c.i.e.AbstractTransferListenerAdapter - Downloading https://repo.maven.apache.org/maven2/org/springframework/spring-context/6.1.6/spring-context-6.1.6-sources.jar
2026-04-01 13:20:55,408 [Worker-18: Download sources and javadoc] INFO  o.e.m.c.i.e.AbstractTransferListenerAdapter - Downloaded https://repo.maven.apache.org/maven2/org/springframework/spring-context/6.1.6/spring-context-6.1.6-sources.jar
2026-04-01 13:20:55,414 [Worker-18: Download sources and javadoc] INFO  o.e.m.j.internal.DownloadSourcesJob - Downloaded sources for org.springframework:spring-context:6.1.6
2026-04-01 13:20:55,429 [Worker-10: Updating Maven Project] INFO  o.e.m.c.i.l.LifecycleMappingFactory - Using org.eclipse.m2e.jdt.JarLifecycleMapping lifecycle mapping for MavenProject: poormoney:poormoney:0.0.1-SNAPSHOT @ C:\Users\safecnc\Desktop\거지들의 지갑\거지들의 지갑\거지들의 지갑\workspace\poormoney\pom.xml.
2026-04-01 13:20:55,463 [Worker-18: Download sources and javadoc] INFO  o.e.m.c.i.e.AbstractTransferListenerAdapter - Downloading https://repo.maven.apache.org/maven2/org/springframework/spring-expression/6.1.6/spring-expression-6.1.6-sources.jar
2026-04-01 13:20:55,492 [Worker-18: Download sources and javadoc] INFO  o.e.m.c.i.e.AbstractTransferListenerAdapter - Downloaded https://repo.maven.apache.org/maven2/org/springframework/spring-expression/6.1.6/spring-expression-6.1.6-sources.jar
2026-04-01 13:20:55,497 [Worker-18: Download sources and javadoc] INFO  o.e.m.j.internal.DownloadSourcesJob - Downloaded sources for org.springframework:spring-expression:6.1.6
2026-04-01 13:20:55,538 [Worker-18: Download sources and javadoc] INFO  o.e.m.c.i.e.AbstractTransferListenerAdapter - Downloading https://repo.maven.apache.org/maven2/org/springframework/boot/spring-boot-starter-data-jpa/3.2.5/spring-boot-starter-data-jpa-3.2.5-sources.jar
2026-04-01 13:20:55,546 [Worker-18: Download sources and javadoc] INFO  o.e.m.c.i.e.AbstractTransferListenerAdapter - Downloaded https://repo.maven.apache.org/maven2/org/springframework/boot/spring-boot-starter-data-jpa/3.2.5/spring-boot-starter-data-jpa-3.2.5-sources.jar
2026-04-01 13:20:55,552 [Worker-18: Download sources and javadoc] INFO  o.e.m.j.internal.DownloadSourcesJob - Downloaded sources for org.springframework.boot:spring-boot-starter-data-jpa:3.2.5
2026-04-01 13:20:55,590 [Worker-18: Download sources and javadoc] INFO  o.e.m.c.i.e.AbstractTransferListenerAdapter - Downloading https://repo.maven.apache.org/maven2/org/springframework/boot/spring-boot-starter-aop/3.2.5/spring-boot-starter-aop-3.2.5-sources.jar
2026-04-01 13:20:55,602 [Worker-18: Download sources and javadoc] INFO  o.e.m.c.i.e.AbstractTransferListenerAdapter - Downloaded https://repo.maven.apache.org/maven2/org/springframework/boot/spring-boot-starter-aop/3.2.5/spring-boot-starter-aop-3.2.5-sources.jar
2026-04-01 13:20:55,612 [Worker-18: Download sources and javadoc] INFO  o.e.m.j.internal.DownloadSourcesJob - Downloaded sources for org.springframework.boot:spring-boot-starter-aop:3.2.5
2026-04-01 13:20:55,676 [Worker-18: Download sources and javadoc] INFO  o.e.m.c.i.e.AbstractTransferListenerAdapter - Downloading https://repo.maven.apache.org/maven2/org/aspectj/aspectjweaver/1.9.22/aspectjweaver-1.9.22-sources.jar
2026-04-01 13:20:55,834 [Worker-18: Download sources and javadoc] INFO  o.e.m.c.i.e.AbstractTransferListenerAdapter - Downloaded https://repo.maven.apache.org/maven2/org/aspectj/aspectjweaver/1.9.22/aspectjweaver-1.9.22-sources.jar
2026-04-01 13:20:55,841 [Worker-18: Download sources and javadoc] INFO  o.e.m.j.internal.DownloadSourcesJob - Downloaded sources for org.aspectj:aspectjweaver:1.9.22
2026-04-01 13:20:55,893 [Worker-18: Download sources and javadoc] INFO  o.e.m.c.i.e.AbstractTransferListenerAdapter - Downloading https://repo.maven.apache.org/maven2/org/springframework/boot/spring-boot-starter-jdbc/3.2.5/spring-boot-starter-jdbc-3.2.5-sources.jar
2026-04-01 13:20:55,910 [Worker-18: Download sources and javadoc] INFO  o.e.m.c.i.e.AbstractTransferListenerAdapter - Downloaded https://repo.maven.apache.org/maven2/org/springframework/boot/spring-boot-starter-jdbc/3.2.5/spring-boot-starter-jdbc-3.2.5-sources.jar
2026-04-01 13:20:55,919 [Worker-18: Download sources and javadoc] INFO  o.e.m.j.internal.DownloadSourcesJob - Downloaded sources for org.springframework.boot:spring-boot-starter-jdbc:3.2.5
2026-04-01 13:20:55,971 [Worker-18: Download sources and javadoc] INFO  o.e.m.c.i.e.AbstractTransferListenerAdapter - Downloading https://repo.maven.apache.org/maven2/com/zaxxer/HikariCP/5.0.1/HikariCP-5.0.1-sources.jar
2026-04-01 13:20:56,005 [Worker-18: Download sources and javadoc] INFO  o.e.m.c.i.e.AbstractTransferListenerAdapter - Downloaded https://repo.maven.apache.org/maven2/com/zaxxer/HikariCP/5.0.1/HikariCP-5.0.1-sources.jar
2026-04-01 13:20:56,012 [Worker-18: Download sources and javadoc] INFO  o.e.m.j.internal.DownloadSourcesJob - Downloaded sources for com.zaxxer:HikariCP:5.0.1
2026-04-01 13:20:56,079 [Worker-18: Download sources and javadoc] INFO  o.e.m.c.i.e.AbstractTransferListenerAdapter - Downloading https://repo.maven.apache.org/maven2/org/springframework/spring-jdbc/6.1.6/spring-jdbc-6.1.6-sources.jar
2026-04-01 13:20:56,126 [Worker-18: Download sources and javadoc] INFO  o.e.m.c.i.e.AbstractTransferListenerAdapter - Downloaded https://repo.maven.apache.org/maven2/org/springframework/spring-jdbc/6.1.6/spring-jdbc-6.1.6-sources.jar
2026-04-01 13:20:56,132 [Worker-18: Download sources and javadoc] INFO  o.e.m.j.internal.DownloadSourcesJob - Downloaded sources for org.springframework:spring-jdbc:6.1.6
2026-04-01 13:20:56,171 [Worker-18: Download sources and javadoc] INFO  o.e.m.c.i.e.AbstractTransferListenerAdapter - Downloading https://repo.maven.apache.org/maven2/org/hibernate/orm/hibernate-core/6.4.4.Final/hibernate-core-6.4.4.Final-sources.jar
2026-04-01 13:20:56,846 [Worker-18: Download sources and javadoc] INFO  o.e.m.c.i.e.AbstractTransferListenerAdapter - Downloaded https://repo.maven.apache.org/maven2/org/hibernate/orm/hibernate-core/6.4.4.Final/hibernate-core-6.4.4.Final-sources.jar
2026-04-01 13:20:56,851 [Worker-18: Download sources and javadoc] INFO  o.e.m.j.internal.DownloadSourcesJob - Downloaded sources for org.hibernate.orm:hibernate-core:6.4.4.Final
2026-04-01 13:20:57,139 [Worker-18: Download sources and javadoc] INFO  o.e.m.c.i.e.AbstractTransferListenerAdapter - Downloading https://repo.maven.apache.org/maven2/jakarta/persistence/jakarta.persistence-api/3.1.0/jakarta.persistence-api-3.1.0-sources.jar
2026-04-01 13:20:57,187 [Worker-18: Download sources and javadoc] INFO  o.e.m.c.i.e.AbstractTransferListenerAdapter - Downloaded https://repo.maven.apache.org/maven2/jakarta/persistence/jakarta.persistence-api/3.1.0/jakarta.persistence-api-3.1.0-sources.jar
2026-04-01 13:20:57,195 [Worker-18: Download sources and javadoc] INFO  o.e.m.j.internal.DownloadSourcesJob - Downloaded sources for jakarta.persistence:jakarta.persistence-api:3.1.0
2026-04-01 13:20:57,252 [Worker-18: Download sources and javadoc] INFO  o.e.m.c.i.e.AbstractTransferListenerAdapter - Downloading https://repo.maven.apache.org/maven2/jakarta/transaction/jakarta.transaction-api/2.0.1/jakarta.transaction-api-2.0.1-sources.jar
2026-04-01 13:20:57,264 [Worker-18: Download sources and javadoc] INFO  o.e.m.c.i.e.AbstractTransferListenerAdapter - Downloaded https://repo.maven.apache.org/maven2/jakarta/transaction/jakarta.transaction-api/2.0.1/jakarta.transaction-api-2.0.1-sources.jar
2026-04-01 13:20:57,274 [Worker-18: Download sources and javadoc] INFO  o.e.m.j.internal.DownloadSourcesJob - Downloaded sources for jakarta.transaction:jakarta.transaction-api:2.0.1
2026-04-01 13:20:57,321 [Worker-18: Download sources and javadoc] INFO  o.e.m.c.i.e.AbstractTransferListenerAdapter - Downloading https://repo.maven.apache.org/maven2/org/jboss/logging/jboss-logging/3.5.3.Final/jboss-logging-3.5.3.Final-sources.jar
2026-04-01 13:20:57,334 [Worker-18: Download sources and javadoc] INFO  o.e.m.c.i.e.AbstractTransferListenerAdapter - Downloaded https://repo.maven.apache.org/maven2/org/jboss/logging/jboss-logging/3.5.3.Final/jboss-logging-3.5.3.Final-sources.jar
2026-04-01 13:20:57,341 [Worker-18: Download sources and javadoc] INFO  o.e.m.j.internal.DownloadSourcesJob - Downloaded sources for org.jboss.logging:jboss-logging:3.5.3.Final
2026-04-01 13:20:57,401 [Worker-18: Download sources and javadoc] INFO  o.e.m.c.i.e.AbstractTransferListenerAdapter - Downloading https://repo.maven.apache.org/maven2/org/hibernate/common/hibernate-commons-annotations/6.0.6.Final/hibernate-commons-annotations-6.0.6.Final-sources.jar
2026-04-01 13:20:57,418 [Worker-18: Download sources and javadoc] INFO  o.e.m.c.i.e.AbstractTransferListenerAdapter - Downloaded https://repo.maven.apache.org/maven2/org/hibernate/common/hibernate-commons-annotations/6.0.6.Final/hibernate-commons-annotations-6.0.6.Final-sources.jar
2026-04-01 13:20:57,424 [Worker-18: Download sources and javadoc] INFO  o.e.m.j.internal.DownloadSourcesJob - Downloaded sources for org.hibernate.common:hibernate-commons-annotations:6.0.6.Final
2026-04-01 13:20:57,478 [Worker-18: Download sources and javadoc] INFO  o.e.m.c.i.e.AbstractTransferListenerAdapter - Downloading https://repo.maven.apache.org/maven2/io/smallrye/jandex/3.1.2/jandex-3.1.2-sources.jar
2026-04-01 13:20:57,513 [Worker-18: Download sources and javadoc] INFO  o.e.m.c.i.e.AbstractTransferListenerAdapter - Downloaded https://repo.maven.apache.org/maven2/io/smallrye/jandex/3.1.2/jandex-3.1.2-sources.jar
2026-04-01 13:20:57,522 [Worker-18: Download sources and javadoc] INFO  o.e.m.j.internal.DownloadSourcesJob - Downloaded sources for io.smallrye:jandex:3.1.2
2026-04-01 13:20:57,566 [Worker-18: Download sources and javadoc] INFO  o.e.m.c.i.e.AbstractTransferListenerAdapter - Downloading https://repo.maven.apache.org/maven2/com/fasterxml/classmate/1.6.0/classmate-1.6.0-sources.jar
2026-04-01 13:20:57,586 [Worker-18: Download sources and javadoc] INFO  o.e.m.c.i.e.AbstractTransferListenerAdapter - Downloaded https://repo.maven.apache.org/maven2/com/fasterxml/classmate/1.6.0/classmate-1.6.0-sources.jar
2026-04-01 13:20:57,595 [Worker-18: Download sources and javadoc] INFO  o.e.m.j.internal.DownloadSourcesJob - Downloaded sources for com.fasterxml:classmate:1.6.0
2026-04-01 13:20:57,687 [Worker-18: Download sources and javadoc] INFO  o.e.m.c.i.e.AbstractTransferListenerAdapter - Downloading https://repo.maven.apache.org/maven2/net/bytebuddy/byte-buddy/1.14.13/byte-buddy-1.14.13-sources.jar
2026-04-01 13:20:57,913 [Worker-18: Download sources and javadoc] INFO  o.e.m.c.i.e.AbstractTransferListenerAdapter - Downloaded https://repo.maven.apache.org/maven2/net/bytebuddy/byte-buddy/1.14.13/byte-buddy-1.14.13-sources.jar
2026-04-01 13:20:57,922 [Worker-18: Download sources and javadoc] INFO  o.e.m.j.internal.DownloadSourcesJob - Downloaded sources for net.bytebuddy:byte-buddy:1.14.13
2026-04-01 13:20:57,992 [Worker-18: Download sources and javadoc] INFO  o.e.m.c.i.e.AbstractTransferListenerAdapter - Downloading https://repo.maven.apache.org/maven2/org/glassfish/jaxb/jaxb-runtime/4.0.5/jaxb-runtime-4.0.5-sources.jar
2026-04-01 13:20:58,065 [Worker-18: Download sources and javadoc] INFO  o.e.m.c.i.e.AbstractTransferListenerAdapter - Downloaded https://repo.maven.apache.org/maven2/org/glassfish/jaxb/jaxb-runtime/4.0.5/jaxb-runtime-4.0.5-sources.jar
2026-04-01 13:20:58,074 [Worker-18: Download sources and javadoc] INFO  o.e.m.j.internal.DownloadSourcesJob - Downloaded sources for org.glassfish.jaxb:jaxb-runtime:4.0.5
2026-04-01 13:20:58,115 [Worker-18: Download sources and javadoc] INFO  o.e.m.c.i.e.AbstractTransferListenerAdapter - Downloading https://repo.maven.apache.org/maven2/org/glassfish/jaxb/jaxb-core/4.0.5/jaxb-core-4.0.5-sources.jar
2026-04-01 13:20:58,137 [Worker-18: Download sources and javadoc] INFO  o.e.m.c.i.e.AbstractTransferListenerAdapter - Downloaded https://repo.maven.apache.org/maven2/org/glassfish/jaxb/jaxb-core/4.0.5/jaxb-core-4.0.5-sources.jar
2026-04-01 13:20:58,143 [Worker-18: Download sources and javadoc] INFO  o.e.m.j.internal.DownloadSourcesJob - Downloaded sources for org.glassfish.jaxb:jaxb-core:4.0.5
2026-04-01 13:20:58,157 [Worker-10: Updating Maven Project] INFO  o.e.m.j.i.AbstractJavaProjectConfigurator - Adding source folder /poormoney/src/main/java
2026-04-01 13:20:58,159 [Worker-10: Updating Maven Project] INFO  o.e.m.j.i.AbstractJavaProjectConfigurator - Adding resource folder /poormoney/src/main/resources
2026-04-01 13:20:58,161 [Worker-10: Updating Maven Project] INFO  o.e.m.j.i.AbstractJavaProjectConfigurator - Adding resource folder /poormoney/src/main/resources
2026-04-01 13:20:58,163 [Worker-10: Updating Maven Project] INFO  o.e.m.j.i.AbstractJavaProjectConfigurator - Adding source folder /poormoney/src/test/java
2026-04-01 13:20:58,165 [Worker-10: Updating Maven Project] INFO  o.e.m.j.i.AbstractJavaProjectConfigurator - Adding resource folder /poormoney/src/test/resources
2026-04-01 13:20:58,189 [Worker-18: Download sources and javadoc] INFO  o.e.m.c.i.e.AbstractTransferListenerAdapter - Downloading https://repo.maven.apache.org/maven2/org/eclipse/angus/angus-activation/2.0.2/angus-activation-2.0.2-sources.jar
2026-04-01 13:20:58,200 [Worker-18: Download sources and javadoc] INFO  o.e.m.c.i.e.AbstractTransferListenerAdapter - Downloaded https://repo.maven.apache.org/maven2/org/eclipse/angus/angus-activation/2.0.2/angus-activation-2.0.2-sources.jar
2026-04-01 13:20:58,211 [Worker-18: Download sources and javadoc] INFO  o.e.m.j.internal.DownloadSourcesJob - Downloaded sources for org.eclipse.angus:angus-activation:2.0.2
2026-04-01 13:20:58,254 [Worker-18: Download sources and javadoc] INFO  o.e.m.c.i.e.AbstractTransferListenerAdapter - Downloading https://repo.maven.apache.org/maven2/org/glassfish/jaxb/txw2/4.0.5/txw2-4.0.5-sources.jar
2026-04-01 13:20:58,272 [Worker-18: Download sources and javadoc] INFO  o.e.m.c.i.e.AbstractTransferListenerAdapter - Downloaded https://repo.maven.apache.org/maven2/org/glassfish/jaxb/txw2/4.0.5/txw2-4.0.5-sources.jar
2026-04-01 13:20:58,279 [Worker-18: Download sources and javadoc] INFO  o.e.m.j.internal.DownloadSourcesJob - Downloaded sources for org.glassfish.jaxb:txw2:4.0.5
2026-04-01 13:20:58,331 [Worker-18: Download sources and javadoc] INFO  o.e.m.c.i.e.AbstractTransferListenerAdapter - Downloading https://repo.maven.apache.org/maven2/com/sun/istack/istack-commons-runtime/4.1.2/istack-commons-runtime-4.1.2-sources.jar
2026-04-01 13:20:58,342 [Worker-18: Download sources and javadoc] INFO  o.e.m.c.i.e.AbstractTransferListenerAdapter - Downloaded https://repo.maven.apache.org/maven2/com/sun/istack/istack-commons-runtime/4.1.2/istack-commons-runtime-4.1.2-sources.jar
2026-04-01 13:20:58,350 [Worker-18: Download sources and javadoc] INFO  o.e.m.j.internal.DownloadSourcesJob - Downloaded sources for com.sun.istack:istack-commons-runtime:4.1.2
2026-04-01 13:20:58,393 [Worker-18: Download sources and javadoc] INFO  o.e.m.c.i.e.AbstractTransferListenerAdapter - Downloading https://repo.maven.apache.org/maven2/jakarta/inject/jakarta.inject-api/2.0.1/jakarta.inject-api-2.0.1-sources.jar
2026-04-01 13:20:58,404 [Worker-18: Download sources and javadoc] INFO  o.e.m.c.i.e.AbstractTransferListenerAdapter - Downloaded https://repo.maven.apache.org/maven2/jakarta/inject/jakarta.inject-api/2.0.1/jakarta.inject-api-2.0.1-sources.jar
2026-04-01 13:20:58,411 [Worker-18: Download sources and javadoc] INFO  o.e.m.j.internal.DownloadSourcesJob - Downloaded sources for jakarta.inject:jakarta.inject-api:2.0.1
2026-04-01 13:20:58,459 [Worker-18: Download sources and javadoc] INFO  o.e.m.c.i.e.AbstractTransferListenerAdapter - Downloading https://repo.maven.apache.org/maven2/org/antlr/antlr4-runtime/4.13.0/antlr4-runtime-4.13.0-sources.jar
2026-04-01 13:20:58,502 [Worker-18: Download sources and javadoc] INFO  o.e.m.c.i.e.AbstractTransferListenerAdapter - Downloaded https://repo.maven.apache.org/maven2/org/antlr/antlr4-runtime/4.13.0/antlr4-runtime-4.13.0-sources.jar
2026-04-01 13:20:58,506 [Worker-18: Download sources and javadoc] INFO  o.e.m.j.internal.DownloadSourcesJob - Downloaded sources for org.antlr:antlr4-runtime:4.13.0
2026-04-01 13:20:58,558 [Worker-18: Download sources and javadoc] INFO  o.e.m.c.i.e.AbstractTransferListenerAdapter - Downloading https://repo.maven.apache.org/maven2/org/springframework/data/spring-data-jpa/3.2.5/spring-data-jpa-3.2.5-sources.jar
2026-04-01 13:20:58,624 [Worker-18: Download sources and javadoc] INFO  o.e.m.c.i.e.AbstractTransferListenerAdapter - Downloaded https://repo.maven.apache.org/maven2/org/springframework/data/spring-data-jpa/3.2.5/spring-data-jpa-3.2.5-sources.jar
2026-04-01 13:20:58,633 [Worker-18: Download sources and javadoc] INFO  o.e.m.j.internal.DownloadSourcesJob - Downloaded sources for org.springframework.data:spring-data-jpa:3.2.5
2026-04-01 13:20:58,685 [Worker-18: Download sources and javadoc] INFO  o.e.m.c.i.e.AbstractTransferListenerAdapter - Downloading https://repo.maven.apache.org/maven2/org/springframework/data/spring-data-commons/3.2.5/spring-data-commons-3.2.5-sources.jar
2026-04-01 13:20:58,811 [Worker-18: Download sources and javadoc] INFO  o.e.m.c.i.e.AbstractTransferListenerAdapter - Downloaded https://repo.maven.apache.org/maven2/org/springframework/data/spring-data-commons/3.2.5/spring-data-commons-3.2.5-sources.jar
2026-04-01 13:20:58,821 [Worker-18: Download sources and javadoc] INFO  o.e.m.j.internal.DownloadSourcesJob - Downloaded sources for org.springframework.data:spring-data-commons:3.2.5
2026-04-01 13:20:58,866 [Worker-18: Download sources and javadoc] INFO  o.e.m.c.i.e.AbstractTransferListenerAdapter - Downloading https://repo.maven.apache.org/maven2/org/springframework/spring-orm/6.1.6/spring-orm-6.1.6-sources.jar
2026-04-01 13:20:58,907 [Worker-18: Download sources and javadoc] INFO  o.e.m.c.i.e.AbstractTransferListenerAdapter - Downloaded https://repo.maven.apache.org/maven2/org/springframework/spring-orm/6.1.6/spring-orm-6.1.6-sources.jar
2026-04-01 13:20:58,916 [Worker-18: Download sources and javadoc] INFO  o.e.m.j.internal.DownloadSourcesJob - Downloaded sources for org.springframework:spring-orm:6.1.6
2026-04-01 13:20:58,964 [Worker-18: Download sources and javadoc] INFO  o.e.m.c.i.e.AbstractTransferListenerAdapter - Downloading https://repo.maven.apache.org/maven2/org/springframework/spring-tx/6.1.6/spring-tx-6.1.6-sources.jar
2026-04-01 13:20:59,038 [Worker-18: Download sources and javadoc] INFO  o.e.m.c.i.e.AbstractTransferListenerAdapter - Downloaded https://repo.maven.apache.org/maven2/org/springframework/spring-tx/6.1.6/spring-tx-6.1.6-sources.jar
2026-04-01 13:20:59,047 [Worker-18: Download sources and javadoc] INFO  o.e.m.j.internal.DownloadSourcesJob - Downloaded sources for org.springframework:spring-tx:6.1.6
2026-04-01 13:20:59,086 [Worker-10: Updating Maven Project] INFO  o.e.m.c.i.p.ProjectConfigurationManager - Update completed for 1 poms: local refresh takes 0.00 sec, refresh facades takes 5.00 sec, update config takes 0.00 sec 
2026-04-01 13:20:59,095 [Worker-18: Download sources and javadoc] INFO  o.e.m.c.i.e.AbstractTransferListenerAdapter - Downloading https://repo.maven.apache.org/maven2/org/slf4j/slf4j-api/2.0.13/slf4j-api-2.0.13-sources.jar
2026-04-01 13:20:59,123 [Worker-18: Download sources and javadoc] INFO  o.e.m.c.i.e.AbstractTransferListenerAdapter - Downloaded https://repo.maven.apache.org/maven2/org/slf4j/slf4j-api/2.0.13/slf4j-api-2.0.13-sources.jar
2026-04-01 13:20:59,129 [Worker-18: Download sources and javadoc] INFO  o.e.m.j.internal.DownloadSourcesJob - Downloaded sources for org.slf4j:slf4j-api:2.0.13
2026-04-01 13:20:59,178 [Worker-18: Download sources and javadoc] INFO  o.e.m.c.i.e.AbstractTransferListenerAdapter - Downloading https://repo.maven.apache.org/maven2/org/springframework/spring-aspects/6.1.6/spring-aspects-6.1.6-sources.jar
2026-04-01 13:20:59,191 [Worker-18: Download sources and javadoc] INFO  o.e.m.c.i.e.AbstractTransferListenerAdapter - Downloaded https://repo.maven.apache.org/maven2/org/springframework/spring-aspects/6.1.6/spring-aspects-6.1.6-sources.jar
2026-04-01 13:20:59,199 [Worker-18: Download sources and javadoc] INFO  o.e.m.j.internal.DownloadSourcesJob - Downloaded sources for org.springframework:spring-aspects:6.1.6
2026-04-01 13:20:59,248 [Worker-18: Download sources and javadoc] INFO  o.e.m.c.i.e.AbstractTransferListenerAdapter - Downloading https://repo.maven.apache.org/maven2/org/springframework/boot/spring-boot-starter-validation/3.2.5/spring-boot-starter-validation-3.2.5-sources.jar
2026-04-01 13:20:59,257 [Worker-18: Download sources and javadoc] INFO  o.e.m.c.i.e.AbstractTransferListenerAdapter - Downloaded https://repo.maven.apache.org/maven2/org/springframework/boot/spring-boot-starter-validation/3.2.5/spring-boot-starter-validation-3.2.5-sources.jar
2026-04-01 13:20:59,262 [Worker-18: Download sources and javadoc] INFO  o.e.m.j.internal.DownloadSourcesJob - Downloaded sources for org.springframework.boot:spring-boot-starter-validation:3.2.5
2026-04-01 13:20:59,314 [Worker-18: Download sources and javadoc] INFO  o.e.m.c.i.e.AbstractTransferListenerAdapter - Downloading https://repo.maven.apache.org/maven2/org/apache/tomcat/embed/tomcat-embed-el/10.1.20/tomcat-embed-el-10.1.20-sources.jar
2026-04-01 13:20:59,355 [Worker-18: Download sources and javadoc] INFO  o.e.m.c.i.e.AbstractTransferListenerAdapter - Downloaded https://repo.maven.apache.org/maven2/org/apache/tomcat/embed/tomcat-embed-el/10.1.20/tomcat-embed-el-10.1.20-sources.jar
2026-04-01 13:20:59,362 [Worker-18: Download sources and javadoc] INFO  o.e.m.j.internal.DownloadSourcesJob - Downloaded sources for org.apache.tomcat.embed:tomcat-embed-el:10.1.20
2026-04-01 13:20:59,408 [Worker-18: Download sources and javadoc] INFO  o.e.m.c.i.e.AbstractTransferListenerAdapter - Downloading https://repo.maven.apache.org/maven2/org/hibernate/validator/hibernate-validator/8.0.1.Final/hibernate-validator-8.0.1.Final-sources.jar
2026-04-01 13:20:59,518 [Worker-18: Download sources and javadoc] INFO  o.e.m.c.i.e.AbstractTransferListenerAdapter - Downloaded https://repo.maven.apache.org/maven2/org/hibernate/validator/hibernate-validator/8.0.1.Final/hibernate-validator-8.0.1.Final-sources.jar
2026-04-01 13:20:59,527 [Worker-18: Download sources and javadoc] INFO  o.e.m.j.internal.DownloadSourcesJob - Downloaded sources for org.hibernate.validator:hibernate-validator:8.0.1.Final
2026-04-01 13:20:59,573 [Worker-18: Download sources and javadoc] INFO  o.e.m.c.i.e.AbstractTransferListenerAdapter - Downloading https://repo.maven.apache.org/maven2/org/slf4j/jcl-over-slf4j/2.0.13/jcl-over-slf4j-2.0.13-sources.jar
2026-04-01 13:20:59,584 [Worker-18: Download sources and javadoc] INFO  o.e.m.c.i.e.AbstractTransferListenerAdapter - Downloaded https://repo.maven.apache.org/maven2/org/slf4j/jcl-over-slf4j/2.0.13/jcl-over-slf4j-2.0.13-sources.jar
2026-04-01 13:20:59,591 [Worker-18: Download sources and javadoc] INFO  o.e.m.j.internal.DownloadSourcesJob - Downloaded sources for org.slf4j:jcl-over-slf4j:2.0.13
2026-04-01 13:20:59,636 [Worker-18: Download sources and javadoc] INFO  o.e.m.c.i.e.AbstractTransferListenerAdapter - Downloading https://repo.maven.apache.org/maven2/org/springframework/boot/spring-boot-starter-test/3.2.5/spring-boot-starter-test-3.2.5-sources.jar
2026-04-01 13:20:59,648 [Worker-18: Download sources and javadoc] INFO  o.e.m.c.i.e.AbstractTransferListenerAdapter - Downloaded https://repo.maven.apache.org/maven2/org/springframework/boot/spring-boot-starter-test/3.2.5/spring-boot-starter-test-3.2.5-sources.jar
2026-04-01 13:20:59,657 [Worker-18: Download sources and javadoc] INFO  o.e.m.j.internal.DownloadSourcesJob - Downloaded sources for org.springframework.boot:spring-boot-starter-test:3.2.5
2026-04-01 13:20:59,696 [Worker-18: Download sources and javadoc] INFO  o.e.m.c.i.e.AbstractTransferListenerAdapter - Downloading https://repo.maven.apache.org/maven2/org/springframework/boot/spring-boot-test/3.2.5/spring-boot-test-3.2.5-sources.jar
2026-04-01 13:20:59,720 [Worker-18: Download sources and javadoc] INFO  o.e.m.c.i.e.AbstractTransferListenerAdapter - Downloaded https://repo.maven.apache.org/maven2/org/springframework/boot/spring-boot-test/3.2.5/spring-boot-test-3.2.5-sources.jar
2026-04-01 13:20:59,728 [Worker-18: Download sources and javadoc] INFO  o.e.m.j.internal.DownloadSourcesJob - Downloaded sources for org.springframework.boot:spring-boot-test:3.2.5
2026-04-01 13:20:59,772 [Worker-18: Download sources and javadoc] INFO  o.e.m.c.i.e.AbstractTransferListenerAdapter - Downloading https://repo.maven.apache.org/maven2/org/springframework/boot/spring-boot-test-autoconfigure/3.2.5/spring-boot-test-autoconfigure-3.2.5-sources.jar
2026-04-01 13:20:59,802 [Worker-18: Download sources and javadoc] INFO  o.e.m.c.i.e.AbstractTransferListenerAdapter - Downloaded https://repo.maven.apache.org/maven2/org/springframework/boot/spring-boot-test-autoconfigure/3.2.5/spring-boot-test-autoconfigure-3.2.5-sources.jar
2026-04-01 13:20:59,810 [Worker-18: Download sources and javadoc] INFO  o.e.m.j.internal.DownloadSourcesJob - Downloaded sources for org.springframework.boot:spring-boot-test-autoconfigure:3.2.5
2026-04-01 13:20:59,854 [Worker-18: Download sources and javadoc] INFO  o.e.m.c.i.e.AbstractTransferListenerAdapter - Downloading https://repo.maven.apache.org/maven2/net/minidev/json-smart/2.5.1/json-smart-2.5.1-sources.jar
2026-04-01 13:20:59,869 [Worker-18: Download sources and javadoc] INFO  o.e.m.c.i.e.AbstractTransferListenerAdapter - Downloaded https://repo.maven.apache.org/maven2/net/minidev/json-smart/2.5.1/json-smart-2.5.1-sources.jar
2026-04-01 13:20:59,874 [Worker-18: Download sources and javadoc] INFO  o.e.m.j.internal.DownloadSourcesJob - Downloaded sources for net.minidev:json-smart:2.5.1
2026-04-01 13:20:59,932 [Worker-18: Download sources and javadoc] INFO  o.e.m.c.i.e.AbstractTransferListenerAdapter - Downloading https://repo.maven.apache.org/maven2/net/minidev/accessors-smart/2.5.1/accessors-smart-2.5.1-sources.jar
2026-04-01 13:20:59,946 [Worker-18: Download sources and javadoc] INFO  o.e.m.c.i.e.AbstractTransferListenerAdapter - Downloaded https://repo.maven.apache.org/maven2/net/minidev/accessors-smart/2.5.1/accessors-smart-2.5.1-sources.jar
2026-04-01 13:20:59,955 [Worker-18: Download sources and javadoc] INFO  o.e.m.j.internal.DownloadSourcesJob - Downloaded sources for net.minidev:accessors-smart:2.5.1
2026-04-01 13:21:00,007 [Worker-18: Download sources and javadoc] INFO  o.e.m.c.i.e.AbstractTransferListenerAdapter - Downloading https://repo.maven.apache.org/maven2/org/ow2/asm/asm/9.6/asm-9.6-sources.jar
2026-04-01 13:21:00,034 [Worker-18: Download sources and javadoc] INFO  o.e.m.c.i.e.AbstractTransferListenerAdapter - Downloaded https://repo.maven.apache.org/maven2/org/ow2/asm/asm/9.6/asm-9.6-sources.jar
2026-04-01 13:21:00,040 [Worker-18: Download sources and javadoc] INFO  o.e.m.j.internal.DownloadSourcesJob - Downloaded sources for org.ow2.asm:asm:9.6
2026-04-01 13:21:00,100 [Worker-18: Download sources and javadoc] INFO  o.e.m.c.i.e.AbstractTransferListenerAdapter - Downloading https://repo.maven.apache.org/maven2/org/assertj/assertj-core/3.24.2/assertj-core-3.24.2-sources.jar
2026-04-01 13:21:00,300 [Worker-18: Download sources and javadoc] INFO  o.e.m.c.i.e.AbstractTransferListenerAdapter - Downloaded https://repo.maven.apache.org/maven2/org/assertj/assertj-core/3.24.2/assertj-core-3.24.2-sources.jar
2026-04-01 13:21:00,314 [Worker-18: Download sources and javadoc] INFO  o.e.m.j.internal.DownloadSourcesJob - Downloaded sources for org.assertj:assertj-core:3.24.2
2026-04-01 13:21:00,404 [Worker-18: Download sources and javadoc] INFO  o.e.m.c.i.e.AbstractTransferListenerAdapter - Downloading https://repo.maven.apache.org/maven2/org/awaitility/awaitility/4.2.1/awaitility-4.2.1-sources.jar
2026-04-01 13:21:00,425 [Worker-18: Download sources and javadoc] INFO  o.e.m.c.i.e.AbstractTransferListenerAdapter - Downloaded https://repo.maven.apache.org/maven2/org/awaitility/awaitility/4.2.1/awaitility-4.2.1-sources.jar
2026-04-01 13:21:00,435 [Worker-18: Download sources and javadoc] INFO  o.e.m.j.internal.DownloadSourcesJob - Downloaded sources for org.awaitility:awaitility:4.2.1
2026-04-01 13:21:00,494 [Worker-18: Download sources and javadoc] INFO  o.e.m.c.i.e.AbstractTransferListenerAdapter - Downloading https://repo.maven.apache.org/maven2/org/junit/jupiter/junit-jupiter/5.10.2/junit-jupiter-5.10.2-sources.jar
2026-04-01 13:21:00,505 [Worker-18: Download sources and javadoc] INFO  o.e.m.c.i.e.AbstractTransferListenerAdapter - Downloaded https://repo.maven.apache.org/maven2/org/junit/jupiter/junit-jupiter/5.10.2/junit-jupiter-5.10.2-sources.jar
2026-04-01 13:21:00,512 [Worker-18: Download sources and javadoc] INFO  o.e.m.j.internal.DownloadSourcesJob - Downloaded sources for org.junit.jupiter:junit-jupiter:5.10.2
2026-04-01 13:21:00,563 [Worker-18: Download sources and javadoc] INFO  o.e.m.c.i.e.AbstractTransferListenerAdapter - Downloading https://repo.maven.apache.org/maven2/org/junit/jupiter/junit-jupiter-api/5.10.2/junit-jupiter-api-5.10.2-sources.jar
2026-04-01 13:21:00,578 [Worker-10: Building] INFO  o.a.m.s.f.DefaultMavenResourcesFiltering - Copying 1 resource from src\main\resources to target\classes
2026-04-01 13:21:00,592 [Worker-18: Download sources and javadoc] INFO  o.e.m.c.i.e.AbstractTransferListenerAdapter - Downloaded https://repo.maven.apache.org/maven2/org/junit/jupiter/junit-jupiter-api/5.10.2/junit-jupiter-api-5.10.2-sources.jar
2026-04-01 13:21:00,596 [Worker-10: Building] INFO  o.a.m.s.f.DefaultMavenResourcesFiltering - Copying 0 resource from src\main\resources to target\classes
2026-04-01 13:21:00,598 [Worker-18: Download sources and javadoc] INFO  o.e.m.j.internal.DownloadSourcesJob - Downloaded sources for org.junit.jupiter:junit-jupiter-api:5.10.2
2026-04-01 13:21:00,601 [Worker-10: Building] INFO  o.a.m.s.f.DefaultMavenResourcesFiltering - skip non existing resourceDirectory C:\Users\safecnc\Desktop\거지들의 지갑\거지들의 지갑\거지들의 지갑\workspace\poormoney\src\test\resources
2026-04-01 13:21:00,650 [Worker-18: Download sources and javadoc] INFO  o.e.m.c.i.e.AbstractTransferListenerAdapter - Downloading https://repo.maven.apache.org/maven2/org/junit/platform/junit-platform-commons/1.10.2/junit-platform-commons-1.10.2-sources.jar
2026-04-01 13:21:00,671 [Worker-18: Download sources and javadoc] INFO  o.e.m.c.i.e.AbstractTransferListenerAdapter - Downloaded https://repo.maven.apache.org/maven2/org/junit/platform/junit-platform-commons/1.10.2/junit-platform-commons-1.10.2-sources.jar
2026-04-01 13:21:00,678 [Worker-18: Download sources and javadoc] INFO  o.e.m.j.internal.DownloadSourcesJob - Downloaded sources for org.junit.platform:junit-platform-commons:1.10.2
2026-04-01 13:21:00,726 [Worker-18: Download sources and javadoc] INFO  o.e.m.c.i.e.AbstractTransferListenerAdapter - Downloading https://repo.maven.apache.org/maven2/org/junit/jupiter/junit-jupiter-params/5.10.2/junit-jupiter-params-5.10.2-sources.jar
2026-04-01 13:21:00,744 [Worker-18: Download sources and javadoc] INFO  o.e.m.c.i.e.AbstractTransferListenerAdapter - Downloaded https://repo.maven.apache.org/maven2/org/junit/jupiter/junit-jupiter-params/5.10.2/junit-jupiter-params-5.10.2-sources.jar
2026-04-01 13:21:00,751 [Worker-18: Download sources and javadoc] INFO  o.e.m.j.internal.DownloadSourcesJob - Downloaded sources for org.junit.jupiter:junit-jupiter-params:5.10.2
2026-04-01 13:21:00,802 [Worker-18: Download sources and javadoc] INFO  o.e.m.c.i.e.AbstractTransferListenerAdapter - Downloading https://repo.maven.apache.org/maven2/org/junit/jupiter/junit-jupiter-engine/5.10.2/junit-jupiter-engine-5.10.2-sources.jar
2026-04-01 13:21:00,839 [Worker-18: Download sources and javadoc] INFO  o.e.m.c.i.e.AbstractTransferListenerAdapter - Downloaded https://repo.maven.apache.org/maven2/org/junit/jupiter/junit-jupiter-engine/5.10.2/junit-jupiter-engine-5.10.2-sources.jar
2026-04-01 13:21:00,847 [Worker-18: Download sources and javadoc] INFO  o.e.m.j.internal.DownloadSourcesJob - Downloaded sources for org.junit.jupiter:junit-jupiter-engine:5.10.2
2026-04-01 13:21:00,903 [Worker-18: Download sources and javadoc] INFO  o.e.m.c.i.e.AbstractTransferListenerAdapter - Downloading https://repo.maven.apache.org/maven2/org/junit/platform/junit-platform-engine/1.10.2/junit-platform-engine-1.10.2-sources.jar
2026-04-01 13:21:00,930 [Worker-18: Download sources and javadoc] INFO  o.e.m.c.i.e.AbstractTransferListenerAdapter - Downloaded https://repo.maven.apache.org/maven2/org/junit/platform/junit-platform-engine/1.10.2/junit-platform-engine-1.10.2-sources.jar
2026-04-01 13:21:00,936 [Worker-18: Download sources and javadoc] INFO  o.e.m.j.internal.DownloadSourcesJob - Downloaded sources for org.junit.platform:junit-platform-engine:1.10.2
2026-04-01 13:21:00,986 [Worker-18: Download sources and javadoc] INFO  o.e.m.c.i.e.AbstractTransferListenerAdapter - Downloading https://repo.maven.apache.org/maven2/org/mockito/mockito-core/5.7.0/mockito-core-5.7.0-sources.jar
2026-04-01 13:21:01,050 [Worker-18: Download sources and javadoc] INFO  o.e.m.c.i.e.AbstractTransferListenerAdapter - Downloaded https://repo.maven.apache.org/maven2/org/mockito/mockito-core/5.7.0/mockito-core-5.7.0-sources.jar
2026-04-01 13:21:01,057 [Worker-18: Download sources and javadoc] INFO  o.e.m.j.internal.DownloadSourcesJob - Downloaded sources for org.mockito:mockito-core:5.7.0
2026-04-01 13:21:01,110 [Worker-18: Download sources and javadoc] INFO  o.e.m.c.i.e.AbstractTransferListenerAdapter - Downloading https://repo.maven.apache.org/maven2/net/bytebuddy/byte-buddy-agent/1.14.13/byte-buddy-agent-1.14.13-sources.jar
2026-04-01 13:21:01,152 [Worker-18: Download sources and javadoc] INFO  o.e.m.c.i.e.AbstractTransferListenerAdapter - Downloaded https://repo.maven.apache.org/maven2/net/bytebuddy/byte-buddy-agent/1.14.13/byte-buddy-agent-1.14.13-sources.jar
2026-04-01 13:21:01,159 [Worker-18: Download sources and javadoc] INFO  o.e.m.j.internal.DownloadSourcesJob - Downloaded sources for net.bytebuddy:byte-buddy-agent:1.14.13
2026-04-01 13:21:01,204 [Worker-18: Download sources and javadoc] INFO  o.e.m.c.i.e.AbstractTransferListenerAdapter - Downloading https://repo.maven.apache.org/maven2/org/mockito/mockito-junit-jupiter/5.7.0/mockito-junit-jupiter-5.7.0-sources.jar
2026-04-01 13:21:01,216 [Worker-18: Download sources and javadoc] INFO  o.e.m.c.i.e.AbstractTransferListenerAdapter - Downloaded https://repo.maven.apache.org/maven2/org/mockito/mockito-junit-jupiter/5.7.0/mockito-junit-jupiter-5.7.0-sources.jar
2026-04-01 13:21:01,223 [Worker-18: Download sources and javadoc] INFO  o.e.m.j.internal.DownloadSourcesJob - Downloaded sources for org.mockito:mockito-junit-jupiter:5.7.0
2026-04-01 13:21:01,290 [Worker-18: Download sources and javadoc] INFO  o.e.m.c.i.e.AbstractTransferListenerAdapter - Downloading https://repo.maven.apache.org/maven2/org/skyscreamer/jsonassert/1.5.1/jsonassert-1.5.1-sources.jar
2026-04-01 13:21:01,301 [Worker-18: Download sources and javadoc] INFO  o.e.m.c.i.e.AbstractTransferListenerAdapter - Downloaded https://repo.maven.apache.org/maven2/org/skyscreamer/jsonassert/1.5.1/jsonassert-1.5.1-sources.jar
2026-04-01 13:21:01,307 [Worker-18: Download sources and javadoc] INFO  o.e.m.j.internal.DownloadSourcesJob - Downloaded sources for org.skyscreamer:jsonassert:1.5.1
2026-04-01 13:21:01,350 [Worker-18: Download sources and javadoc] INFO  o.e.m.c.i.e.AbstractTransferListenerAdapter - Downloading https://repo.maven.apache.org/maven2/org/springframework/spring-core/6.1.6/spring-core-6.1.6-sources.jar
2026-04-01 13:21:01,498 [Worker-18: Download sources and javadoc] INFO  o.e.m.c.i.e.AbstractTransferListenerAdapter - Downloaded https://repo.maven.apache.org/maven2/org/springframework/spring-core/6.1.6/spring-core-6.1.6-sources.jar
2026-04-01 13:21:01,506 [Worker-18: Download sources and javadoc] INFO  o.e.m.j.internal.DownloadSourcesJob - Downloaded sources for org.springframework:spring-core:6.1.6
2026-04-01 13:21:01,570 [Worker-18: Download sources and javadoc] INFO  o.e.m.c.i.e.AbstractTransferListenerAdapter - Downloading https://repo.maven.apache.org/maven2/org/springframework/spring-jcl/6.1.6/spring-jcl-6.1.6-sources.jar
2026-04-01 13:21:01,590 [Worker-18: Download sources and javadoc] INFO  o.e.m.c.i.e.AbstractTransferListenerAdapter - Downloaded https://repo.maven.apache.org/maven2/org/springframework/spring-jcl/6.1.6/spring-jcl-6.1.6-sources.jar
2026-04-01 13:21:01,597 [Worker-18: Download sources and javadoc] INFO  o.e.m.j.internal.DownloadSourcesJob - Downloaded sources for org.springframework:spring-jcl:6.1.6
2026-04-01 13:21:01,651 [Worker-18: Download sources and javadoc] INFO  o.e.m.c.i.e.AbstractTransferListenerAdapter - Downloading https://repo.maven.apache.org/maven2/org/springframework/spring-test/6.1.6/spring-test-6.1.6-sources.jar
2026-04-01 13:21:01,744 [Worker-18: Download sources and javadoc] INFO  o.e.m.c.i.e.AbstractTransferListenerAdapter - Downloaded https://repo.maven.apache.org/maven2/org/springframework/spring-test/6.1.6/spring-test-6.1.6-sources.jar
2026-04-01 13:21:01,749 [Worker-18: Download sources and javadoc] INFO  o.e.m.j.internal.DownloadSourcesJob - Downloaded sources for org.springframework:spring-test:6.1.6
2026-04-01 13:21:01,786 [Worker-18: Download sources and javadoc] INFO  o.e.m.c.i.e.AbstractTransferListenerAdapter - Downloading https://repo.maven.apache.org/maven2/org/xmlunit/xmlunit-core/2.9.1/xmlunit-core-2.9.1-sources.jar
2026-04-01 13:21:01,810 [Worker-18: Download sources and javadoc] INFO  o.e.m.c.i.e.AbstractTransferListenerAdapter - Downloaded https://repo.maven.apache.org/maven2/org/xmlunit/xmlunit-core/2.9.1/xmlunit-core-2.9.1-sources.jar
2026-04-01 13:21:01,823 [Worker-18: Download sources and javadoc] INFO  o.e.m.j.internal.DownloadSourcesJob - Downloaded sources for org.xmlunit:xmlunit-core:2.9.1
2026-04-01 13:21:29,578 [Worker-21: Building] INFO  o.a.m.s.f.DefaultMavenResourcesFiltering - Copying 1 resource from src\main\resources to target\classes
2026-04-01 13:21:29,583 [Worker-21: Building] INFO  o.a.m.s.f.DefaultMavenResourcesFiltering - Copying 0 resource from src\main\resources to target\classes
2026-04-01 13:21:29,585 [Worker-21: Building] INFO  o.a.m.s.f.DefaultMavenResourcesFiltering - skip non existing resourceDirectory C:\Users\safecnc\Desktop\거지들의 지갑\거지들의 지갑\거지들의 지갑\workspace\poormoney\src\test\resources
2026-04-01 13:21:36,688 [Worker-17: Building] INFO  o.a.m.s.f.DefaultMavenResourcesFiltering - Copying 1 resource from src\main\resources to target\classes
2026-04-01 13:21:36,691 [Worker-17: Building] INFO  o.a.m.s.f.DefaultMavenResourcesFiltering - Copying 0 resource from src\main\resources to target\classes
2026-04-01 13:21:36,692 [Worker-17: Building] INFO  o.a.m.s.f.DefaultMavenResourcesFiltering - skip non existing resourceDirectory C:\Users\safecnc\Desktop\거지들의 지갑\거지들의 지갑\거지들의 지갑\workspace\poormoney\src\test\resources
2026-04-01 13:22:09,056 [Worker-17: Updating Maven Project] INFO  o.e.m.c.i.p.ProjectConfigurationManager - Update started
2026-04-01 13:22:09,436 [Worker-17: Updating Maven Project] INFO  o.e.m.c.i.l.LifecycleMappingFactory - Using org.eclipse.m2e.jdt.JarLifecycleMapping lifecycle mapping for MavenProject: poormoney:poormoney:0.0.1-SNAPSHOT @ C:\Users\safecnc\Desktop\거지들의 지갑\거지들의 지갑\거지들의 지갑\workspace\poormoney\pom.xml.
2026-04-01 13:22:09,990 [Worker-17: Updating Maven Project] INFO  o.e.m.j.i.AbstractJavaProjectConfigurator - Adding source folder /poormoney/src/main/java
2026-04-01 13:22:09,991 [Worker-17: Updating Maven Project] INFO  o.e.m.j.i.AbstractJavaProjectConfigurator - Adding resource folder /poormoney/src/main/resources
2026-04-01 13:22:09,992 [Worker-17: Updating Maven Project] INFO  o.e.m.j.i.AbstractJavaProjectConfigurator - Adding resource folder /poormoney/src/main/resources
2026-04-01 13:22:09,992 [Worker-17: Updating Maven Project] INFO  o.e.m.j.i.AbstractJavaProjectConfigurator - Adding source folder /poormoney/src/test/java
2026-04-01 13:22:09,992 [Worker-17: Updating Maven Project] INFO  o.e.m.j.i.AbstractJavaProjectConfigurator - Adding resource folder /poormoney/src/test/resources
2026-04-01 13:22:10,395 [Worker-17: Updating Maven Project] INFO  o.e.m.c.i.p.ProjectConfigurationManager - Update completed for 1 poms: local refresh takes 0.00 sec, refresh facades takes 0.00 sec, update config takes 0.00 sec 
2026-04-01 13:22:10,654 [Worker-19: Building] INFO  o.a.m.s.f.DefaultMavenResourcesFiltering - Copying 1 resource from src\main\resources to target\classes
2026-04-01 13:22:10,666 [Worker-19: Building] INFO  o.a.m.s.f.DefaultMavenResourcesFiltering - Copying 0 resource from src\main\resources to target\classes
2026-04-01 13:22:10,668 [Worker-19: Building] INFO  o.a.m.s.f.DefaultMavenResourcesFiltering - skip non existing resourceDirectory C:\Users\safecnc\Desktop\거지들의 지갑\거지들의 지갑\거지들의 지갑\workspace\poormoney\src\test\resources
2026-04-01 13:23:08,108 [Worker-10: Updating Maven Project] INFO  o.e.m.c.i.p.ProjectConfigurationManager - Update started
2026-04-01 13:23:08,484 [Worker-10: Updating Maven Project] INFO  o.e.m.c.i.l.LifecycleMappingFactory - Using org.eclipse.m2e.jdt.JarLifecycleMapping lifecycle mapping for MavenProject: poormoney:poormoney:0.0.1-SNAPSHOT @ C:\Users\safecnc\Desktop\거지들의 지갑\거지들의 지갑\거지들의 지갑\workspace\poormoney\pom.xml.
2026-04-01 13:23:09,145 [Worker-10: Updating Maven Project] INFO  o.e.m.j.i.AbstractJavaProjectConfigurator - Adding source folder /poormoney/src/main/java
2026-04-01 13:23:09,146 [Worker-10: Updating Maven Project] INFO  o.e.m.j.i.AbstractJavaProjectConfigurator - Adding resource folder /poormoney/src/main/resources
2026-04-01 13:23:09,149 [Worker-10: Updating Maven Project] INFO  o.e.m.j.i.AbstractJavaProjectConfigurator - Adding resource folder /poormoney/src/main/resources
2026-04-01 13:23:09,149 [Worker-10: Updating Maven Project] INFO  o.e.m.j.i.AbstractJavaProjectConfigurator - Adding source folder /poormoney/src/test/java
2026-04-01 13:23:09,150 [Worker-10: Updating Maven Project] INFO  o.e.m.j.i.AbstractJavaProjectConfigurator - Adding resource folder /poormoney/src/test/resources
2026-04-01 13:23:09,593 [Worker-10: Updating Maven Project] INFO  o.e.m.c.i.p.ProjectConfigurationManager - Update completed for 1 poms: local refresh takes 0.00 sec, refresh facades takes 0.00 sec, update config takes 0.00 sec 
2026-04-01 13:23:09,905 [Worker-22: Building] INFO  o.a.m.s.f.DefaultMavenResourcesFiltering - Copying 1 resource from src\main\resources to target\classes
2026-04-01 13:23:09,917 [Worker-22: Building] INFO  o.a.m.s.f.DefaultMavenResourcesFiltering - Copying 0 resource from src\main\resources to target\classes
2026-04-01 13:23:09,920 [Worker-22: Building] INFO  o.a.m.s.f.DefaultMavenResourcesFiltering - skip non existing resourceDirectory C:\Users\safecnc\Desktop\거지들의 지갑\거지들의 지갑\거지들의 지갑\workspace\poormoney\src\test\resources
2026-04-01 13:24:56,442 [Worker-11: Building] INFO  o.a.m.s.f.DefaultMavenResourcesFiltering - Copying 1 resource from src\main\resources to target\classes
2026-04-01 13:24:56,446 [Worker-11: Building] INFO  o.a.m.s.f.DefaultMavenResourcesFiltering - Copying 0 resource from src\main\resources to target\classes
2026-04-01 13:24:56,447 [Worker-11: Building] INFO  o.a.m.s.f.DefaultMavenResourcesFiltering - skip non existing resourceDirectory C:\Users\safecnc\Desktop\거지들의 지갑\거지들의 지갑\거지들의 지갑\workspace\poormoney\src\test\resources
2026-04-01 13:33:24,801 [Worker-24: Building] INFO  o.a.m.s.f.DefaultMavenResourcesFiltering - Copying 1 resource from src\main\resources to target\classes
2026-04-01 13:33:24,807 [Worker-24: Building] INFO  o.a.m.s.f.DefaultMavenResourcesFiltering - Copying 0 resource from src\main\resources to target\classes
2026-04-01 13:33:24,809 [Worker-24: Building] INFO  o.a.m.s.f.DefaultMavenResourcesFiltering - skip non existing resourceDirectory C:\Users\safecnc\Desktop\거지들의 지갑\거지들의 지갑\거지들의 지갑\workspace\poormoney\src\test\resources
2026-04-01 13:40:45,671 [Worker-32: Building] INFO  o.e.m.c.i.l.LifecycleMappingFactory - Using org.eclipse.m2e.jdt.JarLifecycleMapping lifecycle mapping for MavenProject: poormoney:poormoney:0.0.1-SNAPSHOT @ C:\Users\safecnc\Desktop\거지들의 지갑\거지들의 지갑\거지들의 지갑\workspace\poormoney\pom.xml.
2026-04-01 13:40:46,261 [Worker-32: Building] INFO  o.e.m.c.i.e.AbstractTransferListenerAdapter - Downloading https://repo.maven.apache.org/maven2/org/springframework/security/spring-security-crypto/6.2.4/spring-security-crypto-6.2.4.pom
2026-04-01 13:40:46,268 [Worker-32: Building] INFO  o.e.m.c.i.e.AbstractTransferListenerAdapter - Downloaded https://repo.maven.apache.org/maven2/org/springframework/security/spring-security-crypto/6.2.4/spring-security-crypto-6.2.4.pom
2026-04-01 13:40:46,743 [Worker-32: Building] INFO  o.e.m.c.i.e.AbstractTransferListenerAdapter - Downloading https://repo.maven.apache.org/maven2/org/springframework/security/spring-security-crypto/6.2.4/spring-security-crypto-6.2.4.jar
2026-04-01 13:40:46,772 [Worker-32: Building] INFO  o.e.m.c.i.e.AbstractTransferListenerAdapter - Downloaded https://repo.maven.apache.org/maven2/org/springframework/security/spring-security-crypto/6.2.4/spring-security-crypto-6.2.4.jar
2026-04-01 13:40:47,325 [Worker-32: Building] INFO  o.a.m.s.f.DefaultMavenResourcesFiltering - Copying 0 resource from src\main\resources to target\classes
2026-04-01 13:40:47,326 [Worker-32: Building] INFO  o.a.m.s.f.DefaultMavenResourcesFiltering - Copying 0 resource from src\main\resources to target\classes
2026-04-01 13:40:47,329 [Worker-32: Building] INFO  o.a.m.s.f.DefaultMavenResourcesFiltering - skip non existing resourceDirectory C:\Users\safecnc\Desktop\거지들의 지갑\거지들의 지갑\거지들의 지갑\workspace\poormoney\src\test\resources
2026-04-01 13:40:48,162 [Worker-39: Download sources and javadoc] INFO  o.e.m.c.i.e.AbstractTransferListenerAdapter - Downloading https://repo.maven.apache.org/maven2/org/springframework/security/spring-security-crypto/6.2.4/spring-security-crypto-6.2.4-sources.jar
2026-04-01 13:40:48,203 [Worker-39: Download sources and javadoc] INFO  o.e.m.c.i.e.AbstractTransferListenerAdapter - Downloaded https://repo.maven.apache.org/maven2/org/springframework/security/spring-security-crypto/6.2.4/spring-security-crypto-6.2.4-sources.jar
2026-04-01 13:40:48,210 [Worker-39: Download sources and javadoc] INFO  o.e.m.j.internal.DownloadSourcesJob - Downloaded sources for org.springframework.security:spring-security-crypto:6.2.4
2026-04-01 13:40:48,914 [Worker-40: Building] INFO  o.a.m.s.f.DefaultMavenResourcesFiltering - Copying 1 resource from src\main\resources to target\classes
2026-04-01 13:40:48,931 [Worker-40: Building] INFO  o.a.m.s.f.DefaultMavenResourcesFiltering - Copying 0 resource from src\main\resources to target\classes
2026-04-01 13:40:48,934 [Worker-40: Building] INFO  o.a.m.s.f.DefaultMavenResourcesFiltering - skip non existing resourceDirectory C:\Users\safecnc\Desktop\거지들의 지갑\거지들의 지갑\거지들의 지갑\workspace\poormoney\src\test\resources
2026-04-01 13:45:38,252 [Worker-41: Building] INFO  o.a.m.s.f.DefaultMavenResourcesFiltering - Copying 1 resource from src\main\resources to target\classes
2026-04-01 13:45:38,259 [Worker-41: Building] INFO  o.a.m.s.f.DefaultMavenResourcesFiltering - Copying 0 resource from src\main\resources to target\classes
2026-04-01 13:45:38,262 [Worker-41: Building] INFO  o.a.m.s.f.DefaultMavenResourcesFiltering - skip non existing resourceDirectory C:\Users\safecnc\Desktop\거지들의 지갑\거지들의 지갑\거지들의 지갑\workspace\poormoney\src\test\resources
2026-04-01 14:06:40,859 [Worker-54: Building] INFO  o.a.m.s.f.DefaultMavenResourcesFiltering - Copying 1 resource from src\main\resources to target\classes
2026-04-01 14:06:40,866 [Worker-54: Building] INFO  o.a.m.s.f.DefaultMavenResourcesFiltering - Copying 0 resource from src\main\resources to target\classes
2026-04-01 14:06:40,869 [Worker-54: Building] INFO  o.a.m.s.f.DefaultMavenResourcesFiltering - skip non existing resourceDirectory C:\Users\safecnc\Desktop\거지들의 지갑\거지들의 지갑\거지들의 지갑\workspace\poormoney\src\test\resources
2026-04-01 14:37:10,158 [Worker-67: Building] INFO  o.a.m.s.f.DefaultMavenResourcesFiltering - Copying 1 resource from src\main\resources to target\classes
2026-04-01 14:37:10,176 [Worker-67: Building] INFO  o.a.m.s.f.DefaultMavenResourcesFiltering - Copying 0 resource from src\main\resources to target\classes
2026-04-01 14:37:10,179 [Worker-67: Building] INFO  o.a.m.s.f.DefaultMavenResourcesFiltering - skip non existing resourceDirectory C:\Users\safecnc\Desktop\거지들의 지갑\거지들의 지갑\거지들의 지갑\workspace\poormoney\src\test\resources
2026-04-02 08:46:16,616 [Worker-2: Loading available Gradle versions] INFO  o.e.b.c.i.u.g.PublishedGradleVersions - Gradle version information cache is up-to-date. Trying to read.
2026-04-02 08:46:22,076 [Worker-8: Building] INFO  o.e.m.c.i.l.LifecycleMappingFactory - Using org.eclipse.m2e.jdt.JarLifecycleMapping lifecycle mapping for MavenProject: poormoney:poormoney:0.0.1-SNAPSHOT @ C:\Users\safecnc\Desktop\거지들의 지갑\거지들의 지갑\거지들의 지갑\workspace\poormoney\pom.xml.
2026-04-02 08:46:23,439 [Worker-8: Building] INFO  o.a.m.s.f.DefaultMavenResourcesFiltering - Copying 1 resource from src\main\resources to target\classes
2026-04-02 08:46:23,463 [Worker-8: Building] INFO  o.a.m.s.f.DefaultMavenResourcesFiltering - Copying 0 resource from src\main\resources to target\classes
2026-04-02 08:46:23,469 [Worker-8: Building] INFO  o.a.m.s.f.DefaultMavenResourcesFiltering - skip non existing resourceDirectory C:\Users\safecnc\Desktop\거지들의 지갑\거지들의 지갑\거지들의 지갑\workspace\poormoney\src\test\resources
2026-04-02 08:51:36,205 [Worker-26: Building] INFO  o.a.m.s.f.DefaultMavenResourcesFiltering - Copying 1 resource from src\main\resources to target\classes
2026-04-02 08:51:36,212 [Worker-26: Building] INFO  o.a.m.s.f.DefaultMavenResourcesFiltering - Copying 0 resource from src\main\resources to target\classes
2026-04-02 08:51:36,214 [Worker-26: Building] INFO  o.a.m.s.f.DefaultMavenResourcesFiltering - skip non existing resourceDirectory C:\Users\safecnc\Desktop\거지들의 지갑\거지들의 지갑\거지들의 지갑\workspace\poormoney\src\test\resources
2026-04-02 08:55:48,213 [Worker-33: Building] INFO  o.a.m.s.f.DefaultMavenResourcesFiltering - Copying 1 resource from src\main\resources to target\classes
2026-04-02 08:55:48,221 [Worker-33: Building] INFO  o.a.m.s.f.DefaultMavenResourcesFiltering - Copying 0 resource from src\main\resources to target\classes
2026-04-02 08:55:48,224 [Worker-33: Building] INFO  o.a.m.s.f.DefaultMavenResourcesFiltering - skip non existing resourceDirectory C:\Users\safecnc\Desktop\거지들의 지갑\거지들의 지갑\거지들의 지갑\workspace\poormoney\src\test\resources
2026-04-02 09:17:10,738 [Worker-45: Building] INFO  o.a.m.s.f.DefaultMavenResourcesFiltering - Copying 1 resource from src\main\resources to target\classes
2026-04-02 09:17:10,743 [Worker-45: Building] INFO  o.a.m.s.f.DefaultMavenResourcesFiltering - Copying 0 resource from src\main\resources to target\classes
2026-04-02 09:17:10,746 [Worker-45: Building] INFO  o.a.m.s.f.DefaultMavenResourcesFiltering - skip non existing resourceDirectory C:\Users\safecnc\Desktop\거지들의 지갑\거지들의 지갑\거지들의 지갑\workspace\poormoney\src\test\resources
2026-04-02 09:52:11,063 [Worker-62: Building] INFO  o.a.m.s.f.DefaultMavenResourcesFiltering - Copying 1 resource from src\main\resources to target\classes
2026-04-02 09:52:11,070 [Worker-62: Building] INFO  o.a.m.s.f.DefaultMavenResourcesFiltering - Copying 0 resource from src\main\resources to target\classes
2026-04-02 09:52:11,073 [Worker-62: Building] INFO  o.a.m.s.f.DefaultMavenResourcesFiltering - skip non existing resourceDirectory C:\Users\safecnc\Desktop\거지들의 지갑\거지들의 지갑\거지들의 지갑\workspace\poormoney\src\test\resources
2026-04-02 09:53:08,716 [Worker-65: Updating Maven Project] INFO  o.e.m.c.i.p.ProjectConfigurationManager - Update started
2026-04-02 09:53:09,203 [Worker-65: Updating Maven Project] INFO  o.e.m.c.i.l.LifecycleMappingFactory - Using org.eclipse.m2e.jdt.JarLifecycleMapping lifecycle mapping for MavenProject: poormoney:poormoney:0.0.1-SNAPSHOT @ C:\Users\safecnc\Desktop\거지들의 지갑\거지들의 지갑\거지들의 지갑\workspace\poormoney\pom.xml.
2026-04-02 09:53:09,946 [Worker-65: Updating Maven Project] INFO  o.e.m.j.i.AbstractJavaProjectConfigurator - Adding source folder /poormoney/src/main/java
2026-04-02 09:53:09,948 [Worker-65: Updating Maven Project] INFO  o.e.m.j.i.AbstractJavaProjectConfigurator - Adding resource folder /poormoney/src/main/resources
2026-04-02 09:53:09,949 [Worker-65: Updating Maven Project] INFO  o.e.m.j.i.AbstractJavaProjectConfigurator - Adding resource folder /poormoney/src/main/resources
2026-04-02 09:53:09,951 [Worker-65: Updating Maven Project] INFO  o.e.m.j.i.AbstractJavaProjectConfigurator - Adding source folder /poormoney/src/test/java
2026-04-02 09:53:09,952 [Worker-65: Updating Maven Project] INFO  o.e.m.j.i.AbstractJavaProjectConfigurator - Adding resource folder /poormoney/src/test/resources
2026-04-02 09:53:10,417 [Worker-65: Updating Maven Project] INFO  o.e.m.c.i.p.ProjectConfigurationManager - Update completed for 1 poms: local refresh takes 0.00 sec, refresh facades takes 1.00 sec, update config takes 0.00 sec 
2026-04-02 09:53:10,982 [Worker-62: Building] INFO  o.a.m.s.f.DefaultMavenResourcesFiltering - Copying 1 resource from src\main\resources to target\classes
2026-04-02 09:53:11,002 [Worker-62: Building] INFO  o.a.m.s.f.DefaultMavenResourcesFiltering - Copying 0 resource from src\main\resources to target\classes
2026-04-02 09:53:11,006 [Worker-62: Building] INFO  o.a.m.s.f.DefaultMavenResourcesFiltering - skip non existing resourceDirectory C:\Users\safecnc\Desktop\거지들의 지갑\거지들의 지갑\거지들의 지갑\workspace\poormoney\src\test\resources
2026-04-02 10:16:32,358 [Worker-69: Building] INFO  o.a.m.s.f.DefaultMavenResourcesFiltering - Copying 1 resource from src\main\resources to target\classes
2026-04-02 10:16:32,369 [Worker-69: Building] INFO  o.a.m.s.f.DefaultMavenResourcesFiltering - Copying 0 resource from src\main\resources to target\classes
2026-04-02 10:16:32,372 [Worker-69: Building] INFO  o.a.m.s.f.DefaultMavenResourcesFiltering - skip non existing resourceDirectory C:\Users\safecnc\Desktop\거지들의 지갑\거지들의 지갑\거지들의 지갑\workspace\poormoney\src\test\resources
2026-04-02 11:15:01,067 [Worker-75: Building] INFO  o.a.m.s.f.DefaultMavenResourcesFiltering - Copying 1 resource from src\main\resources to target\classes
2026-04-02 11:15:01,087 [Worker-75: Building] INFO  o.a.m.s.f.DefaultMavenResourcesFiltering - Copying 1 resource from src\main\resources to target\classes
2026-04-02 11:15:01,102 [Worker-75: Building] INFO  o.a.m.s.f.DefaultMavenResourcesFiltering - skip non existing resourceDirectory C:\Users\safecnc\Desktop\거지들의 지갑\거지들의 지갑\거지들의 지갑\workspace\poormoney\src\test\resources
2026-04-02 11:21:11,572 [Worker-85: Building] INFO  o.a.m.s.f.DefaultMavenResourcesFiltering - Copying 0 resource from src\main\resources to target\classes
2026-04-02 11:21:11,573 [Worker-85: Building] INFO  o.a.m.s.f.DefaultMavenResourcesFiltering - Copying 1 resource from src\main\resources to target\classes
2026-04-02 11:21:11,577 [Worker-85: Building] INFO  o.a.m.s.f.DefaultMavenResourcesFiltering - skip non existing resourceDirectory C:\Users\safecnc\Desktop\거지들의 지갑\거지들의 지갑\거지들의 지갑\workspace\poormoney\src\test\resources
2026-04-02 11:24:23,167 [Worker-93: Building] INFO  o.a.m.s.f.DefaultMavenResourcesFiltering - Copying 1 resource from src\main\resources to target\classes
2026-04-02 11:24:23,171 [Worker-93: Building] INFO  o.a.m.s.f.DefaultMavenResourcesFiltering - Copying 0 resource from src\main\resources to target\classes
2026-04-02 11:24:23,173 [Worker-93: Building] INFO  o.a.m.s.f.DefaultMavenResourcesFiltering - skip non existing resourceDirectory C:\Users\safecnc\Desktop\거지들의 지갑\거지들의 지갑\거지들의 지갑\workspace\poormoney\src\test\resources
2026-04-02 11:26:02,479 [Worker-93: Building] INFO  o.a.m.s.f.DefaultMavenResourcesFiltering - Copying 1 resource from src\main\resources to target\classes
2026-04-02 11:26:02,484 [Worker-93: Building] INFO  o.a.m.s.f.DefaultMavenResourcesFiltering - Copying 0 resource from src\main\resources to target\classes
2026-04-02 11:26:02,486 [Worker-93: Building] INFO  o.a.m.s.f.DefaultMavenResourcesFiltering - skip non existing resourceDirectory C:\Users\safecnc\Desktop\거지들의 지갑\거지들의 지갑\거지들의 지갑\workspace\poormoney\src\test\resources
2026-04-02 11:28:04,119 [Worker-96: Building] INFO  o.a.m.s.f.DefaultMavenResourcesFiltering - Copying 1 resource from src\main\resources to target\classes
2026-04-02 11:28:04,130 [Worker-96: Building] INFO  o.a.m.s.f.DefaultMavenResourcesFiltering - Copying 0 resource from src\main\resources to target\classes
2026-04-02 11:28:04,132 [Worker-96: Building] INFO  o.a.m.s.f.DefaultMavenResourcesFiltering - skip non existing resourceDirectory C:\Users\safecnc\Desktop\거지들의 지갑\거지들의 지갑\거지들의 지갑\workspace\poormoney\src\test\resources
2026-04-02 11:30:29,338 [Worker-105: Building] INFO  o.a.m.s.f.DefaultMavenResourcesFiltering - Copying 1 resource from src\main\resources to target\classes
2026-04-02 11:30:29,345 [Worker-105: Building] INFO  o.a.m.s.f.DefaultMavenResourcesFiltering - Copying 0 resource from src\main\resources to target\classes
2026-04-02 11:30:29,346 [Worker-105: Building] INFO  o.a.m.s.f.DefaultMavenResourcesFiltering - skip non existing resourceDirectory C:\Users\safecnc\Desktop\거지들의 지갑\거지들의 지갑\거지들의 지갑\workspace\poormoney\src\test\resources
2026-04-02 11:39:57,632 [Worker-104: Building] INFO  o.e.m.c.i.l.LifecycleMappingFactory - Using org.eclipse.m2e.jdt.JarLifecycleMapping lifecycle mapping for MavenProject: poormoney:poormoney:0.0.1-SNAPSHOT @ C:\Users\safecnc\Desktop\거지들의 지갑\거지들의 지갑\거지들의 지갑\workspace\poormoney\pom.xml.
2026-04-02 11:39:58,299 [Worker-104: Building] INFO  o.a.m.s.f.DefaultMavenResourcesFiltering - Copying 0 resource from src\main\resources to target\classes
2026-04-02 11:39:58,300 [Worker-104: Building] INFO  o.a.m.s.f.DefaultMavenResourcesFiltering - Copying 0 resource from src\main\resources to target\classes
2026-04-02 11:39:58,303 [Worker-104: Building] INFO  o.a.m.s.f.DefaultMavenResourcesFiltering - skip non existing resourceDirectory C:\Users\safecnc\Desktop\거지들의 지갑\거지들의 지갑\거지들의 지갑\workspace\poormoney\src\test\resources
2026-04-02 11:57:54,814 [Worker-111: Building] INFO  o.e.m.c.i.l.LifecycleMappingFactory - Using org.eclipse.m2e.jdt.JarLifecycleMapping lifecycle mapping for MavenProject: poormoney:poormoney:0.0.1-SNAPSHOT @ C:\Users\safecnc\Desktop\거지들의 지갑\거지들의 지갑\거지들의 지갑\workspace\poormoney\pom.xml.
2026-04-02 11:57:55,356 [Worker-111: Building] INFO  o.a.m.s.f.DefaultMavenResourcesFiltering - Copying 0 resource from src\main\resources to target\classes
2026-04-02 11:57:55,357 [Worker-111: Building] INFO  o.a.m.s.f.DefaultMavenResourcesFiltering - Copying 0 resource from src\main\resources to target\classes
2026-04-02 11:57:55,360 [Worker-111: Building] INFO  o.a.m.s.f.DefaultMavenResourcesFiltering - skip non existing resourceDirectory C:\Users\safecnc\Desktop\거지들의 지갑\거지들의 지갑\거지들의 지갑\workspace\poormoney\src\test\resources
2026-04-02 11:59:05,500 [Worker-114: Building] INFO  o.a.m.s.f.DefaultMavenResourcesFiltering - Copying 2 resources from src\main\resources to target\classes
2026-04-02 11:59:05,519 [Worker-114: Building] INFO  o.a.m.s.f.DefaultMavenResourcesFiltering - Copying 1 resource from src\main\resources to target\classes
2026-04-02 11:59:05,525 [Worker-114: Building] INFO  o.a.m.s.f.DefaultMavenResourcesFiltering - Copying 0 resource from src\test\resources to target\test-classes
2026-04-02 11:59:16,553 [Worker-114: Building] INFO  o.a.m.s.f.DefaultMavenResourcesFiltering - Copying 0 resource from src\main\resources to target\classes
2026-04-02 11:59:16,555 [Worker-114: Building] INFO  o.a.m.s.f.DefaultMavenResourcesFiltering - Copying 0 resource from src\main\resources to target\classes
2026-04-02 11:59:16,558 [Worker-114: Building] INFO  o.a.m.s.f.DefaultMavenResourcesFiltering - Copying 0 resource from src\test\resources to target\test-classes
2026-04-02 11:59:35,143 [main] INFO  o.e.m2e.actions.ExecutePomAction - Creating new launch configuration
2026-04-02 11:59:53,168 [Worker-112: Launching poormoney] INFO  o.eclipse.m2e.core.internal.Bundles - getClasspathEntries(Bundle=org.eclipse.m2e.maven.runtime_3.9.700.20240602-2313 [359])
2026-04-02 11:59:53,169 [Worker-112: Launching poormoney] INFO  o.eclipse.m2e.core.internal.Bundles - 	Entry: C:\devWork\3.eclipse\eGovFrameDev-4.3.1-64bit\STS\sts-4.23.1.RELEASE\plugins\org.eclipse.m2e.maven.runtime_3.9.700.20240602-2313
2026-04-02 11:59:53,170 [Worker-112: Launching poormoney] INFO  o.eclipse.m2e.core.internal.Bundles - 	Entry: C:\devWork\3.eclipse\eGovFrameDev-4.3.1-64bit\STS\sts-4.23.1.RELEASE\plugins\org.eclipse.m2e.maven.runtime_3.9.700.20240602-2313\jars\aopalliance-1.0.jar
2026-04-02 11:59:53,170 [Worker-112: Launching poormoney] INFO  o.eclipse.m2e.core.internal.Bundles - 	Entry: C:\devWork\3.eclipse\eGovFrameDev-4.3.1-64bit\STS\sts-4.23.1.RELEASE\plugins\org.eclipse.m2e.maven.runtime_3.9.700.20240602-2313\jars\guice-5.1.0.jar
2026-04-02 11:59:53,170 [Worker-112: Launching poormoney] INFO  o.eclipse.m2e.core.internal.Bundles - 	Entry: C:\devWork\3.eclipse\eGovFrameDev-4.3.1-64bit\STS\sts-4.23.1.RELEASE\plugins\org.eclipse.m2e.maven.runtime_3.9.700.20240602-2313\jars\httpclient-4.5.14.jar
2026-04-02 11:59:53,170 [Worker-112: Launching poormoney] INFO  o.eclipse.m2e.core.internal.Bundles - 	Entry: C:\devWork\3.eclipse\eGovFrameDev-4.3.1-64bit\STS\sts-4.23.1.RELEASE\plugins\org.eclipse.m2e.maven.runtime_3.9.700.20240602-2313\jars\httpcore-4.4.16.jar
2026-04-02 11:59:53,171 [Worker-112: Launching poormoney] INFO  o.eclipse.m2e.core.internal.Bundles - 	Entry: C:\devWork\3.eclipse\eGovFrameDev-4.3.1-64bit\STS\sts-4.23.1.RELEASE\plugins\org.eclipse.m2e.maven.runtime_3.9.700.20240602-2313\jars\jansi-2.4.1.jar
2026-04-02 11:59:53,171 [Worker-112: Launching poormoney] INFO  o.eclipse.m2e.core.internal.Bundles - 	Entry: C:\devWork\3.eclipse\eGovFrameDev-4.3.1-64bit\STS\sts-4.23.1.RELEASE\plugins\org.eclipse.m2e.maven.runtime_3.9.700.20240602-2313\jars\jcl-over-slf4j-1.7.36.jar
2026-04-02 11:59:53,171 [Worker-112: Launching poormoney] INFO  o.eclipse.m2e.core.internal.Bundles - 	Entry: C:\devWork\3.eclipse\eGovFrameDev-4.3.1-64bit\STS\sts-4.23.1.RELEASE\plugins\org.eclipse.m2e.maven.runtime_3.9.700.20240602-2313\jars\maven-artifact-3.9.7.jar
2026-04-02 11:59:53,171 [Worker-112: Launching poormoney] INFO  o.eclipse.m2e.core.internal.Bundles - 	Entry: C:\devWork\3.eclipse\eGovFrameDev-4.3.1-64bit\STS\sts-4.23.1.RELEASE\plugins\org.eclipse.m2e.maven.runtime_3.9.700.20240602-2313\jars\maven-builder-support-3.9.7.jar
2026-04-02 11:59:53,171 [Worker-112: Launching poormoney] INFO  o.eclipse.m2e.core.internal.Bundles - 	Entry: C:\devWork\3.eclipse\eGovFrameDev-4.3.1-64bit\STS\sts-4.23.1.RELEASE\plugins\org.eclipse.m2e.maven.runtime_3.9.700.20240602-2313\jars\maven-compat-3.9.7.jar
2026-04-02 11:59:53,171 [Worker-112: Launching poormoney] INFO  o.eclipse.m2e.core.internal.Bundles - 	Entry: C:\devWork\3.eclipse\eGovFrameDev-4.3.1-64bit\STS\sts-4.23.1.RELEASE\plugins\org.eclipse.m2e.maven.runtime_3.9.700.20240602-2313\jars\maven-core-3.9.7.jar
2026-04-02 11:59:53,171 [Worker-112: Launching poormoney] INFO  o.eclipse.m2e.core.internal.Bundles - 	Entry: C:\devWork\3.eclipse\eGovFrameDev-4.3.1-64bit\STS\sts-4.23.1.RELEASE\plugins\org.eclipse.m2e.maven.runtime_3.9.700.20240602-2313\jars\maven-embedder-3.9.7.jar
2026-04-02 11:59:53,172 [Worker-112: Launching poormoney] INFO  o.eclipse.m2e.core.internal.Bundles - 	Entry: C:\devWork\3.eclipse\eGovFrameDev-4.3.1-64bit\STS\sts-4.23.1.RELEASE\plugins\org.eclipse.m2e.maven.runtime_3.9.700.20240602-2313\jars\maven-model-3.9.7.jar
2026-04-02 11:59:53,172 [Worker-112: Launching poormoney] INFO  o.eclipse.m2e.core.internal.Bundles - 	Entry: C:\devWork\3.eclipse\eGovFrameDev-4.3.1-64bit\STS\sts-4.23.1.RELEASE\plugins\org.eclipse.m2e.maven.runtime_3.9.700.20240602-2313\jars\maven-model-builder-3.9.7.jar
2026-04-02 11:59:53,172 [Worker-112: Launching poormoney] INFO  o.eclipse.m2e.core.internal.Bundles - 	Entry: C:\devWork\3.eclipse\eGovFrameDev-4.3.1-64bit\STS\sts-4.23.1.RELEASE\plugins\org.eclipse.m2e.maven.runtime_3.9.700.20240602-2313\jars\maven-plugin-api-3.9.7.jar
2026-04-02 11:59:53,172 [Worker-112: Launching poormoney] INFO  o.eclipse.m2e.core.internal.Bundles - 	Entry: C:\devWork\3.eclipse\eGovFrameDev-4.3.1-64bit\STS\sts-4.23.1.RELEASE\plugins\org.eclipse.m2e.maven.runtime_3.9.700.20240602-2313\jars\maven-repository-metadata-3.9.7.jar
2026-04-02 11:59:53,172 [Worker-112: Launching poormoney] INFO  o.eclipse.m2e.core.internal.Bundles - 	Entry: C:\devWork\3.eclipse\eGovFrameDev-4.3.1-64bit\STS\sts-4.23.1.RELEASE\plugins\org.eclipse.m2e.maven.runtime_3.9.700.20240602-2313\jars\maven-resolver-api-1.9.20.jar
2026-04-02 11:59:53,172 [Worker-112: Launching poormoney] INFO  o.eclipse.m2e.core.internal.Bundles - 	Entry: C:\devWork\3.eclipse\eGovFrameDev-4.3.1-64bit\STS\sts-4.23.1.RELEASE\plugins\org.eclipse.m2e.maven.runtime_3.9.700.20240602-2313\jars\maven-resolver-connector-basic-1.9.20.jar
2026-04-02 11:59:53,172 [Worker-112: Launching poormoney] INFO  o.eclipse.m2e.core.internal.Bundles - 	Entry: C:\devWork\3.eclipse\eGovFrameDev-4.3.1-64bit\STS\sts-4.23.1.RELEASE\plugins\org.eclipse.m2e.maven.runtime_3.9.700.20240602-2313\jars\maven-resolver-impl-1.9.20.jar
2026-04-02 11:59:53,173 [Worker-112: Launching poormoney] INFO  o.eclipse.m2e.core.internal.Bundles - 	Entry: C:\devWork\3.eclipse\eGovFrameDev-4.3.1-64bit\STS\sts-4.23.1.RELEASE\plugins\org.eclipse.m2e.maven.runtime_3.9.700.20240602-2313\jars\maven-resolver-named-locks-1.9.20.jar
2026-04-02 11:59:53,173 [Worker-112: Launching poormoney] INFO  o.eclipse.m2e.core.internal.Bundles - 	Entry: C:\devWork\3.eclipse\eGovFrameDev-4.3.1-64bit\STS\sts-4.23.1.RELEASE\plugins\org.eclipse.m2e.maven.runtime_3.9.700.20240602-2313\jars\maven-resolver-provider-3.9.7.jar
2026-04-02 11:59:53,173 [Worker-112: Launching poormoney] INFO  o.eclipse.m2e.core.internal.Bundles - 	Entry: C:\devWork\3.eclipse\eGovFrameDev-4.3.1-64bit\STS\sts-4.23.1.RELEASE\plugins\org.eclipse.m2e.maven.runtime_3.9.700.20240602-2313\jars\maven-resolver-spi-1.9.20.jar
2026-04-02 11:59:53,173 [Worker-112: Launching poormoney] INFO  o.eclipse.m2e.core.internal.Bundles - 	Entry: C:\devWork\3.eclipse\eGovFrameDev-4.3.1-64bit\STS\sts-4.23.1.RELEASE\plugins\org.eclipse.m2e.maven.runtime_3.9.700.20240602-2313\jars\maven-resolver-transport-file-1.9.20.jar
2026-04-02 11:59:53,173 [Worker-112: Launching poormoney] INFO  o.eclipse.m2e.core.internal.Bundles - 	Entry: C:\devWork\3.eclipse\eGovFrameDev-4.3.1-64bit\STS\sts-4.23.1.RELEASE\plugins\org.eclipse.m2e.maven.runtime_3.9.700.20240602-2313\jars\maven-resolver-transport-http-1.9.20.jar
2026-04-02 11:59:53,173 [Worker-112: Launching poormoney] INFO  o.eclipse.m2e.core.internal.Bundles - 	Entry: C:\devWork\3.eclipse\eGovFrameDev-4.3.1-64bit\STS\sts-4.23.1.RELEASE\plugins\org.eclipse.m2e.maven.runtime_3.9.700.20240602-2313\jars\maven-resolver-transport-wagon-1.9.20.jar
2026-04-02 11:59:53,174 [Worker-112: Launching poormoney] INFO  o.eclipse.m2e.core.internal.Bundles - 	Entry: C:\devWork\3.eclipse\eGovFrameDev-4.3.1-64bit\STS\sts-4.23.1.RELEASE\plugins\org.eclipse.m2e.maven.runtime_3.9.700.20240602-2313\jars\maven-resolver-util-1.9.20.jar
2026-04-02 11:59:53,174 [Worker-112: Launching poormoney] INFO  o.eclipse.m2e.core.internal.Bundles - 	Entry: C:\devWork\3.eclipse\eGovFrameDev-4.3.1-64bit\STS\sts-4.23.1.RELEASE\plugins\org.eclipse.m2e.maven.runtime_3.9.700.20240602-2313\jars\maven-settings-3.9.7.jar
2026-04-02 11:59:53,174 [Worker-112: Launching poormoney] INFO  o.eclipse.m2e.core.internal.Bundles - 	Entry: C:\devWork\3.eclipse\eGovFrameDev-4.3.1-64bit\STS\sts-4.23.1.RELEASE\plugins\org.eclipse.m2e.maven.runtime_3.9.700.20240602-2313\jars\maven-settings-builder-3.9.7.jar
2026-04-02 11:59:53,174 [Worker-112: Launching poormoney] INFO  o.eclipse.m2e.core.internal.Bundles - 	Entry: C:\devWork\3.eclipse\eGovFrameDev-4.3.1-64bit\STS\sts-4.23.1.RELEASE\plugins\org.eclipse.m2e.maven.runtime_3.9.700.20240602-2313\jars\maven-shared-utils-3.4.2.jar
2026-04-02 11:59:53,174 [Worker-112: Launching poormoney] INFO  o.eclipse.m2e.core.internal.Bundles - 	Entry: C:\devWork\3.eclipse\eGovFrameDev-4.3.1-64bit\STS\sts-4.23.1.RELEASE\plugins\org.eclipse.m2e.maven.runtime_3.9.700.20240602-2313\jars\org.eclipse.sisu.inject-0.9.0.M2.jar
2026-04-02 11:59:53,174 [Worker-112: Launching poormoney] INFO  o.eclipse.m2e.core.internal.Bundles - 	Entry: C:\devWork\3.eclipse\eGovFrameDev-4.3.1-64bit\STS\sts-4.23.1.RELEASE\plugins\org.eclipse.m2e.maven.runtime_3.9.700.20240602-2313\jars\org.eclipse.sisu.plexus-0.9.0.M2.jar
2026-04-02 11:59:53,174 [Worker-112: Launching poormoney] INFO  o.eclipse.m2e.core.internal.Bundles - 	Entry: C:\devWork\3.eclipse\eGovFrameDev-4.3.1-64bit\STS\sts-4.23.1.RELEASE\plugins\org.eclipse.m2e.maven.runtime_3.9.700.20240602-2313\jars\plexus-build-api-0.0.7.jar
2026-04-02 11:59:53,175 [Worker-112: Launching poormoney] INFO  o.eclipse.m2e.core.internal.Bundles - 	Entry: C:\devWork\3.eclipse\eGovFrameDev-4.3.1-64bit\STS\sts-4.23.1.RELEASE\plugins\org.eclipse.m2e.maven.runtime_3.9.700.20240602-2313\jars\plexus-build-api-1.2.0.jar
2026-04-02 11:59:53,175 [Worker-112: Launching poormoney] INFO  o.eclipse.m2e.core.internal.Bundles - 	Entry: C:\devWork\3.eclipse\eGovFrameDev-4.3.1-64bit\STS\sts-4.23.1.RELEASE\plugins\org.eclipse.m2e.maven.runtime_3.9.700.20240602-2313\jars\plexus-cipher-2.0.jar
2026-04-02 11:59:53,175 [Worker-112: Launching poormoney] INFO  o.eclipse.m2e.core.internal.Bundles - 	Entry: C:\devWork\3.eclipse\eGovFrameDev-4.3.1-64bit\STS\sts-4.23.1.RELEASE\plugins\org.eclipse.m2e.maven.runtime_3.9.700.20240602-2313\jars\plexus-classworlds-2.8.0.jar
2026-04-02 11:59:53,175 [Worker-112: Launching poormoney] INFO  o.eclipse.m2e.core.internal.Bundles - 	Entry: C:\devWork\3.eclipse\eGovFrameDev-4.3.1-64bit\STS\sts-4.23.1.RELEASE\plugins\org.eclipse.m2e.maven.runtime_3.9.700.20240602-2313\jars\plexus-component-annotations-2.1.0.jar
2026-04-02 11:59:53,175 [Worker-112: Launching poormoney] INFO  o.eclipse.m2e.core.internal.Bundles - 	Entry: C:\devWork\3.eclipse\eGovFrameDev-4.3.1-64bit\STS\sts-4.23.1.RELEASE\plugins\org.eclipse.m2e.maven.runtime_3.9.700.20240602-2313\jars\plexus-interpolation-1.27.jar
2026-04-02 11:59:53,176 [Worker-112: Launching poormoney] INFO  o.eclipse.m2e.core.internal.Bundles - 	Entry: C:\devWork\3.eclipse\eGovFrameDev-4.3.1-64bit\STS\sts-4.23.1.RELEASE\plugins\org.eclipse.m2e.maven.runtime_3.9.700.20240602-2313\jars\plexus-sec-dispatcher-2.0.jar
2026-04-02 11:59:53,176 [Worker-112: Launching poormoney] INFO  o.eclipse.m2e.core.internal.Bundles - 	Entry: C:\devWork\3.eclipse\eGovFrameDev-4.3.1-64bit\STS\sts-4.23.1.RELEASE\plugins\org.eclipse.m2e.maven.runtime_3.9.700.20240602-2313\jars\plexus-utils-3.5.1.jar
2026-04-02 11:59:53,176 [Worker-112: Launching poormoney] INFO  o.eclipse.m2e.core.internal.Bundles - 	Entry: C:\devWork\3.eclipse\eGovFrameDev-4.3.1-64bit\STS\sts-4.23.1.RELEASE\plugins\org.eclipse.m2e.maven.runtime_3.9.700.20240602-2313\jars\wagon-file-3.5.3.jar
2026-04-02 11:59:53,176 [Worker-112: Launching poormoney] INFO  o.eclipse.m2e.core.internal.Bundles - 	Entry: C:\devWork\3.eclipse\eGovFrameDev-4.3.1-64bit\STS\sts-4.23.1.RELEASE\plugins\org.eclipse.m2e.maven.runtime_3.9.700.20240602-2313\jars\wagon-http-3.5.3.jar
2026-04-02 11:59:53,176 [Worker-112: Launching poormoney] INFO  o.eclipse.m2e.core.internal.Bundles - 	Entry: C:\devWork\3.eclipse\eGovFrameDev-4.3.1-64bit\STS\sts-4.23.1.RELEASE\plugins\org.eclipse.m2e.maven.runtime_3.9.700.20240602-2313\jars\wagon-http-shared-3.5.3.jar
2026-04-02 11:59:53,176 [Worker-112: Launching poormoney] INFO  o.eclipse.m2e.core.internal.Bundles - 	Entry: C:\devWork\3.eclipse\eGovFrameDev-4.3.1-64bit\STS\sts-4.23.1.RELEASE\plugins\org.eclipse.m2e.maven.runtime_3.9.700.20240602-2313\jars\wagon-provider-api-3.5.3.jar
2026-04-02 11:59:53,177 [Worker-112: Launching poormoney] INFO  o.eclipse.m2e.core.internal.Bundles - getClasspathEntries(Bundle=com.google.guava_33.2.0.jre [29])
2026-04-02 11:59:53,178 [Worker-112: Launching poormoney] INFO  o.eclipse.m2e.core.internal.Bundles - 	Entry: C:\devWork\3.eclipse\eGovFrameDev-4.3.1-64bit\STS\sts-4.23.1.RELEASE\plugins\com.google.guava_33.2.0.jre.jar
2026-04-02 11:59:53,178 [Worker-112: Launching poormoney] INFO  o.eclipse.m2e.core.internal.Bundles - getClasspathEntries(Bundle=slf4j.api_2.0.13 [592])
2026-04-02 11:59:53,178 [Worker-112: Launching poormoney] INFO  o.eclipse.m2e.core.internal.Bundles - 	Entry: C:\devWork\3.eclipse\eGovFrameDev-4.3.1-64bit\STS\sts-4.23.1.RELEASE\plugins\slf4j.api_2.0.13.jar
2026-04-02 11:59:53,178 [Worker-112: Launching poormoney] INFO  o.eclipse.m2e.core.internal.Bundles - getClasspathEntries(Bundle=jakarta.inject.jakarta.inject-api_1.0.5 [44])
2026-04-02 11:59:53,179 [Worker-112: Launching poormoney] INFO  o.eclipse.m2e.core.internal.Bundles - 	Entry: C:\devWork\3.eclipse\eGovFrameDev-4.3.1-64bit\STS\sts-4.23.1.RELEASE\plugins\jakarta.inject.jakarta.inject-api_1.0.5.jar
2026-04-02 11:59:53,179 [Worker-112: Launching poormoney] INFO  o.eclipse.m2e.core.internal.Bundles - getClasspathEntries(Bundle=javax.annotation_1.3.5.v20200909-1856 [53])
2026-04-02 11:59:53,179 [Worker-112: Launching poormoney] INFO  o.eclipse.m2e.core.internal.Bundles - 	Entry: C:\devWork\3.eclipse\eGovFrameDev-4.3.1-64bit\STS\sts-4.23.1.RELEASE\plugins\javax.annotation_1.3.5.v20200909-1856.jar
2026-04-02 11:59:53,179 [Worker-112: Launching poormoney] INFO  o.eclipse.m2e.core.internal.Bundles - getClasspathEntries(Bundle=org.apache.commons.cli_1.8.0 [76])
2026-04-02 11:59:53,179 [Worker-112: Launching poormoney] INFO  o.eclipse.m2e.core.internal.Bundles - 	Entry: C:\devWork\3.eclipse\eGovFrameDev-4.3.1-64bit\STS\sts-4.23.1.RELEASE\plugins\org.apache.commons.cli_1.8.0.jar
2026-04-02 11:59:53,179 [Worker-112: Launching poormoney] INFO  o.eclipse.m2e.core.internal.Bundles - getClasspathEntries(Bundle=org.apache.commons.commons-codec_1.16.0 [78])
2026-04-02 11:59:53,180 [Worker-112: Launching poormoney] INFO  o.eclipse.m2e.core.internal.Bundles - 	Entry: C:\devWork\3.eclipse\eGovFrameDev-4.3.1-64bit\STS\sts-4.23.1.RELEASE\plugins\org.apache.commons.commons-codec_1.16.0.jar
2026-04-02 11:59:53,180 [Worker-112: Launching poormoney] INFO  o.eclipse.m2e.core.internal.Bundles - getClasspathEntries(Bundle=org.apache.commons.lang3_3.14.0 [82])
2026-04-02 11:59:53,181 [Worker-112: Launching poormoney] INFO  o.eclipse.m2e.core.internal.Bundles - 	Entry: C:\devWork\3.eclipse\eGovFrameDev-4.3.1-64bit\STS\sts-4.23.1.RELEASE\plugins\org.apache.commons.lang3_3.14.0.jar
2026-04-02 11:59:53,181 [Worker-112: Launching poormoney] INFO  o.eclipse.m2e.core.internal.Bundles - getClasspathEntries(Bundle=com.google.guava.failureaccess_1.0.2 [30])
2026-04-02 11:59:53,182 [Worker-112: Launching poormoney] INFO  o.eclipse.m2e.core.internal.Bundles - 	Entry: C:\devWork\3.eclipse\eGovFrameDev-4.3.1-64bit\STS\sts-4.23.1.RELEASE\plugins\com.google.guava.failureaccess_1.0.2.jar
2026-04-02 11:59:53,187 [Worker-112: Launching poormoney] INFO  o.e.m.i.launch.MavenLaunchDelegate - Run build in "C:\Users\safecnc\Desktop\거지들의 지갑\거지들의 지갑\거지들의 지갑\workspace\poormoney":
2026-04-02 11:59:53,188 [Worker-112: Launching poormoney] INFO  o.e.m.i.launch.MavenLaunchDelegate -  mvn  -B -Dstyle.color=always clean package
2026-04-02 13:07:58,161 [main] INFO  o.e.m2e.actions.ExecutePomAction - Creating new launch configuration
2026-04-02 13:08:02,545 [Worker-118: Launching poormoney (1)] INFO  o.eclipse.m2e.core.internal.Bundles - getClasspathEntries(Bundle=org.eclipse.m2e.maven.runtime_3.9.700.20240602-2313 [359])
2026-04-02 13:08:02,546 [Worker-118: Launching poormoney (1)] INFO  o.eclipse.m2e.core.internal.Bundles - 	Entry: C:\devWork\3.eclipse\eGovFrameDev-4.3.1-64bit\STS\sts-4.23.1.RELEASE\plugins\org.eclipse.m2e.maven.runtime_3.9.700.20240602-2313
2026-04-02 13:08:02,546 [Worker-118: Launching poormoney (1)] INFO  o.eclipse.m2e.core.internal.Bundles - 	Entry: C:\devWork\3.eclipse\eGovFrameDev-4.3.1-64bit\STS\sts-4.23.1.RELEASE\plugins\org.eclipse.m2e.maven.runtime_3.9.700.20240602-2313\jars\aopalliance-1.0.jar
2026-04-02 13:08:02,546 [Worker-118: Launching poormoney (1)] INFO  o.eclipse.m2e.core.internal.Bundles - 	Entry: C:\devWork\3.eclipse\eGovFrameDev-4.3.1-64bit\STS\sts-4.23.1.RELEASE\plugins\org.eclipse.m2e.maven.runtime_3.9.700.20240602-2313\jars\guice-5.1.0.jar
2026-04-02 13:08:02,546 [Worker-118: Launching poormoney (1)] INFO  o.eclipse.m2e.core.internal.Bundles - 	Entry: C:\devWork\3.eclipse\eGovFrameDev-4.3.1-64bit\STS\sts-4.23.1.RELEASE\plugins\org.eclipse.m2e.maven.runtime_3.9.700.20240602-2313\jars\httpclient-4.5.14.jar
2026-04-02 13:08:02,546 [Worker-118: Launching poormoney (1)] INFO  o.eclipse.m2e.core.internal.Bundles - 	Entry: C:\devWork\3.eclipse\eGovFrameDev-4.3.1-64bit\STS\sts-4.23.1.RELEASE\plugins\org.eclipse.m2e.maven.runtime_3.9.700.20240602-2313\jars\httpcore-4.4.16.jar
2026-04-02 13:08:02,548 [Worker-118: Launching poormoney (1)] INFO  o.eclipse.m2e.core.internal.Bundles - 	Entry: C:\devWork\3.eclipse\eGovFrameDev-4.3.1-64bit\STS\sts-4.23.1.RELEASE\plugins\org.eclipse.m2e.maven.runtime_3.9.700.20240602-2313\jars\jansi-2.4.1.jar
2026-04-02 13:08:02,548 [Worker-118: Launching poormoney (1)] INFO  o.eclipse.m2e.core.internal.Bundles - 	Entry: C:\devWork\3.eclipse\eGovFrameDev-4.3.1-64bit\STS\sts-4.23.1.RELEASE\plugins\org.eclipse.m2e.maven.runtime_3.9.700.20240602-2313\jars\jcl-over-slf4j-1.7.36.jar
2026-04-02 13:08:02,548 [Worker-118: Launching poormoney (1)] INFO  o.eclipse.m2e.core.internal.Bundles - 	Entry: C:\devWork\3.eclipse\eGovFrameDev-4.3.1-64bit\STS\sts-4.23.1.RELEASE\plugins\org.eclipse.m2e.maven.runtime_3.9.700.20240602-2313\jars\maven-artifact-3.9.7.jar
2026-04-02 13:08:02,548 [Worker-118: Launching poormoney (1)] INFO  o.eclipse.m2e.core.internal.Bundles - 	Entry: C:\devWork\3.eclipse\eGovFrameDev-4.3.1-64bit\STS\sts-4.23.1.RELEASE\plugins\org.eclipse.m2e.maven.runtime_3.9.700.20240602-2313\jars\maven-builder-support-3.9.7.jar
2026-04-02 13:08:02,548 [Worker-118: Launching poormoney (1)] INFO  o.eclipse.m2e.core.internal.Bundles - 	Entry: C:\devWork\3.eclipse\eGovFrameDev-4.3.1-64bit\STS\sts-4.23.1.RELEASE\plugins\org.eclipse.m2e.maven.runtime_3.9.700.20240602-2313\jars\maven-compat-3.9.7.jar
2026-04-02 13:08:02,549 [Worker-118: Launching poormoney (1)] INFO  o.eclipse.m2e.core.internal.Bundles - 	Entry: C:\devWork\3.eclipse\eGovFrameDev-4.3.1-64bit\STS\sts-4.23.1.RELEASE\plugins\org.eclipse.m2e.maven.runtime_3.9.700.20240602-2313\jars\maven-core-3.9.7.jar
2026-04-02 13:08:02,549 [Worker-118: Launching poormoney (1)] INFO  o.eclipse.m2e.core.internal.Bundles - 	Entry: C:\devWork\3.eclipse\eGovFrameDev-4.3.1-64bit\STS\sts-4.23.1.RELEASE\plugins\org.eclipse.m2e.maven.runtime_3.9.700.20240602-2313\jars\maven-embedder-3.9.7.jar
2026-04-02 13:08:02,549 [Worker-118: Launching poormoney (1)] INFO  o.eclipse.m2e.core.internal.Bundles - 	Entry: C:\devWork\3.eclipse\eGovFrameDev-4.3.1-64bit\STS\sts-4.23.1.RELEASE\plugins\org.eclipse.m2e.maven.runtime_3.9.700.20240602-2313\jars\maven-model-3.9.7.jar
2026-04-02 13:08:02,549 [Worker-118: Launching poormoney (1)] INFO  o.eclipse.m2e.core.internal.Bundles - 	Entry: C:\devWork\3.eclipse\eGovFrameDev-4.3.1-64bit\STS\sts-4.23.1.RELEASE\plugins\org.eclipse.m2e.maven.runtime_3.9.700.20240602-2313\jars\maven-model-builder-3.9.7.jar
2026-04-02 13:08:02,549 [Worker-118: Launching poormoney (1)] INFO  o.eclipse.m2e.core.internal.Bundles - 	Entry: C:\devWork\3.eclipse\eGovFrameDev-4.3.1-64bit\STS\sts-4.23.1.RELEASE\plugins\org.eclipse.m2e.maven.runtime_3.9.700.20240602-2313\jars\maven-plugin-api-3.9.7.jar
2026-04-02 13:08:02,549 [Worker-118: Launching poormoney (1)] INFO  o.eclipse.m2e.core.internal.Bundles - 	Entry: C:\devWork\3.eclipse\eGovFrameDev-4.3.1-64bit\STS\sts-4.23.1.RELEASE\plugins\org.eclipse.m2e.maven.runtime_3.9.700.20240602-2313\jars\maven-repository-metadata-3.9.7.jar
2026-04-02 13:08:02,549 [Worker-118: Launching poormoney (1)] INFO  o.eclipse.m2e.core.internal.Bundles - 	Entry: C:\devWork\3.eclipse\eGovFrameDev-4.3.1-64bit\STS\sts-4.23.1.RELEASE\plugins\org.eclipse.m2e.maven.runtime_3.9.700.20240602-2313\jars\maven-resolver-api-1.9.20.jar
2026-04-02 13:08:02,550 [Worker-118: Launching poormoney (1)] INFO  o.eclipse.m2e.core.internal.Bundles - 	Entry: C:\devWork\3.eclipse\eGovFrameDev-4.3.1-64bit\STS\sts-4.23.1.RELEASE\plugins\org.eclipse.m2e.maven.runtime_3.9.700.20240602-2313\jars\maven-resolver-connector-basic-1.9.20.jar
2026-04-02 13:08:02,550 [Worker-118: Launching poormoney (1)] INFO  o.eclipse.m2e.core.internal.Bundles - 	Entry: C:\devWork\3.eclipse\eGovFrameDev-4.3.1-64bit\STS\sts-4.23.1.RELEASE\plugins\org.eclipse.m2e.maven.runtime_3.9.700.20240602-2313\jars\maven-resolver-impl-1.9.20.jar
2026-04-02 13:08:02,550 [Worker-118: Launching poormoney (1)] INFO  o.eclipse.m2e.core.internal.Bundles - 	Entry: C:\devWork\3.eclipse\eGovFrameDev-4.3.1-64bit\STS\sts-4.23.1.RELEASE\plugins\org.eclipse.m2e.maven.runtime_3.9.700.20240602-2313\jars\maven-resolver-named-locks-1.9.20.jar
2026-04-02 13:08:02,550 [Worker-118: Launching poormoney (1)] INFO  o.eclipse.m2e.core.internal.Bundles - 	Entry: C:\devWork\3.eclipse\eGovFrameDev-4.3.1-64bit\STS\sts-4.23.1.RELEASE\plugins\org.eclipse.m2e.maven.runtime_3.9.700.20240602-2313\jars\maven-resolver-provider-3.9.7.jar
2026-04-02 13:08:02,550 [Worker-118: Launching poormoney (1)] INFO  o.eclipse.m2e.core.internal.Bundles - 	Entry: C:\devWork\3.eclipse\eGovFrameDev-4.3.1-64bit\STS\sts-4.23.1.RELEASE\plugins\org.eclipse.m2e.maven.runtime_3.9.700.20240602-2313\jars\maven-resolver-spi-1.9.20.jar
2026-04-02 13:08:02,551 [Worker-118: Launching poormoney (1)] INFO  o.eclipse.m2e.core.internal.Bundles - 	Entry: C:\devWork\3.eclipse\eGovFrameDev-4.3.1-64bit\STS\sts-4.23.1.RELEASE\plugins\org.eclipse.m2e.maven.runtime_3.9.700.20240602-2313\jars\maven-resolver-transport-file-1.9.20.jar
2026-04-02 13:08:02,551 [Worker-118: Launching poormoney (1)] INFO  o.eclipse.m2e.core.internal.Bundles - 	Entry: C:\devWork\3.eclipse\eGovFrameDev-4.3.1-64bit\STS\sts-4.23.1.RELEASE\plugins\org.eclipse.m2e.maven.runtime_3.9.700.20240602-2313\jars\maven-resolver-transport-http-1.9.20.jar
2026-04-02 13:08:02,551 [Worker-118: Launching poormoney (1)] INFO  o.eclipse.m2e.core.internal.Bundles - 	Entry: C:\devWork\3.eclipse\eGovFrameDev-4.3.1-64bit\STS\sts-4.23.1.RELEASE\plugins\org.eclipse.m2e.maven.runtime_3.9.700.20240602-2313\jars\maven-resolver-transport-wagon-1.9.20.jar
2026-04-02 13:08:02,551 [Worker-118: Launching poormoney (1)] INFO  o.eclipse.m2e.core.internal.Bundles - 	Entry: C:\devWork\3.eclipse\eGovFrameDev-4.3.1-64bit\STS\sts-4.23.1.RELEASE\plugins\org.eclipse.m2e.maven.runtime_3.9.700.20240602-2313\jars\maven-resolver-util-1.9.20.jar
2026-04-02 13:08:02,551 [Worker-118: Launching poormoney (1)] INFO  o.eclipse.m2e.core.internal.Bundles - 	Entry: C:\devWork\3.eclipse\eGovFrameDev-4.3.1-64bit\STS\sts-4.23.1.RELEASE\plugins\org.eclipse.m2e.maven.runtime_3.9.700.20240602-2313\jars\maven-settings-3.9.7.jar
2026-04-02 13:08:02,551 [Worker-118: Launching poormoney (1)] INFO  o.eclipse.m2e.core.internal.Bundles - 	Entry: C:\devWork\3.eclipse\eGovFrameDev-4.3.1-64bit\STS\sts-4.23.1.RELEASE\plugins\org.eclipse.m2e.maven.runtime_3.9.700.20240602-2313\jars\maven-settings-builder-3.9.7.jar
2026-04-02 13:08:02,551 [Worker-118: Launching poormoney (1)] INFO  o.eclipse.m2e.core.internal.Bundles - 	Entry: C:\devWork\3.eclipse\eGovFrameDev-4.3.1-64bit\STS\sts-4.23.1.RELEASE\plugins\org.eclipse.m2e.maven.runtime_3.9.700.20240602-2313\jars\maven-shared-utils-3.4.2.jar
2026-04-02 13:08:02,552 [Worker-118: Launching poormoney (1)] INFO  o.eclipse.m2e.core.internal.Bundles - 	Entry: C:\devWork\3.eclipse\eGovFrameDev-4.3.1-64bit\STS\sts-4.23.1.RELEASE\plugins\org.eclipse.m2e.maven.runtime_3.9.700.20240602-2313\jars\org.eclipse.sisu.inject-0.9.0.M2.jar
2026-04-02 13:08:02,552 [Worker-118: Launching poormoney (1)] INFO  o.eclipse.m2e.core.internal.Bundles - 	Entry: C:\devWork\3.eclipse\eGovFrameDev-4.3.1-64bit\STS\sts-4.23.1.RELEASE\plugins\org.eclipse.m2e.maven.runtime_3.9.700.20240602-2313\jars\org.eclipse.sisu.plexus-0.9.0.M2.jar
2026-04-02 13:08:02,552 [Worker-118: Launching poormoney (1)] INFO  o.eclipse.m2e.core.internal.Bundles - 	Entry: C:\devWork\3.eclipse\eGovFrameDev-4.3.1-64bit\STS\sts-4.23.1.RELEASE\plugins\org.eclipse.m2e.maven.runtime_3.9.700.20240602-2313\jars\plexus-build-api-0.0.7.jar
2026-04-02 13:08:02,552 [Worker-118: Launching poormoney (1)] INFO  o.eclipse.m2e.core.internal.Bundles - 	Entry: C:\devWork\3.eclipse\eGovFrameDev-4.3.1-64bit\STS\sts-4.23.1.RELEASE\plugins\org.eclipse.m2e.maven.runtime_3.9.700.20240602-2313\jars\plexus-build-api-1.2.0.jar
2026-04-02 13:08:02,552 [Worker-118: Launching poormoney (1)] INFO  o.eclipse.m2e.core.internal.Bundles - 	Entry: C:\devWork\3.eclipse\eGovFrameDev-4.3.1-64bit\STS\sts-4.23.1.RELEASE\plugins\org.eclipse.m2e.maven.runtime_3.9.700.20240602-2313\jars\plexus-cipher-2.0.jar
2026-04-02 13:08:02,552 [Worker-118: Launching poormoney (1)] INFO  o.eclipse.m2e.core.internal.Bundles - 	Entry: C:\devWork\3.eclipse\eGovFrameDev-4.3.1-64bit\STS\sts-4.23.1.RELEASE\plugins\org.eclipse.m2e.maven.runtime_3.9.700.20240602-2313\jars\plexus-classworlds-2.8.0.jar
2026-04-02 13:08:02,553 [Worker-118: Launching poormoney (1)] INFO  o.eclipse.m2e.core.internal.Bundles - 	Entry: C:\devWork\3.eclipse\eGovFrameDev-4.3.1-64bit\STS\sts-4.23.1.RELEASE\plugins\org.eclipse.m2e.maven.runtime_3.9.700.20240602-2313\jars\plexus-component-annotations-2.1.0.jar
2026-04-02 13:08:02,553 [Worker-118: Launching poormoney (1)] INFO  o.eclipse.m2e.core.internal.Bundles - 	Entry: C:\devWork\3.eclipse\eGovFrameDev-4.3.1-64bit\STS\sts-4.23.1.RELEASE\plugins\org.eclipse.m2e.maven.runtime_3.9.700.20240602-2313\jars\plexus-interpolation-1.27.jar
2026-04-02 13:08:02,553 [Worker-118: Launching poormoney (1)] INFO  o.eclipse.m2e.core.internal.Bundles - 	Entry: C:\devWork\3.eclipse\eGovFrameDev-4.3.1-64bit\STS\sts-4.23.1.RELEASE\plugins\org.eclipse.m2e.maven.runtime_3.9.700.20240602-2313\jars\plexus-sec-dispatcher-2.0.jar
2026-04-02 13:08:02,553 [Worker-118: Launching poormoney (1)] INFO  o.eclipse.m2e.core.internal.Bundles - 	Entry: C:\devWork\3.eclipse\eGovFrameDev-4.3.1-64bit\STS\sts-4.23.1.RELEASE\plugins\org.eclipse.m2e.maven.runtime_3.9.700.20240602-2313\jars\plexus-utils-3.5.1.jar
2026-04-02 13:08:02,553 [Worker-118: Launching poormoney (1)] INFO  o.eclipse.m2e.core.internal.Bundles - 	Entry: C:\devWork\3.eclipse\eGovFrameDev-4.3.1-64bit\STS\sts-4.23.1.RELEASE\plugins\org.eclipse.m2e.maven.runtime_3.9.700.20240602-2313\jars\wagon-file-3.5.3.jar
2026-04-02 13:08:02,553 [Worker-118: Launching poormoney (1)] INFO  o.eclipse.m2e.core.internal.Bundles - 	Entry: C:\devWork\3.eclipse\eGovFrameDev-4.3.1-64bit\STS\sts-4.23.1.RELEASE\plugins\org.eclipse.m2e.maven.runtime_3.9.700.20240602-2313\jars\wagon-http-3.5.3.jar
2026-04-02 13:08:02,554 [Worker-118: Launching poormoney (1)] INFO  o.eclipse.m2e.core.internal.Bundles - 	Entry: C:\devWork\3.eclipse\eGovFrameDev-4.3.1-64bit\STS\sts-4.23.1.RELEASE\plugins\org.eclipse.m2e.maven.runtime_3.9.700.20240602-2313\jars\wagon-http-shared-3.5.3.jar
2026-04-02 13:08:02,554 [Worker-118: Launching poormoney (1)] INFO  o.eclipse.m2e.core.internal.Bundles - 	Entry: C:\devWork\3.eclipse\eGovFrameDev-4.3.1-64bit\STS\sts-4.23.1.RELEASE\plugins\org.eclipse.m2e.maven.runtime_3.9.700.20240602-2313\jars\wagon-provider-api-3.5.3.jar
2026-04-02 13:08:02,554 [Worker-118: Launching poormoney (1)] INFO  o.eclipse.m2e.core.internal.Bundles - getClasspathEntries(Bundle=com.google.guava_33.2.0.jre [29])
2026-04-02 13:08:02,554 [Worker-118: Launching poormoney (1)] INFO  o.eclipse.m2e.core.internal.Bundles - 	Entry: C:\devWork\3.eclipse\eGovFrameDev-4.3.1-64bit\STS\sts-4.23.1.RELEASE\plugins\com.google.guava_33.2.0.jre.jar
2026-04-02 13:08:02,554 [Worker-118: Launching poormoney (1)] INFO  o.eclipse.m2e.core.internal.Bundles - getClasspathEntries(Bundle=slf4j.api_2.0.13 [592])
2026-04-02 13:08:02,555 [Worker-118: Launching poormoney (1)] INFO  o.eclipse.m2e.core.internal.Bundles - 	Entry: C:\devWork\3.eclipse\eGovFrameDev-4.3.1-64bit\STS\sts-4.23.1.RELEASE\plugins\slf4j.api_2.0.13.jar
2026-04-02 13:08:02,555 [Worker-118: Launching poormoney (1)] INFO  o.eclipse.m2e.core.internal.Bundles - getClasspathEntries(Bundle=jakarta.inject.jakarta.inject-api_1.0.5 [44])
2026-04-02 13:08:02,555 [Worker-118: Launching poormoney (1)] INFO  o.eclipse.m2e.core.internal.Bundles - 	Entry: C:\devWork\3.eclipse\eGovFrameDev-4.3.1-64bit\STS\sts-4.23.1.RELEASE\plugins\jakarta.inject.jakarta.inject-api_1.0.5.jar
2026-04-02 13:08:02,555 [Worker-118: Launching poormoney (1)] INFO  o.eclipse.m2e.core.internal.Bundles - getClasspathEntries(Bundle=javax.annotation_1.3.5.v20200909-1856 [53])
2026-04-02 13:08:02,556 [Worker-118: Launching poormoney (1)] INFO  o.eclipse.m2e.core.internal.Bundles - 	Entry: C:\devWork\3.eclipse\eGovFrameDev-4.3.1-64bit\STS\sts-4.23.1.RELEASE\plugins\javax.annotation_1.3.5.v20200909-1856.jar
2026-04-02 13:08:02,556 [Worker-118: Launching poormoney (1)] INFO  o.eclipse.m2e.core.internal.Bundles - getClasspathEntries(Bundle=org.apache.commons.cli_1.8.0 [76])
2026-04-02 13:08:02,556 [Worker-118: Launching poormoney (1)] INFO  o.eclipse.m2e.core.internal.Bundles - 	Entry: C:\devWork\3.eclipse\eGovFrameDev-4.3.1-64bit\STS\sts-4.23.1.RELEASE\plugins\org.apache.commons.cli_1.8.0.jar
2026-04-02 13:08:02,556 [Worker-118: Launching poormoney (1)] INFO  o.eclipse.m2e.core.internal.Bundles - getClasspathEntries(Bundle=org.apache.commons.commons-codec_1.16.0 [78])
2026-04-02 13:08:02,556 [Worker-118: Launching poormoney (1)] INFO  o.eclipse.m2e.core.internal.Bundles - 	Entry: C:\devWork\3.eclipse\eGovFrameDev-4.3.1-64bit\STS\sts-4.23.1.RELEASE\plugins\org.apache.commons.commons-codec_1.16.0.jar
2026-04-02 13:08:02,556 [Worker-118: Launching poormoney (1)] INFO  o.eclipse.m2e.core.internal.Bundles - getClasspathEntries(Bundle=org.apache.commons.lang3_3.14.0 [82])
2026-04-02 13:08:02,557 [Worker-118: Launching poormoney (1)] INFO  o.eclipse.m2e.core.internal.Bundles - 	Entry: C:\devWork\3.eclipse\eGovFrameDev-4.3.1-64bit\STS\sts-4.23.1.RELEASE\plugins\org.apache.commons.lang3_3.14.0.jar
2026-04-02 13:08:02,557 [Worker-118: Launching poormoney (1)] INFO  o.eclipse.m2e.core.internal.Bundles - getClasspathEntries(Bundle=com.google.guava.failureaccess_1.0.2 [30])
2026-04-02 13:08:02,557 [Worker-118: Launching poormoney (1)] INFO  o.eclipse.m2e.core.internal.Bundles - 	Entry: C:\devWork\3.eclipse\eGovFrameDev-4.3.1-64bit\STS\sts-4.23.1.RELEASE\plugins\com.google.guava.failureaccess_1.0.2.jar
2026-04-02 13:08:02,559 [Worker-118: Launching poormoney (1)] INFO  o.e.m.i.launch.MavenLaunchDelegate - Run build in "C:\Users\safecnc\Desktop\거지들의 지갑\거지들의 지갑\거지들의 지갑\workspace\poormoney":
2026-04-02 13:08:02,559 [Worker-118: Launching poormoney (1)] INFO  o.e.m.i.launch.MavenLaunchDelegate -  mvn  -B -Dstyle.color=always clean install
2026-04-02 13:08:14,302 [Worker-118: Building] INFO  o.a.m.s.f.DefaultMavenResourcesFiltering - Copying 2 resources from src\main\resources to target\classes
2026-04-02 13:08:14,318 [Worker-118: Building] INFO  o.a.m.s.f.DefaultMavenResourcesFiltering - Copying 1 resource from src\main\resources to target\classes
2026-04-02 13:08:14,323 [Worker-118: Building] INFO  o.a.m.s.f.DefaultMavenResourcesFiltering - Copying 0 resource from src\test\resources to target\test-classes
2026-04-02 13:10:04,751 [main] INFO  o.e.m2e.actions.ExecutePomAction - Creating new launch configuration
2026-04-02 14:15:21,071 [Worker-126: Launching poormoney - PoormoneyApplication] INFO  o.e.m.c.i.e.AbstractTransferListenerAdapter - Downloading https://repo.maven.apache.org/maven2/org/springframework/boot/spring-boot-starter-security/3.2.5/spring-boot-starter-security-3.2.5.pom
2026-04-02 14:15:21,084 [Worker-126: Launching poormoney - PoormoneyApplication] INFO  o.e.m.c.i.e.AbstractTransferListenerAdapter - Downloaded https://repo.maven.apache.org/maven2/org/springframework/boot/spring-boot-starter-security/3.2.5/spring-boot-starter-security-3.2.5.pom
2026-04-02 14:15:21,109 [Worker-126: Launching poormoney - PoormoneyApplication] INFO  o.e.m.c.i.e.AbstractTransferListenerAdapter - Downloading https://repo.maven.apache.org/maven2/org/springframework/security/spring-security-config/6.2.4/spring-security-config-6.2.4.pom
2026-04-02 14:15:21,114 [Worker-126: Launching poormoney - PoormoneyApplication] INFO  o.e.m.c.i.e.AbstractTransferListenerAdapter - Downloaded https://repo.maven.apache.org/maven2/org/springframework/security/spring-security-config/6.2.4/spring-security-config-6.2.4.pom
2026-04-02 14:15:21,137 [Worker-126: Launching poormoney - PoormoneyApplication] INFO  o.e.m.c.i.e.AbstractTransferListenerAdapter - Downloading https://repo.maven.apache.org/maven2/org/springframework/security/spring-security-core/6.2.4/spring-security-core-6.2.4.pom
2026-04-02 14:15:21,144 [Worker-126: Launching poormoney - PoormoneyApplication] INFO  o.e.m.c.i.e.AbstractTransferListenerAdapter - Downloaded https://repo.maven.apache.org/maven2/org/springframework/security/spring-security-core/6.2.4/spring-security-core-6.2.4.pom
2026-04-02 14:15:21,166 [Worker-126: Launching poormoney - PoormoneyApplication] INFO  o.e.m.c.i.e.AbstractTransferListenerAdapter - Downloading https://repo.maven.apache.org/maven2/org/springframework/security/spring-security-web/6.2.4/spring-security-web-6.2.4.pom
2026-04-02 14:15:21,173 [Worker-126: Launching poormoney - PoormoneyApplication] INFO  o.e.m.c.i.e.AbstractTransferListenerAdapter - Downloaded https://repo.maven.apache.org/maven2/org/springframework/security/spring-security-web/6.2.4/spring-security-web-6.2.4.pom
2026-04-02 14:15:21,197 [Worker-126: Launching poormoney - PoormoneyApplication] INFO  o.e.m.c.i.e.AbstractTransferListenerAdapter - Downloading https://repo.maven.apache.org/maven2/io/jsonwebtoken/jjwt-api/0.12.5/jjwt-api-0.12.5.pom
2026-04-02 14:15:21,203 [Worker-126: Launching poormoney - PoormoneyApplication] INFO  o.e.m.c.i.e.AbstractTransferListenerAdapter - Downloaded https://repo.maven.apache.org/maven2/io/jsonwebtoken/jjwt-api/0.12.5/jjwt-api-0.12.5.pom
2026-04-02 14:15:21,228 [Worker-126: Launching poormoney - PoormoneyApplication] INFO  o.e.m.c.i.e.AbstractTransferListenerAdapter - Downloading https://repo.maven.apache.org/maven2/io/jsonwebtoken/jjwt-root/0.12.5/jjwt-root-0.12.5.pom
2026-04-02 14:15:21,235 [Worker-126: Launching poormoney - PoormoneyApplication] INFO  o.e.m.c.i.e.AbstractTransferListenerAdapter - Downloaded https://repo.maven.apache.org/maven2/io/jsonwebtoken/jjwt-root/0.12.5/jjwt-root-0.12.5.pom
2026-04-02 14:15:21,261 [Worker-126: Launching poormoney - PoormoneyApplication] INFO  o.e.m.c.i.e.AbstractTransferListenerAdapter - Downloading https://repo.maven.apache.org/maven2/io/jsonwebtoken/jjwt-impl/0.12.5/jjwt-impl-0.12.5.pom
2026-04-02 14:15:21,266 [Worker-126: Launching poormoney - PoormoneyApplication] INFO  o.e.m.c.i.e.AbstractTransferListenerAdapter - Downloaded https://repo.maven.apache.org/maven2/io/jsonwebtoken/jjwt-impl/0.12.5/jjwt-impl-0.12.5.pom
2026-04-02 14:15:21,293 [Worker-126: Launching poormoney - PoormoneyApplication] INFO  o.e.m.c.i.e.AbstractTransferListenerAdapter - Downloading https://repo.maven.apache.org/maven2/io/jsonwebtoken/jjwt-jackson/0.12.5/jjwt-jackson-0.12.5.pom
2026-04-02 14:15:21,297 [Worker-126: Launching poormoney - PoormoneyApplication] INFO  o.e.m.c.i.e.AbstractTransferListenerAdapter - Downloaded https://repo.maven.apache.org/maven2/io/jsonwebtoken/jjwt-jackson/0.12.5/jjwt-jackson-0.12.5.pom
2026-04-02 14:15:21,574 [Worker-126: Launching poormoney - PoormoneyApplication] INFO  o.e.m.c.i.e.AbstractTransferListenerAdapter - Downloading https://repo.maven.apache.org/maven2/org/springframework/boot/spring-boot-starter-security/3.2.5/spring-boot-starter-security-3.2.5.jar
2026-04-02 14:15:21,580 [Worker-126: Launching poormoney - PoormoneyApplication] INFO  o.e.m.c.i.e.AbstractTransferListenerAdapter - Downloaded https://repo.maven.apache.org/maven2/org/springframework/boot/spring-boot-starter-security/3.2.5/spring-boot-starter-security-3.2.5.jar
2026-04-02 14:15:21,599 [BasicRepositoryConnector-repo.maven.apache.org-0-0] INFO  o.e.m.c.i.e.AbstractTransferListenerAdapter - Downloading https://repo.maven.apache.org/maven2/org/springframework/security/spring-security-config/6.2.4/spring-security-config-6.2.4.jar
2026-04-02 14:15:21,641 [BasicRepositoryConnector-repo.maven.apache.org-0-2] INFO  o.e.m.c.i.e.AbstractTransferListenerAdapter - Downloading https://repo.maven.apache.org/maven2/org/springframework/security/spring-security-web/6.2.4/spring-security-web-6.2.4.jar
2026-04-02 14:15:21,650 [BasicRepositoryConnector-repo.maven.apache.org-0-4] INFO  o.e.m.c.i.e.AbstractTransferListenerAdapter - Downloading https://repo.maven.apache.org/maven2/io/jsonwebtoken/jjwt-impl/0.12.5/jjwt-impl-0.12.5.jar
2026-04-02 14:15:21,650 [BasicRepositoryConnector-repo.maven.apache.org-0-3] INFO  o.e.m.c.i.e.AbstractTransferListenerAdapter - Downloading https://repo.maven.apache.org/maven2/io/jsonwebtoken/jjwt-api/0.12.5/jjwt-api-0.12.5.jar
2026-04-02 14:15:21,650 [BasicRepositoryConnector-repo.maven.apache.org-0-1] INFO  o.e.m.c.i.e.AbstractTransferListenerAdapter - Downloading https://repo.maven.apache.org/maven2/org/springframework/security/spring-security-core/6.2.4/spring-security-core-6.2.4.jar
2026-04-02 14:15:21,691 [BasicRepositoryConnector-repo.maven.apache.org-0-3] INFO  o.e.m.c.i.e.AbstractTransferListenerAdapter - Downloaded https://repo.maven.apache.org/maven2/io/jsonwebtoken/jjwt-api/0.12.5/jjwt-api-0.12.5.jar
2026-04-02 14:15:21,716 [BasicRepositoryConnector-repo.maven.apache.org-0-3] INFO  o.e.m.c.i.e.AbstractTransferListenerAdapter - Downloading https://repo.maven.apache.org/maven2/io/jsonwebtoken/jjwt-jackson/0.12.5/jjwt-jackson-0.12.5.jar
2026-04-02 14:15:21,723 [BasicRepositoryConnector-repo.maven.apache.org-0-3] INFO  o.e.m.c.i.e.AbstractTransferListenerAdapter - Downloaded https://repo.maven.apache.org/maven2/io/jsonwebtoken/jjwt-jackson/0.12.5/jjwt-jackson-0.12.5.jar
2026-04-02 14:15:21,725 [BasicRepositoryConnector-repo.maven.apache.org-0-1] INFO  o.e.m.c.i.e.AbstractTransferListenerAdapter - Downloaded https://repo.maven.apache.org/maven2/org/springframework/security/spring-security-core/6.2.4/spring-security-core-6.2.4.jar
2026-04-02 14:15:21,728 [BasicRepositoryConnector-repo.maven.apache.org-0-4] INFO  o.e.m.c.i.e.AbstractTransferListenerAdapter - Downloaded https://repo.maven.apache.org/maven2/io/jsonwebtoken/jjwt-impl/0.12.5/jjwt-impl-0.12.5.jar
2026-04-02 14:15:21,730 [BasicRepositoryConnector-repo.maven.apache.org-0-0] INFO  o.e.m.c.i.e.AbstractTransferListenerAdapter - Downloaded https://repo.maven.apache.org/maven2/org/springframework/security/spring-security-config/6.2.4/spring-security-config-6.2.4.jar
2026-04-02 14:15:21,733 [BasicRepositoryConnector-repo.maven.apache.org-0-2] INFO  o.e.m.c.i.e.AbstractTransferListenerAdapter - Downloaded https://repo.maven.apache.org/maven2/org/springframework/security/spring-security-web/6.2.4/spring-security-web-6.2.4.jar
2026-04-02 14:15:22,029 [Worker-129: Building] INFO  o.e.m.c.i.l.LifecycleMappingFactory - Using org.eclipse.m2e.jdt.JarLifecycleMapping lifecycle mapping for MavenProject: poormoney:poormoney:0.0.1-SNAPSHOT @ C:\Users\safecnc\Desktop\거지들의 지갑\거지들의 지갑\거지들의 지갑\workspace\poormoney\pom.xml.
2026-04-02 14:15:23,760 [Worker-129: Building] INFO  o.a.m.s.f.DefaultMavenResourcesFiltering - Copying 1 resource from src\main\resources to target\classes
2026-04-02 14:15:23,808 [Worker-129: Building] INFO  o.a.m.s.f.DefaultMavenResourcesFiltering - Copying 0 resource from src\main\resources to target\classes
2026-04-02 14:15:23,816 [Worker-129: Building] INFO  o.a.m.s.f.DefaultMavenResourcesFiltering - Copying 0 resource from src\test\resources to target\test-classes
2026-04-02 14:15:24,466 [Worker-131: Download sources and javadoc] INFO  o.e.m.c.i.e.AbstractTransferListenerAdapter - Downloading https://repo.maven.apache.org/maven2/org/springframework/boot/spring-boot-starter-security/3.2.5/spring-boot-starter-security-3.2.5-sources.jar
2026-04-02 14:15:24,476 [Worker-131: Download sources and javadoc] INFO  o.e.m.c.i.e.AbstractTransferListenerAdapter - Downloaded https://repo.maven.apache.org/maven2/org/springframework/boot/spring-boot-starter-security/3.2.5/spring-boot-starter-security-3.2.5-sources.jar
2026-04-02 14:15:24,484 [Worker-131: Download sources and javadoc] INFO  o.e.m.j.internal.DownloadSourcesJob - Downloaded sources for org.springframework.boot:spring-boot-starter-security:3.2.5
2026-04-02 14:15:24,537 [Worker-131: Download sources and javadoc] INFO  o.e.m.c.i.e.AbstractTransferListenerAdapter - Downloading https://repo.maven.apache.org/maven2/org/springframework/security/spring-security-config/6.2.4/spring-security-config-6.2.4-sources.jar
2026-04-02 14:15:24,642 [Worker-131: Download sources and javadoc] INFO  o.e.m.c.i.e.AbstractTransferListenerAdapter - Downloaded https://repo.maven.apache.org/maven2/org/springframework/security/spring-security-config/6.2.4/spring-security-config-6.2.4-sources.jar
2026-04-02 14:15:24,649 [Worker-131: Download sources and javadoc] INFO  o.e.m.j.internal.DownloadSourcesJob - Downloaded sources for org.springframework.security:spring-security-config:6.2.4
2026-04-02 14:15:24,700 [Worker-131: Download sources and javadoc] INFO  o.e.m.c.i.e.AbstractTransferListenerAdapter - Downloading https://repo.maven.apache.org/maven2/org/springframework/security/spring-security-core/6.2.4/spring-security-core-6.2.4-sources.jar
2026-04-02 14:15:24,744 [Worker-131: Download sources and javadoc] INFO  o.e.m.c.i.e.AbstractTransferListenerAdapter - Downloaded https://repo.maven.apache.org/maven2/org/springframework/security/spring-security-core/6.2.4/spring-security-core-6.2.4-sources.jar
2026-04-02 14:15:24,751 [Worker-131: Download sources and javadoc] INFO  o.e.m.j.internal.DownloadSourcesJob - Downloaded sources for org.springframework.security:spring-security-core:6.2.4
2026-04-02 14:15:24,811 [Worker-131: Download sources and javadoc] INFO  o.e.m.c.i.e.AbstractTransferListenerAdapter - Downloading https://repo.maven.apache.org/maven2/org/springframework/security/spring-security-web/6.2.4/spring-security-web-6.2.4-sources.jar
2026-04-02 14:15:24,871 [Worker-131: Download sources and javadoc] INFO  o.e.m.c.i.e.AbstractTransferListenerAdapter - Downloaded https://repo.maven.apache.org/maven2/org/springframework/security/spring-security-web/6.2.4/spring-security-web-6.2.4-sources.jar
2026-04-02 14:15:24,877 [Worker-131: Download sources and javadoc] INFO  o.e.m.j.internal.DownloadSourcesJob - Downloaded sources for org.springframework.security:spring-security-web:6.2.4
2026-04-02 14:15:24,929 [Worker-131: Download sources and javadoc] INFO  o.e.m.c.i.e.AbstractTransferListenerAdapter - Downloading https://repo.maven.apache.org/maven2/io/jsonwebtoken/jjwt-api/0.12.5/jjwt-api-0.12.5-sources.jar
2026-04-02 14:15:24,961 [Worker-131: Download sources and javadoc] INFO  o.e.m.c.i.e.AbstractTransferListenerAdapter - Downloaded https://repo.maven.apache.org/maven2/io/jsonwebtoken/jjwt-api/0.12.5/jjwt-api-0.12.5-sources.jar
2026-04-02 14:15:24,968 [Worker-131: Download sources and javadoc] INFO  o.e.m.j.internal.DownloadSourcesJob - Downloaded sources for io.jsonwebtoken:jjwt-api:0.12.5
2026-04-02 14:15:25,014 [Worker-131: Download sources and javadoc] INFO  o.e.m.c.i.e.AbstractTransferListenerAdapter - Downloading https://repo.maven.apache.org/maven2/io/jsonwebtoken/jjwt-impl/0.12.5/jjwt-impl-0.12.5-sources.jar
2026-04-02 14:15:25,056 [Worker-131: Download sources and javadoc] INFO  o.e.m.c.i.e.AbstractTransferListenerAdapter - Downloaded https://repo.maven.apache.org/maven2/io/jsonwebtoken/jjwt-impl/0.12.5/jjwt-impl-0.12.5-sources.jar
2026-04-02 14:15:25,062 [Worker-131: Download sources and javadoc] INFO  o.e.m.j.internal.DownloadSourcesJob - Downloaded sources for io.jsonwebtoken:jjwt-impl:0.12.5
2026-04-02 14:15:25,129 [Worker-131: Download sources and javadoc] INFO  o.e.m.c.i.e.AbstractTransferListenerAdapter - Downloading https://repo.maven.apache.org/maven2/io/jsonwebtoken/jjwt-jackson/0.12.5/jjwt-jackson-0.12.5-sources.jar
2026-04-02 14:15:25,138 [Worker-131: Download sources and javadoc] INFO  o.e.m.c.i.e.AbstractTransferListenerAdapter - Downloaded https://repo.maven.apache.org/maven2/io/jsonwebtoken/jjwt-jackson/0.12.5/jjwt-jackson-0.12.5-sources.jar
2026-04-02 14:15:25,145 [Worker-131: Download sources and javadoc] INFO  o.e.m.j.internal.DownloadSourcesJob - Downloaded sources for io.jsonwebtoken:jjwt-jackson:0.12.5
2026-04-02 14:15:27,389 [Worker-133: Building] INFO  o.a.m.s.f.DefaultMavenResourcesFiltering - Copying 2 resources from src\main\resources to target\classes
2026-04-02 14:15:27,406 [Worker-133: Building] INFO  o.a.m.s.f.DefaultMavenResourcesFiltering - Copying 1 resource from src\main\resources to target\classes
2026-04-02 14:15:27,412 [Worker-133: Building] INFO  o.a.m.s.f.DefaultMavenResourcesFiltering - Copying 0 resource from src\test\resources to target\test-classes
2026-04-02 14:18:08,516 [Worker-126: Building] INFO  o.a.m.s.f.DefaultMavenResourcesFiltering - Copying 1 resource from src\main\resources to target\classes
2026-04-02 14:18:08,519 [Worker-126: Building] INFO  o.a.m.s.f.DefaultMavenResourcesFiltering - Copying 1 resource from src\main\resources to target\classes
2026-04-02 14:18:08,524 [Worker-126: Building] INFO  o.a.m.s.f.DefaultMavenResourcesFiltering - Copying 0 resource from src\test\resources to target\test-classes
2026-04-02 14:19:38,504 [Worker-139: Building] INFO  o.a.m.s.f.DefaultMavenResourcesFiltering - Copying 1 resource from src\main\resources to target\classes
2026-04-02 14:19:38,512 [Worker-139: Building] INFO  o.a.m.s.f.DefaultMavenResourcesFiltering - Copying 0 resource from src\main\resources to target\classes
2026-04-02 14:19:38,515 [Worker-139: Building] INFO  o.a.m.s.f.DefaultMavenResourcesFiltering - Copying 0 resource from src\test\resources to target\test-classes
2026-04-02 14:25:38,793 [Worker-144: Building] INFO  o.e.m.c.i.l.LifecycleMappingFactory - Using org.eclipse.m2e.jdt.JarLifecycleMapping lifecycle mapping for MavenProject: poormoney:poormoney:0.0.1-SNAPSHOT @ C:\Users\safecnc\Desktop\거지들의 지갑\거지들의 지갑\거지들의 지갑\workspace\poormoney\pom.xml.
2026-04-02 14:25:39,053 [Worker-144: Building] INFO  o.e.m.c.i.e.AbstractTransferListenerAdapter - Downloading https://repo.maven.apache.org/maven2/org/mariadb/jdbc/mariadb-java-client/3.5.1/mariadb-java-client-3.5.1.pom
2026-04-02 14:25:39,058 [Worker-144: Building] INFO  o.e.m.c.i.e.AbstractTransferListenerAdapter - Downloaded https://repo.maven.apache.org/maven2/org/mariadb/jdbc/mariadb-java-client/3.5.1/mariadb-java-client-3.5.1.pom
2026-04-02 14:25:39,301 [Worker-144: Building] INFO  o.e.m.c.i.e.AbstractTransferListenerAdapter - Downloading https://repo.maven.apache.org/maven2/org/mariadb/jdbc/mariadb-java-client/3.5.1/mariadb-java-client-3.5.1.jar
2026-04-02 14:25:39,340 [Worker-144: Building] INFO  o.e.m.c.i.e.AbstractTransferListenerAdapter - Downloaded https://repo.maven.apache.org/maven2/org/mariadb/jdbc/mariadb-java-client/3.5.1/mariadb-java-client-3.5.1.jar
2026-04-02 14:25:39,615 [Worker-144: Building] INFO  o.a.m.s.f.DefaultMavenResourcesFiltering - Copying 1 resource from src\main\resources to target\classes
2026-04-02 14:25:39,630 [Worker-144: Building] INFO  o.a.m.s.f.DefaultMavenResourcesFiltering - Copying 1 resource from src\main\resources to target\classes
2026-04-02 14:25:39,634 [Worker-144: Building] INFO  o.a.m.s.f.DefaultMavenResourcesFiltering - Copying 0 resource from src\test\resources to target\test-classes
2026-04-02 14:25:40,523 [Worker-149: Download sources and javadoc] INFO  o.e.m.c.i.e.AbstractTransferListenerAdapter - Downloading https://repo.maven.apache.org/maven2/org/mariadb/jdbc/mariadb-java-client/3.5.1/mariadb-java-client-3.5.1-sources.jar
2026-04-02 14:25:40,562 [Worker-149: Download sources and javadoc] INFO  o.e.m.c.i.e.AbstractTransferListenerAdapter - Downloaded https://repo.maven.apache.org/maven2/org/mariadb/jdbc/mariadb-java-client/3.5.1/mariadb-java-client-3.5.1-sources.jar
2026-04-02 14:25:40,569 [Worker-149: Download sources and javadoc] INFO  o.e.m.j.internal.DownloadSourcesJob - Downloaded sources for org.mariadb.jdbc:mariadb-java-client:3.5.1
2026-04-02 14:25:41,676 [Worker-147: Building] INFO  o.a.m.s.f.DefaultMavenResourcesFiltering - Copying 2 resources from src\main\resources to target\classes
2026-04-02 14:25:41,687 [Worker-147: Building] INFO  o.a.m.s.f.DefaultMavenResourcesFiltering - Copying 1 resource from src\main\resources to target\classes
2026-04-02 14:25:41,691 [Worker-147: Building] INFO  o.a.m.s.f.DefaultMavenResourcesFiltering - Copying 0 resource from src\test\resources to target\test-classes
2026-04-02 14:25:46,735 [Worker-148: Updating Maven Project] INFO  o.e.m.c.i.p.ProjectConfigurationManager - Update started
2026-04-02 14:25:47,150 [Worker-148: Updating Maven Project] INFO  o.e.m.c.i.l.LifecycleMappingFactory - Using org.eclipse.m2e.jdt.JarLifecycleMapping lifecycle mapping for MavenProject: poormoney:poormoney:0.0.1-SNAPSHOT @ C:\Users\safecnc\Desktop\거지들의 지갑\거지들의 지갑\거지들의 지갑\workspace\poormoney\pom.xml.
2026-04-02 14:25:47,680 [Worker-148: Updating Maven Project] INFO  o.e.m.j.i.AbstractJavaProjectConfigurator - Adding source folder /poormoney/src/main/java
2026-04-02 14:25:47,681 [Worker-148: Updating Maven Project] INFO  o.e.m.j.i.AbstractJavaProjectConfigurator - Adding resource folder /poormoney/src/main/resources
2026-04-02 14:25:47,681 [Worker-148: Updating Maven Project] INFO  o.e.m.j.i.AbstractJavaProjectConfigurator - Adding resource folder /poormoney/src/main/resources
2026-04-02 14:25:47,694 [Worker-148: Updating Maven Project] INFO  o.e.m.j.i.AbstractJavaProjectConfigurator - Adding source folder /poormoney/src/test/java
2026-04-02 14:25:47,696 [Worker-148: Updating Maven Project] INFO  o.e.m.j.i.AbstractJavaProjectConfigurator - Adding resource folder /poormoney/src/test/resources
2026-04-02 14:25:48,216 [Worker-148: Updating Maven Project] INFO  o.e.m.c.i.p.ProjectConfigurationManager - Update completed for 1 poms: local refresh takes 0.00 sec, refresh facades takes 0.00 sec, update config takes 0.00 sec 
2026-04-02 14:25:49,272 [Worker-147: Building] INFO  o.a.m.s.f.DefaultMavenResourcesFiltering - Copying 2 resources from src\main\resources to target\classes
2026-04-02 14:25:49,296 [Worker-147: Building] INFO  o.a.m.s.f.DefaultMavenResourcesFiltering - Copying 1 resource from src\main\resources to target\classes
2026-04-02 14:25:49,302 [Worker-147: Building] INFO  o.a.m.s.f.DefaultMavenResourcesFiltering - Copying 0 resource from src\test\resources to target\test-classes
2026-04-02 14:26:09,582 [Worker-146: Launching Executing clean in C__Users_safecnc_Desktop_거지들의 지갑_거지들의 지갑_거지들의 지갑_workspace_poormoney] INFO  o.eclipse.m2e.core.internal.Bundles - getClasspathEntries(Bundle=org.eclipse.m2e.maven.runtime_3.9.700.20240602-2313 [359])
2026-04-02 14:26:09,583 [Worker-146: Launching Executing clean in C__Users_safecnc_Desktop_거지들의 지갑_거지들의 지갑_거지들의 지갑_workspace_poormoney] INFO  o.eclipse.m2e.core.internal.Bundles - 	Entry: C:\devWork\3.eclipse\eGovFrameDev-4.3.1-64bit\STS\sts-4.23.1.RELEASE\plugins\org.eclipse.m2e.maven.runtime_3.9.700.20240602-2313
2026-04-02 14:26:09,583 [Worker-146: Launching Executing clean in C__Users_safecnc_Desktop_거지들의 지갑_거지들의 지갑_거지들의 지갑_workspace_poormoney] INFO  o.eclipse.m2e.core.internal.Bundles - 	Entry: C:\devWork\3.eclipse\eGovFrameDev-4.3.1-64bit\STS\sts-4.23.1.RELEASE\plugins\org.eclipse.m2e.maven.runtime_3.9.700.20240602-2313\jars\aopalliance-1.0.jar
2026-04-02 14:26:09,583 [Worker-146: Launching Executing clean in C__Users_safecnc_Desktop_거지들의 지갑_거지들의 지갑_거지들의 지갑_workspace_poormoney] INFO  o.eclipse.m2e.core.internal.Bundles - 	Entry: C:\devWork\3.eclipse\eGovFrameDev-4.3.1-64bit\STS\sts-4.23.1.RELEASE\plugins\org.eclipse.m2e.maven.runtime_3.9.700.20240602-2313\jars\guice-5.1.0.jar
2026-04-02 14:26:09,583 [Worker-146: Launching Executing clean in C__Users_safecnc_Desktop_거지들의 지갑_거지들의 지갑_거지들의 지갑_workspace_poormoney] INFO  o.eclipse.m2e.core.internal.Bundles - 	Entry: C:\devWork\3.eclipse\eGovFrameDev-4.3.1-64bit\STS\sts-4.23.1.RELEASE\plugins\org.eclipse.m2e.maven.runtime_3.9.700.20240602-2313\jars\httpclient-4.5.14.jar
2026-04-02 14:26:09,583 [Worker-146: Launching Executing clean in C__Users_safecnc_Desktop_거지들의 지갑_거지들의 지갑_거지들의 지갑_workspace_poormoney] INFO  o.eclipse.m2e.core.internal.Bundles - 	Entry: C:\devWork\3.eclipse\eGovFrameDev-4.3.1-64bit\STS\sts-4.23.1.RELEASE\plugins\org.eclipse.m2e.maven.runtime_3.9.700.20240602-2313\jars\httpcore-4.4.16.jar
2026-04-02 14:26:09,584 [Worker-146: Launching Executing clean in C__Users_safecnc_Desktop_거지들의 지갑_거지들의 지갑_거지들의 지갑_workspace_poormoney] INFO  o.eclipse.m2e.core.internal.Bundles - 	Entry: C:\devWork\3.eclipse\eGovFrameDev-4.3.1-64bit\STS\sts-4.23.1.RELEASE\plugins\org.eclipse.m2e.maven.runtime_3.9.700.20240602-2313\jars\jansi-2.4.1.jar
2026-04-02 14:26:09,584 [Worker-146: Launching Executing clean in C__Users_safecnc_Desktop_거지들의 지갑_거지들의 지갑_거지들의 지갑_workspace_poormoney] INFO  o.eclipse.m2e.core.internal.Bundles - 	Entry: C:\devWork\3.eclipse\eGovFrameDev-4.3.1-64bit\STS\sts-4.23.1.RELEASE\plugins\org.eclipse.m2e.maven.runtime_3.9.700.20240602-2313\jars\jcl-over-slf4j-1.7.36.jar
2026-04-02 14:26:09,584 [Worker-146: Launching Executing clean in C__Users_safecnc_Desktop_거지들의 지갑_거지들의 지갑_거지들의 지갑_workspace_poormoney] INFO  o.eclipse.m2e.core.internal.Bundles - 	Entry: C:\devWork\3.eclipse\eGovFrameDev-4.3.1-64bit\STS\sts-4.23.1.RELEASE\plugins\org.eclipse.m2e.maven.runtime_3.9.700.20240602-2313\jars\maven-artifact-3.9.7.jar
2026-04-02 14:26:09,584 [Worker-146: Launching Executing clean in C__Users_safecnc_Desktop_거지들의 지갑_거지들의 지갑_거지들의 지갑_workspace_poormoney] INFO  o.eclipse.m2e.core.internal.Bundles - 	Entry: C:\devWork\3.eclipse\eGovFrameDev-4.3.1-64bit\STS\sts-4.23.1.RELEASE\plugins\org.eclipse.m2e.maven.runtime_3.9.700.20240602-2313\jars\maven-builder-support-3.9.7.jar
2026-04-02 14:26:09,584 [Worker-146: Launching Executing clean in C__Users_safecnc_Desktop_거지들의 지갑_거지들의 지갑_거지들의 지갑_workspace_poormoney] INFO  o.eclipse.m2e.core.internal.Bundles - 	Entry: C:\devWork\3.eclipse\eGovFrameDev-4.3.1-64bit\STS\sts-4.23.1.RELEASE\plugins\org.eclipse.m2e.maven.runtime_3.9.700.20240602-2313\jars\maven-compat-3.9.7.jar
2026-04-02 14:26:09,584 [Worker-146: Launching Executing clean in C__Users_safecnc_Desktop_거지들의 지갑_거지들의 지갑_거지들의 지갑_workspace_poormoney] INFO  o.eclipse.m2e.core.internal.Bundles - 	Entry: C:\devWork\3.eclipse\eGovFrameDev-4.3.1-64bit\STS\sts-4.23.1.RELEASE\plugins\org.eclipse.m2e.maven.runtime_3.9.700.20240602-2313\jars\maven-core-3.9.7.jar
2026-04-02 14:26:09,585 [Worker-146: Launching Executing clean in C__Users_safecnc_Desktop_거지들의 지갑_거지들의 지갑_거지들의 지갑_workspace_poormoney] INFO  o.eclipse.m2e.core.internal.Bundles - 	Entry: C:\devWork\3.eclipse\eGovFrameDev-4.3.1-64bit\STS\sts-4.23.1.RELEASE\plugins\org.eclipse.m2e.maven.runtime_3.9.700.20240602-2313\jars\maven-embedder-3.9.7.jar
2026-04-02 14:26:09,585 [Worker-146: Launching Executing clean in C__Users_safecnc_Desktop_거지들의 지갑_거지들의 지갑_거지들의 지갑_workspace_poormoney] INFO  o.eclipse.m2e.core.internal.Bundles - 	Entry: C:\devWork\3.eclipse\eGovFrameDev-4.3.1-64bit\STS\sts-4.23.1.RELEASE\plugins\org.eclipse.m2e.maven.runtime_3.9.700.20240602-2313\jars\maven-model-3.9.7.jar
2026-04-02 14:26:09,585 [Worker-146: Launching Executing clean in C__Users_safecnc_Desktop_거지들의 지갑_거지들의 지갑_거지들의 지갑_workspace_poormoney] INFO  o.eclipse.m2e.core.internal.Bundles - 	Entry: C:\devWork\3.eclipse\eGovFrameDev-4.3.1-64bit\STS\sts-4.23.1.RELEASE\plugins\org.eclipse.m2e.maven.runtime_3.9.700.20240602-2313\jars\maven-model-builder-3.9.7.jar
2026-04-02 14:26:09,585 [Worker-146: Launching Executing clean in C__Users_safecnc_Desktop_거지들의 지갑_거지들의 지갑_거지들의 지갑_workspace_poormoney] INFO  o.eclipse.m2e.core.internal.Bundles - 	Entry: C:\devWork\3.eclipse\eGovFrameDev-4.3.1-64bit\STS\sts-4.23.1.RELEASE\plugins\org.eclipse.m2e.maven.runtime_3.9.700.20240602-2313\jars\maven-plugin-api-3.9.7.jar
2026-04-02 14:26:09,585 [Worker-146: Launching Executing clean in C__Users_safecnc_Desktop_거지들의 지갑_거지들의 지갑_거지들의 지갑_workspace_poormoney] INFO  o.eclipse.m2e.core.internal.Bundles - 	Entry: C:\devWork\3.eclipse\eGovFrameDev-4.3.1-64bit\STS\sts-4.23.1.RELEASE\plugins\org.eclipse.m2e.maven.runtime_3.9.700.20240602-2313\jars\maven-repository-metadata-3.9.7.jar
2026-04-02 14:26:09,585 [Worker-146: Launching Executing clean in C__Users_safecnc_Desktop_거지들의 지갑_거지들의 지갑_거지들의 지갑_workspace_poormoney] INFO  o.eclipse.m2e.core.internal.Bundles - 	Entry: C:\devWork\3.eclipse\eGovFrameDev-4.3.1-64bit\STS\sts-4.23.1.RELEASE\plugins\org.eclipse.m2e.maven.runtime_3.9.700.20240602-2313\jars\maven-resolver-api-1.9.20.jar
2026-04-02 14:26:09,586 [Worker-146: Launching Executing clean in C__Users_safecnc_Desktop_거지들의 지갑_거지들의 지갑_거지들의 지갑_workspace_poormoney] INFO  o.eclipse.m2e.core.internal.Bundles - 	Entry: C:\devWork\3.eclipse\eGovFrameDev-4.3.1-64bit\STS\sts-4.23.1.RELEASE\plugins\org.eclipse.m2e.maven.runtime_3.9.700.20240602-2313\jars\maven-resolver-connector-basic-1.9.20.jar
2026-04-02 14:26:09,586 [Worker-146: Launching Executing clean in C__Users_safecnc_Desktop_거지들의 지갑_거지들의 지갑_거지들의 지갑_workspace_poormoney] INFO  o.eclipse.m2e.core.internal.Bundles - 	Entry: C:\devWork\3.eclipse\eGovFrameDev-4.3.1-64bit\STS\sts-4.23.1.RELEASE\plugins\org.eclipse.m2e.maven.runtime_3.9.700.20240602-2313\jars\maven-resolver-impl-1.9.20.jar
2026-04-02 14:26:09,586 [Worker-146: Launching Executing clean in C__Users_safecnc_Desktop_거지들의 지갑_거지들의 지갑_거지들의 지갑_workspace_poormoney] INFO  o.eclipse.m2e.core.internal.Bundles - 	Entry: C:\devWork\3.eclipse\eGovFrameDev-4.3.1-64bit\STS\sts-4.23.1.RELEASE\plugins\org.eclipse.m2e.maven.runtime_3.9.700.20240602-2313\jars\maven-resolver-named-locks-1.9.20.jar
2026-04-02 14:26:09,586 [Worker-146: Launching Executing clean in C__Users_safecnc_Desktop_거지들의 지갑_거지들의 지갑_거지들의 지갑_workspace_poormoney] INFO  o.eclipse.m2e.core.internal.Bundles - 	Entry: C:\devWork\3.eclipse\eGovFrameDev-4.3.1-64bit\STS\sts-4.23.1.RELEASE\plugins\org.eclipse.m2e.maven.runtime_3.9.700.20240602-2313\jars\maven-resolver-provider-3.9.7.jar
2026-04-02 14:26:09,586 [Worker-146: Launching Executing clean in C__Users_safecnc_Desktop_거지들의 지갑_거지들의 지갑_거지들의 지갑_workspace_poormoney] INFO  o.eclipse.m2e.core.internal.Bundles - 	Entry: C:\devWork\3.eclipse\eGovFrameDev-4.3.1-64bit\STS\sts-4.23.1.RELEASE\plugins\org.eclipse.m2e.maven.runtime_3.9.700.20240602-2313\jars\maven-resolver-spi-1.9.20.jar
2026-04-02 14:26:09,587 [Worker-146: Launching Executing clean in C__Users_safecnc_Desktop_거지들의 지갑_거지들의 지갑_거지들의 지갑_workspace_poormoney] INFO  o.eclipse.m2e.core.internal.Bundles - 	Entry: C:\devWork\3.eclipse\eGovFrameDev-4.3.1-64bit\STS\sts-4.23.1.RELEASE\plugins\org.eclipse.m2e.maven.runtime_3.9.700.20240602-2313\jars\maven-resolver-transport-file-1.9.20.jar
2026-04-02 14:26:09,587 [Worker-146: Launching Executing clean in C__Users_safecnc_Desktop_거지들의 지갑_거지들의 지갑_거지들의 지갑_workspace_poormoney] INFO  o.eclipse.m2e.core.internal.Bundles - 	Entry: C:\devWork\3.eclipse\eGovFrameDev-4.3.1-64bit\STS\sts-4.23.1.RELEASE\plugins\org.eclipse.m2e.maven.runtime_3.9.700.20240602-2313\jars\maven-resolver-transport-http-1.9.20.jar
2026-04-02 14:26:09,587 [Worker-146: Launching Executing clean in C__Users_safecnc_Desktop_거지들의 지갑_거지들의 지갑_거지들의 지갑_workspace_poormoney] INFO  o.eclipse.m2e.core.internal.Bundles - 	Entry: C:\devWork\3.eclipse\eGovFrameDev-4.3.1-64bit\STS\sts-4.23.1.RELEASE\plugins\org.eclipse.m2e.maven.runtime_3.9.700.20240602-2313\jars\maven-resolver-transport-wagon-1.9.20.jar
2026-04-02 14:26:09,587 [Worker-146: Launching Executing clean in C__Users_safecnc_Desktop_거지들의 지갑_거지들의 지갑_거지들의 지갑_workspace_poormoney] INFO  o.eclipse.m2e.core.internal.Bundles - 	Entry: C:\devWork\3.eclipse\eGovFrameDev-4.3.1-64bit\STS\sts-4.23.1.RELEASE\plugins\org.eclipse.m2e.maven.runtime_3.9.700.20240602-2313\jars\maven-resolver-util-1.9.20.jar
2026-04-02 14:26:09,588 [Worker-146: Launching Executing clean in C__Users_safecnc_Desktop_거지들의 지갑_거지들의 지갑_거지들의 지갑_workspace_poormoney] INFO  o.eclipse.m2e.core.internal.Bundles - 	Entry: C:\devWork\3.eclipse\eGovFrameDev-4.3.1-64bit\STS\sts-4.23.1.RELEASE\plugins\org.eclipse.m2e.maven.runtime_3.9.700.20240602-2313\jars\maven-settings-3.9.7.jar
2026-04-02 14:26:09,588 [Worker-146: Launching Executing clean in C__Users_safecnc_Desktop_거지들의 지갑_거지들의 지갑_거지들의 지갑_workspace_poormoney] INFO  o.eclipse.m2e.core.internal.Bundles - 	Entry: C:\devWork\3.eclipse\eGovFrameDev-4.3.1-64bit\STS\sts-4.23.1.RELEASE\plugins\org.eclipse.m2e.maven.runtime_3.9.700.20240602-2313\jars\maven-settings-builder-3.9.7.jar
2026-04-02 14:26:09,588 [Worker-146: Launching Executing clean in C__Users_safecnc_Desktop_거지들의 지갑_거지들의 지갑_거지들의 지갑_workspace_poormoney] INFO  o.eclipse.m2e.core.internal.Bundles - 	Entry: C:\devWork\3.eclipse\eGovFrameDev-4.3.1-64bit\STS\sts-4.23.1.RELEASE\plugins\org.eclipse.m2e.maven.runtime_3.9.700.20240602-2313\jars\maven-shared-utils-3.4.2.jar
2026-04-02 14:26:09,588 [Worker-146: Launching Executing clean in C__Users_safecnc_Desktop_거지들의 지갑_거지들의 지갑_거지들의 지갑_workspace_poormoney] INFO  o.eclipse.m2e.core.internal.Bundles - 	Entry: C:\devWork\3.eclipse\eGovFrameDev-4.3.1-64bit\STS\sts-4.23.1.RELEASE\plugins\org.eclipse.m2e.maven.runtime_3.9.700.20240602-2313\jars\org.eclipse.sisu.inject-0.9.0.M2.jar
2026-04-02 14:26:09,589 [Worker-146: Launching Executing clean in C__Users_safecnc_Desktop_거지들의 지갑_거지들의 지갑_거지들의 지갑_workspace_poormoney] INFO  o.eclipse.m2e.core.internal.Bundles - 	Entry: C:\devWork\3.eclipse\eGovFrameDev-4.3.1-64bit\STS\sts-4.23.1.RELEASE\plugins\org.eclipse.m2e.maven.runtime_3.9.700.20240602-2313\jars\org.eclipse.sisu.plexus-0.9.0.M2.jar
2026-04-02 14:26:09,589 [Worker-146: Launching Executing clean in C__Users_safecnc_Desktop_거지들의 지갑_거지들의 지갑_거지들의 지갑_workspace_poormoney] INFO  o.eclipse.m2e.core.internal.Bundles - 	Entry: C:\devWork\3.eclipse\eGovFrameDev-4.3.1-64bit\STS\sts-4.23.1.RELEASE\plugins\org.eclipse.m2e.maven.runtime_3.9.700.20240602-2313\jars\plexus-build-api-0.0.7.jar
2026-04-02 14:26:09,589 [Worker-146: Launching Executing clean in C__Users_safecnc_Desktop_거지들의 지갑_거지들의 지갑_거지들의 지갑_workspace_poormoney] INFO  o.eclipse.m2e.core.internal.Bundles - 	Entry: C:\devWork\3.eclipse\eGovFrameDev-4.3.1-64bit\STS\sts-4.23.1.RELEASE\plugins\org.eclipse.m2e.maven.runtime_3.9.700.20240602-2313\jars\plexus-build-api-1.2.0.jar
2026-04-02 14:26:09,589 [Worker-146: Launching Executing clean in C__Users_safecnc_Desktop_거지들의 지갑_거지들의 지갑_거지들의 지갑_workspace_poormoney] INFO  o.eclipse.m2e.core.internal.Bundles - 	Entry: C:\devWork\3.eclipse\eGovFrameDev-4.3.1-64bit\STS\sts-4.23.1.RELEASE\plugins\org.eclipse.m2e.maven.runtime_3.9.700.20240602-2313\jars\plexus-cipher-2.0.jar
2026-04-02 14:26:09,589 [Worker-146: Launching Executing clean in C__Users_safecnc_Desktop_거지들의 지갑_거지들의 지갑_거지들의 지갑_workspace_poormoney] INFO  o.eclipse.m2e.core.internal.Bundles - 	Entry: C:\devWork\3.eclipse\eGovFrameDev-4.3.1-64bit\STS\sts-4.23.1.RELEASE\plugins\org.eclipse.m2e.maven.runtime_3.9.700.20240602-2313\jars\plexus-classworlds-2.8.0.jar
2026-04-02 14:26:09,590 [Worker-146: Launching Executing clean in C__Users_safecnc_Desktop_거지들의 지갑_거지들의 지갑_거지들의 지갑_workspace_poormoney] INFO  o.eclipse.m2e.core.internal.Bundles - 	Entry: C:\devWork\3.eclipse\eGovFrameDev-4.3.1-64bit\STS\sts-4.23.1.RELEASE\plugins\org.eclipse.m2e.maven.runtime_3.9.700.20240602-2313\jars\plexus-component-annotations-2.1.0.jar
2026-04-02 14:26:09,590 [Worker-146: Launching Executing clean in C__Users_safecnc_Desktop_거지들의 지갑_거지들의 지갑_거지들의 지갑_workspace_poormoney] INFO  o.eclipse.m2e.core.internal.Bundles - 	Entry: C:\devWork\3.eclipse\eGovFrameDev-4.3.1-64bit\STS\sts-4.23.1.RELEASE\plugins\org.eclipse.m2e.maven.runtime_3.9.700.20240602-2313\jars\plexus-interpolation-1.27.jar
2026-04-02 14:26:09,590 [Worker-146: Launching Executing clean in C__Users_safecnc_Desktop_거지들의 지갑_거지들의 지갑_거지들의 지갑_workspace_poormoney] INFO  o.eclipse.m2e.core.internal.Bundles - 	Entry: C:\devWork\3.eclipse\eGovFrameDev-4.3.1-64bit\STS\sts-4.23.1.RELEASE\plugins\org.eclipse.m2e.maven.runtime_3.9.700.20240602-2313\jars\plexus-sec-dispatcher-2.0.jar
2026-04-02 14:26:09,590 [Worker-146: Launching Executing clean in C__Users_safecnc_Desktop_거지들의 지갑_거지들의 지갑_거지들의 지갑_workspace_poormoney] INFO  o.eclipse.m2e.core.internal.Bundles - 	Entry: C:\devWork\3.eclipse\eGovFrameDev-4.3.1-64bit\STS\sts-4.23.1.RELEASE\plugins\org.eclipse.m2e.maven.runtime_3.9.700.20240602-2313\jars\plexus-utils-3.5.1.jar
2026-04-02 14:26:09,591 [Worker-146: Launching Executing clean in C__Users_safecnc_Desktop_거지들의 지갑_거지들의 지갑_거지들의 지갑_workspace_poormoney] INFO  o.eclipse.m2e.core.internal.Bundles - 	Entry: C:\devWork\3.eclipse\eGovFrameDev-4.3.1-64bit\STS\sts-4.23.1.RELEASE\plugins\org.eclipse.m2e.maven.runtime_3.9.700.20240602-2313\jars\wagon-file-3.5.3.jar
2026-04-02 14:26:09,591 [Worker-146: Launching Executing clean in C__Users_safecnc_Desktop_거지들의 지갑_거지들의 지갑_거지들의 지갑_workspace_poormoney] INFO  o.eclipse.m2e.core.internal.Bundles - 	Entry: C:\devWork\3.eclipse\eGovFrameDev-4.3.1-64bit\STS\sts-4.23.1.RELEASE\plugins\org.eclipse.m2e.maven.runtime_3.9.700.20240602-2313\jars\wagon-http-3.5.3.jar
2026-04-02 14:26:09,591 [Worker-146: Launching Executing clean in C__Users_safecnc_Desktop_거지들의 지갑_거지들의 지갑_거지들의 지갑_workspace_poormoney] INFO  o.eclipse.m2e.core.internal.Bundles - 	Entry: C:\devWork\3.eclipse\eGovFrameDev-4.3.1-64bit\STS\sts-4.23.1.RELEASE\plugins\org.eclipse.m2e.maven.runtime_3.9.700.20240602-2313\jars\wagon-http-shared-3.5.3.jar
2026-04-02 14:26:09,591 [Worker-146: Launching Executing clean in C__Users_safecnc_Desktop_거지들의 지갑_거지들의 지갑_거지들의 지갑_workspace_poormoney] INFO  o.eclipse.m2e.core.internal.Bundles - 	Entry: C:\devWork\3.eclipse\eGovFrameDev-4.3.1-64bit\STS\sts-4.23.1.RELEASE\plugins\org.eclipse.m2e.maven.runtime_3.9.700.20240602-2313\jars\wagon-provider-api-3.5.3.jar
2026-04-02 14:26:09,592 [Worker-146: Launching Executing clean in C__Users_safecnc_Desktop_거지들의 지갑_거지들의 지갑_거지들의 지갑_workspace_poormoney] INFO  o.eclipse.m2e.core.internal.Bundles - getClasspathEntries(Bundle=com.google.guava_33.2.0.jre [29])
2026-04-02 14:26:09,592 [Worker-146: Launching Executing clean in C__Users_safecnc_Desktop_거지들의 지갑_거지들의 지갑_거지들의 지갑_workspace_poormoney] INFO  o.eclipse.m2e.core.internal.Bundles - 	Entry: C:\devWork\3.eclipse\eGovFrameDev-4.3.1-64bit\STS\sts-4.23.1.RELEASE\plugins\com.google.guava_33.2.0.jre.jar
2026-04-02 14:26:09,592 [Worker-146: Launching Executing clean in C__Users_safecnc_Desktop_거지들의 지갑_거지들의 지갑_거지들의 지갑_workspace_poormoney] INFO  o.eclipse.m2e.core.internal.Bundles - getClasspathEntries(Bundle=slf4j.api_2.0.13 [592])
2026-04-02 14:26:09,593 [Worker-146: Launching Executing clean in C__Users_safecnc_Desktop_거지들의 지갑_거지들의 지갑_거지들의 지갑_workspace_poormoney] INFO  o.eclipse.m2e.core.internal.Bundles - 	Entry: C:\devWork\3.eclipse\eGovFrameDev-4.3.1-64bit\STS\sts-4.23.1.RELEASE\plugins\slf4j.api_2.0.13.jar
2026-04-02 14:26:09,593 [Worker-146: Launching Executing clean in C__Users_safecnc_Desktop_거지들의 지갑_거지들의 지갑_거지들의 지갑_workspace_poormoney] INFO  o.eclipse.m2e.core.internal.Bundles - getClasspathEntries(Bundle=jakarta.inject.jakarta.inject-api_1.0.5 [44])
2026-04-02 14:26:09,595 [Worker-146: Launching Executing clean in C__Users_safecnc_Desktop_거지들의 지갑_거지들의 지갑_거지들의 지갑_workspace_poormoney] INFO  o.eclipse.m2e.core.internal.Bundles - 	Entry: C:\devWork\3.eclipse\eGovFrameDev-4.3.1-64bit\STS\sts-4.23.1.RELEASE\plugins\jakarta.inject.jakarta.inject-api_1.0.5.jar
2026-04-02 14:26:09,595 [Worker-146: Launching Executing clean in C__Users_safecnc_Desktop_거지들의 지갑_거지들의 지갑_거지들의 지갑_workspace_poormoney] INFO  o.eclipse.m2e.core.internal.Bundles - getClasspathEntries(Bundle=javax.annotation_1.3.5.v20200909-1856 [53])
2026-04-02 14:26:09,595 [Worker-146: Launching Executing clean in C__Users_safecnc_Desktop_거지들의 지갑_거지들의 지갑_거지들의 지갑_workspace_poormoney] INFO  o.eclipse.m2e.core.internal.Bundles - 	Entry: C:\devWork\3.eclipse\eGovFrameDev-4.3.1-64bit\STS\sts-4.23.1.RELEASE\plugins\javax.annotation_1.3.5.v20200909-1856.jar
2026-04-02 14:26:09,595 [Worker-146: Launching Executing clean in C__Users_safecnc_Desktop_거지들의 지갑_거지들의 지갑_거지들의 지갑_workspace_poormoney] INFO  o.eclipse.m2e.core.internal.Bundles - getClasspathEntries(Bundle=org.apache.commons.cli_1.8.0 [76])
2026-04-02 14:26:09,596 [Worker-146: Launching Executing clean in C__Users_safecnc_Desktop_거지들의 지갑_거지들의 지갑_거지들의 지갑_workspace_poormoney] INFO  o.eclipse.m2e.core.internal.Bundles - 	Entry: C:\devWork\3.eclipse\eGovFrameDev-4.3.1-64bit\STS\sts-4.23.1.RELEASE\plugins\org.apache.commons.cli_1.8.0.jar
2026-04-02 14:26:09,596 [Worker-146: Launching Executing clean in C__Users_safecnc_Desktop_거지들의 지갑_거지들의 지갑_거지들의 지갑_workspace_poormoney] INFO  o.eclipse.m2e.core.internal.Bundles - getClasspathEntries(Bundle=org.apache.commons.commons-codec_1.16.0 [78])
2026-04-02 14:26:09,596 [Worker-146: Launching Executing clean in C__Users_safecnc_Desktop_거지들의 지갑_거지들의 지갑_거지들의 지갑_workspace_poormoney] INFO  o.eclipse.m2e.core.internal.Bundles - 	Entry: C:\devWork\3.eclipse\eGovFrameDev-4.3.1-64bit\STS\sts-4.23.1.RELEASE\plugins\org.apache.commons.commons-codec_1.16.0.jar
2026-04-02 14:26:09,597 [Worker-146: Launching Executing clean in C__Users_safecnc_Desktop_거지들의 지갑_거지들의 지갑_거지들의 지갑_workspace_poormoney] INFO  o.eclipse.m2e.core.internal.Bundles - getClasspathEntries(Bundle=org.apache.commons.lang3_3.14.0 [82])
2026-04-02 14:26:09,597 [Worker-146: Launching Executing clean in C__Users_safecnc_Desktop_거지들의 지갑_거지들의 지갑_거지들의 지갑_workspace_poormoney] INFO  o.eclipse.m2e.core.internal.Bundles - 	Entry: C:\devWork\3.eclipse\eGovFrameDev-4.3.1-64bit\STS\sts-4.23.1.RELEASE\plugins\org.apache.commons.lang3_3.14.0.jar
2026-04-02 14:26:09,597 [Worker-146: Launching Executing clean in C__Users_safecnc_Desktop_거지들의 지갑_거지들의 지갑_거지들의 지갑_workspace_poormoney] INFO  o.eclipse.m2e.core.internal.Bundles - getClasspathEntries(Bundle=com.google.guava.failureaccess_1.0.2 [30])
2026-04-02 14:26:09,598 [Worker-146: Launching Executing clean in C__Users_safecnc_Desktop_거지들의 지갑_거지들의 지갑_거지들의 지갑_workspace_poormoney] INFO  o.eclipse.m2e.core.internal.Bundles - 	Entry: C:\devWork\3.eclipse\eGovFrameDev-4.3.1-64bit\STS\sts-4.23.1.RELEASE\plugins\com.google.guava.failureaccess_1.0.2.jar
2026-04-02 14:26:09,599 [Worker-146: Launching Executing clean in C__Users_safecnc_Desktop_거지들의 지갑_거지들의 지갑_거지들의 지갑_workspace_poormoney] INFO  o.e.m.i.launch.MavenLaunchDelegate - Run build in "C:\Users\safecnc\Desktop\거지들의 지갑\거지들의 지갑\거지들의 지갑\workspace\poormoney":
2026-04-02 14:26:09,599 [Worker-146: Launching Executing clean in C__Users_safecnc_Desktop_거지들의 지갑_거지들의 지갑_거지들의 지갑_workspace_poormoney] INFO  o.e.m.i.launch.MavenLaunchDelegate -  mvn  -B -Dstyle.color=always clean
2026-04-02 14:26:11,785 [Worker-146: Building] INFO  o.a.m.s.f.DefaultMavenResourcesFiltering - Copying 2 resources from src\main\resources to target\classes
2026-04-02 14:26:11,791 [Worker-146: Building] INFO  o.a.m.s.f.DefaultMavenResourcesFiltering - Copying 1 resource from src\main\resources to target\classes
2026-04-02 14:26:11,795 [Worker-146: Building] INFO  o.a.m.s.f.DefaultMavenResourcesFiltering - Copying 0 resource from src\test\resources to target\test-classes
2026-04-02 14:26:18,566 [main] INFO  o.e.m2e.actions.ExecutePomAction - Creating new launch configuration
2026-04-02 14:26:22,968 [Worker-149: Launching poormoney (3)] INFO  o.eclipse.m2e.core.internal.Bundles - getClasspathEntries(Bundle=org.eclipse.m2e.maven.runtime_3.9.700.20240602-2313 [359])
2026-04-02 14:26:22,969 [Worker-149: Launching poormoney (3)] INFO  o.eclipse.m2e.core.internal.Bundles - 	Entry: C:\devWork\3.eclipse\eGovFrameDev-4.3.1-64bit\STS\sts-4.23.1.RELEASE\plugins\org.eclipse.m2e.maven.runtime_3.9.700.20240602-2313
2026-04-02 14:26:22,969 [Worker-149: Launching poormoney (3)] INFO  o.eclipse.m2e.core.internal.Bundles - 	Entry: C:\devWork\3.eclipse\eGovFrameDev-4.3.1-64bit\STS\sts-4.23.1.RELEASE\plugins\org.eclipse.m2e.maven.runtime_3.9.700.20240602-2313\jars\aopalliance-1.0.jar
2026-04-02 14:26:22,969 [Worker-149: Launching poormoney (3)] INFO  o.eclipse.m2e.core.internal.Bundles - 	Entry: C:\devWork\3.eclipse\eGovFrameDev-4.3.1-64bit\STS\sts-4.23.1.RELEASE\plugins\org.eclipse.m2e.maven.runtime_3.9.700.20240602-2313\jars\guice-5.1.0.jar
2026-04-02 14:26:22,969 [Worker-149: Launching poormoney (3)] INFO  o.eclipse.m2e.core.internal.Bundles - 	Entry: C:\devWork\3.eclipse\eGovFrameDev-4.3.1-64bit\STS\sts-4.23.1.RELEASE\plugins\org.eclipse.m2e.maven.runtime_3.9.700.20240602-2313\jars\httpclient-4.5.14.jar
2026-04-02 14:26:22,969 [Worker-149: Launching poormoney (3)] INFO  o.eclipse.m2e.core.internal.Bundles - 	Entry: C:\devWork\3.eclipse\eGovFrameDev-4.3.1-64bit\STS\sts-4.23.1.RELEASE\plugins\org.eclipse.m2e.maven.runtime_3.9.700.20240602-2313\jars\httpcore-4.4.16.jar
2026-04-02 14:26:22,969 [Worker-149: Launching poormoney (3)] INFO  o.eclipse.m2e.core.internal.Bundles - 	Entry: C:\devWork\3.eclipse\eGovFrameDev-4.3.1-64bit\STS\sts-4.23.1.RELEASE\plugins\org.eclipse.m2e.maven.runtime_3.9.700.20240602-2313\jars\jansi-2.4.1.jar
2026-04-02 14:26:22,970 [Worker-149: Launching poormoney (3)] INFO  o.eclipse.m2e.core.internal.Bundles - 	Entry: C:\devWork\3.eclipse\eGovFrameDev-4.3.1-64bit\STS\sts-4.23.1.RELEASE\plugins\org.eclipse.m2e.maven.runtime_3.9.700.20240602-2313\jars\jcl-over-slf4j-1.7.36.jar
2026-04-02 14:26:22,970 [Worker-149: Launching poormoney (3)] INFO  o.eclipse.m2e.core.internal.Bundles - 	Entry: C:\devWork\3.eclipse\eGovFrameDev-4.3.1-64bit\STS\sts-4.23.1.RELEASE\plugins\org.eclipse.m2e.maven.runtime_3.9.700.20240602-2313\jars\maven-artifact-3.9.7.jar
2026-04-02 14:26:22,970 [Worker-149: Launching poormoney (3)] INFO  o.eclipse.m2e.core.internal.Bundles - 	Entry: C:\devWork\3.eclipse\eGovFrameDev-4.3.1-64bit\STS\sts-4.23.1.RELEASE\plugins\org.eclipse.m2e.maven.runtime_3.9.700.20240602-2313\jars\maven-builder-support-3.9.7.jar
2026-04-02 14:26:22,970 [Worker-149: Launching poormoney (3)] INFO  o.eclipse.m2e.core.internal.Bundles - 	Entry: C:\devWork\3.eclipse\eGovFrameDev-4.3.1-64bit\STS\sts-4.23.1.RELEASE\plugins\org.eclipse.m2e.maven.runtime_3.9.700.20240602-2313\jars\maven-compat-3.9.7.jar
2026-04-02 14:26:22,970 [Worker-149: Launching poormoney (3)] INFO  o.eclipse.m2e.core.internal.Bundles - 	Entry: C:\devWork\3.eclipse\eGovFrameDev-4.3.1-64bit\STS\sts-4.23.1.RELEASE\plugins\org.eclipse.m2e.maven.runtime_3.9.700.20240602-2313\jars\maven-core-3.9.7.jar
2026-04-02 14:26:22,970 [Worker-149: Launching poormoney (3)] INFO  o.eclipse.m2e.core.internal.Bundles - 	Entry: C:\devWork\3.eclipse\eGovFrameDev-4.3.1-64bit\STS\sts-4.23.1.RELEASE\plugins\org.eclipse.m2e.maven.runtime_3.9.700.20240602-2313\jars\maven-embedder-3.9.7.jar
2026-04-02 14:26:22,970 [Worker-149: Launching poormoney (3)] INFO  o.eclipse.m2e.core.internal.Bundles - 	Entry: C:\devWork\3.eclipse\eGovFrameDev-4.3.1-64bit\STS\sts-4.23.1.RELEASE\plugins\org.eclipse.m2e.maven.runtime_3.9.700.20240602-2313\jars\maven-model-3.9.7.jar
2026-04-02 14:26:22,971 [Worker-149: Launching poormoney (3)] INFO  o.eclipse.m2e.core.internal.Bundles - 	Entry: C:\devWork\3.eclipse\eGovFrameDev-4.3.1-64bit\STS\sts-4.23.1.RELEASE\plugins\org.eclipse.m2e.maven.runtime_3.9.700.20240602-2313\jars\maven-model-builder-3.9.7.jar
2026-04-02 14:26:22,971 [Worker-149: Launching poormoney (3)] INFO  o.eclipse.m2e.core.internal.Bundles - 	Entry: C:\devWork\3.eclipse\eGovFrameDev-4.3.1-64bit\STS\sts-4.23.1.RELEASE\plugins\org.eclipse.m2e.maven.runtime_3.9.700.20240602-2313\jars\maven-plugin-api-3.9.7.jar
2026-04-02 14:26:22,971 [Worker-149: Launching poormoney (3)] INFO  o.eclipse.m2e.core.internal.Bundles - 	Entry: C:\devWork\3.eclipse\eGovFrameDev-4.3.1-64bit\STS\sts-4.23.1.RELEASE\plugins\org.eclipse.m2e.maven.runtime_3.9.700.20240602-2313\jars\maven-repository-metadata-3.9.7.jar
2026-04-02 14:26:22,971 [Worker-149: Launching poormoney (3)] INFO  o.eclipse.m2e.core.internal.Bundles - 	Entry: C:\devWork\3.eclipse\eGovFrameDev-4.3.1-64bit\STS\sts-4.23.1.RELEASE\plugins\org.eclipse.m2e.maven.runtime_3.9.700.20240602-2313\jars\maven-resolver-api-1.9.20.jar
2026-04-02 14:26:22,971 [Worker-149: Launching poormoney (3)] INFO  o.eclipse.m2e.core.internal.Bundles - 	Entry: C:\devWork\3.eclipse\eGovFrameDev-4.3.1-64bit\STS\sts-4.23.1.RELEASE\plugins\org.eclipse.m2e.maven.runtime_3.9.700.20240602-2313\jars\maven-resolver-connector-basic-1.9.20.jar
2026-04-02 14:26:22,971 [Worker-149: Launching poormoney (3)] INFO  o.eclipse.m2e.core.internal.Bundles - 	Entry: C:\devWork\3.eclipse\eGovFrameDev-4.3.1-64bit\STS\sts-4.23.1.RELEASE\plugins\org.eclipse.m2e.maven.runtime_3.9.700.20240602-2313\jars\maven-resolver-impl-1.9.20.jar
2026-04-02 14:26:22,971 [Worker-149: Launching poormoney (3)] INFO  o.eclipse.m2e.core.internal.Bundles - 	Entry: C:\devWork\3.eclipse\eGovFrameDev-4.3.1-64bit\STS\sts-4.23.1.RELEASE\plugins\org.eclipse.m2e.maven.runtime_3.9.700.20240602-2313\jars\maven-resolver-named-locks-1.9.20.jar
2026-04-02 14:26:22,971 [Worker-149: Launching poormoney (3)] INFO  o.eclipse.m2e.core.internal.Bundles - 	Entry: C:\devWork\3.eclipse\eGovFrameDev-4.3.1-64bit\STS\sts-4.23.1.RELEASE\plugins\org.eclipse.m2e.maven.runtime_3.9.700.20240602-2313\jars\maven-resolver-provider-3.9.7.jar
2026-04-02 14:26:22,971 [Worker-149: Launching poormoney (3)] INFO  o.eclipse.m2e.core.internal.Bundles - 	Entry: C:\devWork\3.eclipse\eGovFrameDev-4.3.1-64bit\STS\sts-4.23.1.RELEASE\plugins\org.eclipse.m2e.maven.runtime_3.9.700.20240602-2313\jars\maven-resolver-spi-1.9.20.jar
2026-04-02 14:26:22,973 [Worker-149: Launching poormoney (3)] INFO  o.eclipse.m2e.core.internal.Bundles - 	Entry: C:\devWork\3.eclipse\eGovFrameDev-4.3.1-64bit\STS\sts-4.23.1.RELEASE\plugins\org.eclipse.m2e.maven.runtime_3.9.700.20240602-2313\jars\maven-resolver-transport-file-1.9.20.jar
2026-04-02 14:26:22,973 [Worker-149: Launching poormoney (3)] INFO  o.eclipse.m2e.core.internal.Bundles - 	Entry: C:\devWork\3.eclipse\eGovFrameDev-4.3.1-64bit\STS\sts-4.23.1.RELEASE\plugins\org.eclipse.m2e.maven.runtime_3.9.700.20240602-2313\jars\maven-resolver-transport-http-1.9.20.jar
2026-04-02 14:26:22,973 [Worker-149: Launching poormoney (3)] INFO  o.eclipse.m2e.core.internal.Bundles - 	Entry: C:\devWork\3.eclipse\eGovFrameDev-4.3.1-64bit\STS\sts-4.23.1.RELEASE\plugins\org.eclipse.m2e.maven.runtime_3.9.700.20240602-2313\jars\maven-resolver-transport-wagon-1.9.20.jar
2026-04-02 14:26:22,973 [Worker-149: Launching poormoney (3)] INFO  o.eclipse.m2e.core.internal.Bundles - 	Entry: C:\devWork\3.eclipse\eGovFrameDev-4.3.1-64bit\STS\sts-4.23.1.RELEASE\plugins\org.eclipse.m2e.maven.runtime_3.9.700.20240602-2313\jars\maven-resolver-util-1.9.20.jar
2026-04-02 14:26:22,973 [Worker-149: Launching poormoney (3)] INFO  o.eclipse.m2e.core.internal.Bundles - 	Entry: C:\devWork\3.eclipse\eGovFrameDev-4.3.1-64bit\STS\sts-4.23.1.RELEASE\plugins\org.eclipse.m2e.maven.runtime_3.9.700.20240602-2313\jars\maven-settings-3.9.7.jar
2026-04-02 14:26:22,973 [Worker-149: Launching poormoney (3)] INFO  o.eclipse.m2e.core.internal.Bundles - 	Entry: C:\devWork\3.eclipse\eGovFrameDev-4.3.1-64bit\STS\sts-4.23.1.RELEASE\plugins\org.eclipse.m2e.maven.runtime_3.9.700.20240602-2313\jars\maven-settings-builder-3.9.7.jar
2026-04-02 14:26:22,973 [Worker-149: Launching poormoney (3)] INFO  o.eclipse.m2e.core.internal.Bundles - 	Entry: C:\devWork\3.eclipse\eGovFrameDev-4.3.1-64bit\STS\sts-4.23.1.RELEASE\plugins\org.eclipse.m2e.maven.runtime_3.9.700.20240602-2313\jars\maven-shared-utils-3.4.2.jar
2026-04-02 14:26:22,974 [Worker-149: Launching poormoney (3)] INFO  o.eclipse.m2e.core.internal.Bundles - 	Entry: C:\devWork\3.eclipse\eGovFrameDev-4.3.1-64bit\STS\sts-4.23.1.RELEASE\plugins\org.eclipse.m2e.maven.runtime_3.9.700.20240602-2313\jars\org.eclipse.sisu.inject-0.9.0.M2.jar
2026-04-02 14:26:22,974 [Worker-149: Launching poormoney (3)] INFO  o.eclipse.m2e.core.internal.Bundles - 	Entry: C:\devWork\3.eclipse\eGovFrameDev-4.3.1-64bit\STS\sts-4.23.1.RELEASE\plugins\org.eclipse.m2e.maven.runtime_3.9.700.20240602-2313\jars\org.eclipse.sisu.plexus-0.9.0.M2.jar
2026-04-02 14:26:22,974 [Worker-149: Launching poormoney (3)] INFO  o.eclipse.m2e.core.internal.Bundles - 	Entry: C:\devWork\3.eclipse\eGovFrameDev-4.3.1-64bit\STS\sts-4.23.1.RELEASE\plugins\org.eclipse.m2e.maven.runtime_3.9.700.20240602-2313\jars\plexus-build-api-0.0.7.jar
2026-04-02 14:26:22,974 [Worker-149: Launching poormoney (3)] INFO  o.eclipse.m2e.core.internal.Bundles - 	Entry: C:\devWork\3.eclipse\eGovFrameDev-4.3.1-64bit\STS\sts-4.23.1.RELEASE\plugins\org.eclipse.m2e.maven.runtime_3.9.700.20240602-2313\jars\plexus-build-api-1.2.0.jar
2026-04-02 14:26:22,974 [Worker-149: Launching poormoney (3)] INFO  o.eclipse.m2e.core.internal.Bundles - 	Entry: C:\devWork\3.eclipse\eGovFrameDev-4.3.1-64bit\STS\sts-4.23.1.RELEASE\plugins\org.eclipse.m2e.maven.runtime_3.9.700.20240602-2313\jars\plexus-cipher-2.0.jar
2026-04-02 14:26:22,974 [Worker-149: Launching poormoney (3)] INFO  o.eclipse.m2e.core.internal.Bundles - 	Entry: C:\devWork\3.eclipse\eGovFrameDev-4.3.1-64bit\STS\sts-4.23.1.RELEASE\plugins\org.eclipse.m2e.maven.runtime_3.9.700.20240602-2313\jars\plexus-classworlds-2.8.0.jar
2026-04-02 14:26:22,974 [Worker-149: Launching poormoney (3)] INFO  o.eclipse.m2e.core.internal.Bundles - 	Entry: C:\devWork\3.eclipse\eGovFrameDev-4.3.1-64bit\STS\sts-4.23.1.RELEASE\plugins\org.eclipse.m2e.maven.runtime_3.9.700.20240602-2313\jars\plexus-component-annotations-2.1.0.jar
2026-04-02 14:26:22,975 [Worker-149: Launching poormoney (3)] INFO  o.eclipse.m2e.core.internal.Bundles - 	Entry: C:\devWork\3.eclipse\eGovFrameDev-4.3.1-64bit\STS\sts-4.23.1.RELEASE\plugins\org.eclipse.m2e.maven.runtime_3.9.700.20240602-2313\jars\plexus-interpolation-1.27.jar
2026-04-02 14:26:22,975 [Worker-149: Launching poormoney (3)] INFO  o.eclipse.m2e.core.internal.Bundles - 	Entry: C:\devWork\3.eclipse\eGovFrameDev-4.3.1-64bit\STS\sts-4.23.1.RELEASE\plugins\org.eclipse.m2e.maven.runtime_3.9.700.20240602-2313\jars\plexus-sec-dispatcher-2.0.jar
2026-04-02 14:26:22,975 [Worker-149: Launching poormoney (3)] INFO  o.eclipse.m2e.core.internal.Bundles - 	Entry: C:\devWork\3.eclipse\eGovFrameDev-4.3.1-64bit\STS\sts-4.23.1.RELEASE\plugins\org.eclipse.m2e.maven.runtime_3.9.700.20240602-2313\jars\plexus-utils-3.5.1.jar
2026-04-02 14:26:22,975 [Worker-149: Launching poormoney (3)] INFO  o.eclipse.m2e.core.internal.Bundles - 	Entry: C:\devWork\3.eclipse\eGovFrameDev-4.3.1-64bit\STS\sts-4.23.1.RELEASE\plugins\org.eclipse.m2e.maven.runtime_3.9.700.20240602-2313\jars\wagon-file-3.5.3.jar
2026-04-02 14:26:22,975 [Worker-149: Launching poormoney (3)] INFO  o.eclipse.m2e.core.internal.Bundles - 	Entry: C:\devWork\3.eclipse\eGovFrameDev-4.3.1-64bit\STS\sts-4.23.1.RELEASE\plugins\org.eclipse.m2e.maven.runtime_3.9.700.20240602-2313\jars\wagon-http-3.5.3.jar
2026-04-02 14:26:22,975 [Worker-149: Launching poormoney (3)] INFO  o.eclipse.m2e.core.internal.Bundles - 	Entry: C:\devWork\3.eclipse\eGovFrameDev-4.3.1-64bit\STS\sts-4.23.1.RELEASE\plugins\org.eclipse.m2e.maven.runtime_3.9.700.20240602-2313\jars\wagon-http-shared-3.5.3.jar
2026-04-02 14:26:22,975 [Worker-149: Launching poormoney (3)] INFO  o.eclipse.m2e.core.internal.Bundles - 	Entry: C:\devWork\3.eclipse\eGovFrameDev-4.3.1-64bit\STS\sts-4.23.1.RELEASE\plugins\org.eclipse.m2e.maven.runtime_3.9.700.20240602-2313\jars\wagon-provider-api-3.5.3.jar
2026-04-02 14:26:22,976 [Worker-149: Launching poormoney (3)] INFO  o.eclipse.m2e.core.internal.Bundles - getClasspathEntries(Bundle=com.google.guava_33.2.0.jre [29])
2026-04-02 14:26:22,976 [Worker-149: Launching poormoney (3)] INFO  o.eclipse.m2e.core.internal.Bundles - 	Entry: C:\devWork\3.eclipse\eGovFrameDev-4.3.1-64bit\STS\sts-4.23.1.RELEASE\plugins\com.google.guava_33.2.0.jre.jar
2026-04-02 14:26:22,976 [Worker-149: Launching poormoney (3)] INFO  o.eclipse.m2e.core.internal.Bundles - getClasspathEntries(Bundle=slf4j.api_2.0.13 [592])
2026-04-02 14:26:22,977 [Worker-149: Launching poormoney (3)] INFO  o.eclipse.m2e.core.internal.Bundles - 	Entry: C:\devWork\3.eclipse\eGovFrameDev-4.3.1-64bit\STS\sts-4.23.1.RELEASE\plugins\slf4j.api_2.0.13.jar
2026-04-02 14:26:22,977 [Worker-149: Launching poormoney (3)] INFO  o.eclipse.m2e.core.internal.Bundles - getClasspathEntries(Bundle=jakarta.inject.jakarta.inject-api_1.0.5 [44])
2026-04-02 14:26:22,977 [Worker-149: Launching poormoney (3)] INFO  o.eclipse.m2e.core.internal.Bundles - 	Entry: C:\devWork\3.eclipse\eGovFrameDev-4.3.1-64bit\STS\sts-4.23.1.RELEASE\plugins\jakarta.inject.jakarta.inject-api_1.0.5.jar
2026-04-02 14:26:22,977 [Worker-149: Launching poormoney (3)] INFO  o.eclipse.m2e.core.internal.Bundles - getClasspathEntries(Bundle=javax.annotation_1.3.5.v20200909-1856 [53])
2026-04-02 14:26:22,977 [Worker-149: Launching poormoney (3)] INFO  o.eclipse.m2e.core.internal.Bundles - 	Entry: C:\devWork\3.eclipse\eGovFrameDev-4.3.1-64bit\STS\sts-4.23.1.RELEASE\plugins\javax.annotation_1.3.5.v20200909-1856.jar
2026-04-02 14:26:22,977 [Worker-149: Launching poormoney (3)] INFO  o.eclipse.m2e.core.internal.Bundles - getClasspathEntries(Bundle=org.apache.commons.cli_1.8.0 [76])
2026-04-02 14:26:22,978 [Worker-149: Launching poormoney (3)] INFO  o.eclipse.m2e.core.internal.Bundles - 	Entry: C:\devWork\3.eclipse\eGovFrameDev-4.3.1-64bit\STS\sts-4.23.1.RELEASE\plugins\org.apache.commons.cli_1.8.0.jar
2026-04-02 14:26:22,978 [Worker-149: Launching poormoney (3)] INFO  o.eclipse.m2e.core.internal.Bundles - getClasspathEntries(Bundle=org.apache.commons.commons-codec_1.16.0 [78])
2026-04-02 14:26:22,978 [Worker-149: Launching poormoney (3)] INFO  o.eclipse.m2e.core.internal.Bundles - 	Entry: C:\devWork\3.eclipse\eGovFrameDev-4.3.1-64bit\STS\sts-4.23.1.RELEASE\plugins\org.apache.commons.commons-codec_1.16.0.jar
2026-04-02 14:26:22,978 [Worker-149: Launching poormoney (3)] INFO  o.eclipse.m2e.core.internal.Bundles - getClasspathEntries(Bundle=org.apache.commons.lang3_3.14.0 [82])
2026-04-02 14:26:22,978 [Worker-149: Launching poormoney (3)] INFO  o.eclipse.m2e.core.internal.Bundles - 	Entry: C:\devWork\3.eclipse\eGovFrameDev-4.3.1-64bit\STS\sts-4.23.1.RELEASE\plugins\org.apache.commons.lang3_3.14.0.jar
2026-04-02 14:26:22,978 [Worker-149: Launching poormoney (3)] INFO  o.eclipse.m2e.core.internal.Bundles - getClasspathEntries(Bundle=com.google.guava.failureaccess_1.0.2 [30])
2026-04-02 14:26:22,979 [Worker-149: Launching poormoney (3)] INFO  o.eclipse.m2e.core.internal.Bundles - 	Entry: C:\devWork\3.eclipse\eGovFrameDev-4.3.1-64bit\STS\sts-4.23.1.RELEASE\plugins\com.google.guava.failureaccess_1.0.2.jar
2026-04-02 14:26:22,980 [Worker-149: Launching poormoney (3)] INFO  o.e.m.i.launch.MavenLaunchDelegate - Run build in "C:\Users\safecnc\Desktop\거지들의 지갑\거지들의 지갑\거지들의 지갑\workspace\poormoney":
2026-04-02 14:26:22,981 [Worker-149: Launching poormoney (3)] INFO  o.e.m.i.launch.MavenLaunchDelegate -  mvn  -B -Dstyle.color=always clean install
2026-04-02 14:32:15,953 [Worker-156: Building] INFO  o.a.m.s.f.DefaultMavenResourcesFiltering - Copying 2 resources from src\main\resources to target\classes
2026-04-02 14:32:15,962 [Worker-156: Building] INFO  o.a.m.s.f.DefaultMavenResourcesFiltering - Copying 1 resource from src\main\resources to target\classes
2026-04-02 14:32:15,964 [Worker-156: Building] INFO  o.a.m.s.f.DefaultMavenResourcesFiltering - Copying 0 resource from src\test\resources to target\test-classes
2026-04-02 14:36:10,182 [Worker-160: Building] INFO  o.e.m.c.i.l.LifecycleMappingFactory - Using org.eclipse.m2e.jdt.JarLifecycleMapping lifecycle mapping for MavenProject: poormoney:poormoney:0.0.1-SNAPSHOT @ C:\Users\safecnc\Desktop\거지들의 지갑\거지들의 지갑\거지들의 지갑\workspace\poormoney\pom.xml.
2026-04-02 14:36:11,038 [Worker-160: Building] INFO  o.a.m.s.f.DefaultMavenResourcesFiltering - Copying 1 resource from src\main\resources to target\classes
2026-04-02 14:36:11,051 [Worker-160: Building] INFO  o.a.m.s.f.DefaultMavenResourcesFiltering - Copying 0 resource from src\main\resources to target\classes
2026-04-02 14:36:11,057 [Worker-160: Building] INFO  o.a.m.s.f.DefaultMavenResourcesFiltering - Copying 0 resource from src\test\resources to target\test-classes
2026-04-02 14:36:13,221 [Worker-167: Building] INFO  o.a.m.s.f.DefaultMavenResourcesFiltering - Copying 2 resources from src\main\resources to target\classes
2026-04-02 14:36:13,235 [Worker-167: Building] INFO  o.a.m.s.f.DefaultMavenResourcesFiltering - Copying 1 resource from src\main\resources to target\classes
2026-04-02 14:36:13,242 [Worker-167: Building] INFO  o.a.m.s.f.DefaultMavenResourcesFiltering - Copying 0 resource from src\test\resources to target\test-classes
2026-04-02 14:38:18,894 [Worker-167: Building] INFO  o.a.m.s.f.DefaultMavenResourcesFiltering - Copying 2 resources from src\main\resources to target\classes
2026-04-02 14:38:18,904 [Worker-167: Building] INFO  o.a.m.s.f.DefaultMavenResourcesFiltering - Copying 1 resource from src\main\resources to target\classes
2026-04-02 14:38:18,909 [Worker-167: Building] INFO  o.a.m.s.f.DefaultMavenResourcesFiltering - Copying 0 resource from src\test\resources to target\test-classes
2026-04-02 14:42:56,229 [Worker-172: Building] INFO  o.a.m.s.f.DefaultMavenResourcesFiltering - Copying 2 resources from src\main\resources to target\classes
2026-04-02 14:42:56,240 [Worker-172: Building] INFO  o.a.m.s.f.DefaultMavenResourcesFiltering - Copying 1 resource from src\main\resources to target\classes
2026-04-02 14:42:56,244 [Worker-172: Building] INFO  o.a.m.s.f.DefaultMavenResourcesFiltering - Copying 0 resource from src\test\resources to target\test-classes
2026-04-02 14:44:41,842 [Worker-173: Launching Executing clean in C__Users_safecnc_Desktop_거지들의 지갑_거지들의 지갑_거지들의 지갑_workspace_poormoney] INFO  o.eclipse.m2e.core.internal.Bundles - getClasspathEntries(Bundle=org.eclipse.m2e.maven.runtime_3.9.700.20240602-2313 [359])
2026-04-02 14:44:41,843 [Worker-173: Launching Executing clean in C__Users_safecnc_Desktop_거지들의 지갑_거지들의 지갑_거지들의 지갑_workspace_poormoney] INFO  o.eclipse.m2e.core.internal.Bundles - 	Entry: C:\devWork\3.eclipse\eGovFrameDev-4.3.1-64bit\STS\sts-4.23.1.RELEASE\plugins\org.eclipse.m2e.maven.runtime_3.9.700.20240602-2313
2026-04-02 14:44:41,843 [Worker-173: Launching Executing clean in C__Users_safecnc_Desktop_거지들의 지갑_거지들의 지갑_거지들의 지갑_workspace_poormoney] INFO  o.eclipse.m2e.core.internal.Bundles - 	Entry: C:\devWork\3.eclipse\eGovFrameDev-4.3.1-64bit\STS\sts-4.23.1.RELEASE\plugins\org.eclipse.m2e.maven.runtime_3.9.700.20240602-2313\jars\aopalliance-1.0.jar
2026-04-02 14:44:41,845 [Worker-173: Launching Executing clean in C__Users_safecnc_Desktop_거지들의 지갑_거지들의 지갑_거지들의 지갑_workspace_poormoney] INFO  o.eclipse.m2e.core.internal.Bundles - 	Entry: C:\devWork\3.eclipse\eGovFrameDev-4.3.1-64bit\STS\sts-4.23.1.RELEASE\plugins\org.eclipse.m2e.maven.runtime_3.9.700.20240602-2313\jars\guice-5.1.0.jar
2026-04-02 14:44:41,845 [Worker-173: Launching Executing clean in C__Users_safecnc_Desktop_거지들의 지갑_거지들의 지갑_거지들의 지갑_workspace_poormoney] INFO  o.eclipse.m2e.core.internal.Bundles - 	Entry: C:\devWork\3.eclipse\eGovFrameDev-4.3.1-64bit\STS\sts-4.23.1.RELEASE\plugins\org.eclipse.m2e.maven.runtime_3.9.700.20240602-2313\jars\httpclient-4.5.14.jar
2026-04-02 14:44:41,845 [Worker-173: Launching Executing clean in C__Users_safecnc_Desktop_거지들의 지갑_거지들의 지갑_거지들의 지갑_workspace_poormoney] INFO  o.eclipse.m2e.core.internal.Bundles - 	Entry: C:\devWork\3.eclipse\eGovFrameDev-4.3.1-64bit\STS\sts-4.23.1.RELEASE\plugins\org.eclipse.m2e.maven.runtime_3.9.700.20240602-2313\jars\httpcore-4.4.16.jar
2026-04-02 14:44:41,845 [Worker-173: Launching Executing clean in C__Users_safecnc_Desktop_거지들의 지갑_거지들의 지갑_거지들의 지갑_workspace_poormoney] INFO  o.eclipse.m2e.core.internal.Bundles - 	Entry: C:\devWork\3.eclipse\eGovFrameDev-4.3.1-64bit\STS\sts-4.23.1.RELEASE\plugins\org.eclipse.m2e.maven.runtime_3.9.700.20240602-2313\jars\jansi-2.4.1.jar
2026-04-02 14:44:41,846 [Worker-173: Launching Executing clean in C__Users_safecnc_Desktop_거지들의 지갑_거지들의 지갑_거지들의 지갑_workspace_poormoney] INFO  o.eclipse.m2e.core.internal.Bundles - 	Entry: C:\devWork\3.eclipse\eGovFrameDev-4.3.1-64bit\STS\sts-4.23.1.RELEASE\plugins\org.eclipse.m2e.maven.runtime_3.9.700.20240602-2313\jars\jcl-over-slf4j-1.7.36.jar
2026-04-02 14:44:41,846 [Worker-173: Launching Executing clean in C__Users_safecnc_Desktop_거지들의 지갑_거지들의 지갑_거지들의 지갑_workspace_poormoney] INFO  o.eclipse.m2e.core.internal.Bundles - 	Entry: C:\devWork\3.eclipse\eGovFrameDev-4.3.1-64bit\STS\sts-4.23.1.RELEASE\plugins\org.eclipse.m2e.maven.runtime_3.9.700.20240602-2313\jars\maven-artifact-3.9.7.jar
2026-04-02 14:44:41,846 [Worker-173: Launching Executing clean in C__Users_safecnc_Desktop_거지들의 지갑_거지들의 지갑_거지들의 지갑_workspace_poormoney] INFO  o.eclipse.m2e.core.internal.Bundles - 	Entry: C:\devWork\3.eclipse\eGovFrameDev-4.3.1-64bit\STS\sts-4.23.1.RELEASE\plugins\org.eclipse.m2e.maven.runtime_3.9.700.20240602-2313\jars\maven-builder-support-3.9.7.jar
2026-04-02 14:44:41,846 [Worker-173: Launching Executing clean in C__Users_safecnc_Desktop_거지들의 지갑_거지들의 지갑_거지들의 지갑_workspace_poormoney] INFO  o.eclipse.m2e.core.internal.Bundles - 	Entry: C:\devWork\3.eclipse\eGovFrameDev-4.3.1-64bit\STS\sts-4.23.1.RELEASE\plugins\org.eclipse.m2e.maven.runtime_3.9.700.20240602-2313\jars\maven-compat-3.9.7.jar
2026-04-02 14:44:41,847 [Worker-173: Launching Executing clean in C__Users_safecnc_Desktop_거지들의 지갑_거지들의 지갑_거지들의 지갑_workspace_poormoney] INFO  o.eclipse.m2e.core.internal.Bundles - 	Entry: C:\devWork\3.eclipse\eGovFrameDev-4.3.1-64bit\STS\sts-4.23.1.RELEASE\plugins\org.eclipse.m2e.maven.runtime_3.9.700.20240602-2313\jars\maven-core-3.9.7.jar
2026-04-02 14:44:41,847 [Worker-173: Launching Executing clean in C__Users_safecnc_Desktop_거지들의 지갑_거지들의 지갑_거지들의 지갑_workspace_poormoney] INFO  o.eclipse.m2e.core.internal.Bundles - 	Entry: C:\devWork\3.eclipse\eGovFrameDev-4.3.1-64bit\STS\sts-4.23.1.RELEASE\plugins\org.eclipse.m2e.maven.runtime_3.9.700.20240602-2313\jars\maven-embedder-3.9.7.jar
2026-04-02 14:44:41,847 [Worker-173: Launching Executing clean in C__Users_safecnc_Desktop_거지들의 지갑_거지들의 지갑_거지들의 지갑_workspace_poormoney] INFO  o.eclipse.m2e.core.internal.Bundles - 	Entry: C:\devWork\3.eclipse\eGovFrameDev-4.3.1-64bit\STS\sts-4.23.1.RELEASE\plugins\org.eclipse.m2e.maven.runtime_3.9.700.20240602-2313\jars\maven-model-3.9.7.jar
2026-04-02 14:44:41,847 [Worker-173: Launching Executing clean in C__Users_safecnc_Desktop_거지들의 지갑_거지들의 지갑_거지들의 지갑_workspace_poormoney] INFO  o.eclipse.m2e.core.internal.Bundles - 	Entry: C:\devWork\3.eclipse\eGovFrameDev-4.3.1-64bit\STS\sts-4.23.1.RELEASE\plugins\org.eclipse.m2e.maven.runtime_3.9.700.20240602-2313\jars\maven-model-builder-3.9.7.jar
2026-04-02 14:44:41,847 [Worker-173: Launching Executing clean in C__Users_safecnc_Desktop_거지들의 지갑_거지들의 지갑_거지들의 지갑_workspace_poormoney] INFO  o.eclipse.m2e.core.internal.Bundles - 	Entry: C:\devWork\3.eclipse\eGovFrameDev-4.3.1-64bit\STS\sts-4.23.1.RELEASE\plugins\org.eclipse.m2e.maven.runtime_3.9.700.20240602-2313\jars\maven-plugin-api-3.9.7.jar
2026-04-02 14:44:41,848 [Worker-173: Launching Executing clean in C__Users_safecnc_Desktop_거지들의 지갑_거지들의 지갑_거지들의 지갑_workspace_poormoney] INFO  o.eclipse.m2e.core.internal.Bundles - 	Entry: C:\devWork\3.eclipse\eGovFrameDev-4.3.1-64bit\STS\sts-4.23.1.RELEASE\plugins\org.eclipse.m2e.maven.runtime_3.9.700.20240602-2313\jars\maven-repository-metadata-3.9.7.jar
2026-04-02 14:44:41,848 [Worker-173: Launching Executing clean in C__Users_safecnc_Desktop_거지들의 지갑_거지들의 지갑_거지들의 지갑_workspace_poormoney] INFO  o.eclipse.m2e.core.internal.Bundles - 	Entry: C:\devWork\3.eclipse\eGovFrameDev-4.3.1-64bit\STS\sts-4.23.1.RELEASE\plugins\org.eclipse.m2e.maven.runtime_3.9.700.20240602-2313\jars\maven-resolver-api-1.9.20.jar
2026-04-02 14:44:41,848 [Worker-173: Launching Executing clean in C__Users_safecnc_Desktop_거지들의 지갑_거지들의 지갑_거지들의 지갑_workspace_poormoney] INFO  o.eclipse.m2e.core.internal.Bundles - 	Entry: C:\devWork\3.eclipse\eGovFrameDev-4.3.1-64bit\STS\sts-4.23.1.RELEASE\plugins\org.eclipse.m2e.maven.runtime_3.9.700.20240602-2313\jars\maven-resolver-connector-basic-1.9.20.jar
2026-04-02 14:44:41,848 [Worker-173: Launching Executing clean in C__Users_safecnc_Desktop_거지들의 지갑_거지들의 지갑_거지들의 지갑_workspace_poormoney] INFO  o.eclipse.m2e.core.internal.Bundles - 	Entry: C:\devWork\3.eclipse\eGovFrameDev-4.3.1-64bit\STS\sts-4.23.1.RELEASE\plugins\org.eclipse.m2e.maven.runtime_3.9.700.20240602-2313\jars\maven-resolver-impl-1.9.20.jar
2026-04-02 14:44:41,848 [Worker-173: Launching Executing clean in C__Users_safecnc_Desktop_거지들의 지갑_거지들의 지갑_거지들의 지갑_workspace_poormoney] INFO  o.eclipse.m2e.core.internal.Bundles - 	Entry: C:\devWork\3.eclipse\eGovFrameDev-4.3.1-64bit\STS\sts-4.23.1.RELEASE\plugins\org.eclipse.m2e.maven.runtime_3.9.700.20240602-2313\jars\maven-resolver-named-locks-1.9.20.jar
2026-04-02 14:44:41,849 [Worker-173: Launching Executing clean in C__Users_safecnc_Desktop_거지들의 지갑_거지들의 지갑_거지들의 지갑_workspace_poormoney] INFO  o.eclipse.m2e.core.internal.Bundles - 	Entry: C:\devWork\3.eclipse\eGovFrameDev-4.3.1-64bit\STS\sts-4.23.1.RELEASE\plugins\org.eclipse.m2e.maven.runtime_3.9.700.20240602-2313\jars\maven-resolver-provider-3.9.7.jar
2026-04-02 14:44:41,849 [Worker-173: Launching Executing clean in C__Users_safecnc_Desktop_거지들의 지갑_거지들의 지갑_거지들의 지갑_workspace_poormoney] INFO  o.eclipse.m2e.core.internal.Bundles - 	Entry: C:\devWork\3.eclipse\eGovFrameDev-4.3.1-64bit\STS\sts-4.23.1.RELEASE\plugins\org.eclipse.m2e.maven.runtime_3.9.700.20240602-2313\jars\maven-resolver-spi-1.9.20.jar
2026-04-02 14:44:41,849 [Worker-173: Launching Executing clean in C__Users_safecnc_Desktop_거지들의 지갑_거지들의 지갑_거지들의 지갑_workspace_poormoney] INFO  o.eclipse.m2e.core.internal.Bundles - 	Entry: C:\devWork\3.eclipse\eGovFrameDev-4.3.1-64bit\STS\sts-4.23.1.RELEASE\plugins\org.eclipse.m2e.maven.runtime_3.9.700.20240602-2313\jars\maven-resolver-transport-file-1.9.20.jar
2026-04-02 14:44:41,849 [Worker-173: Launching Executing clean in C__Users_safecnc_Desktop_거지들의 지갑_거지들의 지갑_거지들의 지갑_workspace_poormoney] INFO  o.eclipse.m2e.core.internal.Bundles - 	Entry: C:\devWork\3.eclipse\eGovFrameDev-4.3.1-64bit\STS\sts-4.23.1.RELEASE\plugins\org.eclipse.m2e.maven.runtime_3.9.700.20240602-2313\jars\maven-resolver-transport-http-1.9.20.jar
2026-04-02 14:44:41,849 [Worker-173: Launching Executing clean in C__Users_safecnc_Desktop_거지들의 지갑_거지들의 지갑_거지들의 지갑_workspace_poormoney] INFO  o.eclipse.m2e.core.internal.Bundles - 	Entry: C:\devWork\3.eclipse\eGovFrameDev-4.3.1-64bit\STS\sts-4.23.1.RELEASE\plugins\org.eclipse.m2e.maven.runtime_3.9.700.20240602-2313\jars\maven-resolver-transport-wagon-1.9.20.jar
2026-04-02 14:44:41,849 [Worker-173: Launching Executing clean in C__Users_safecnc_Desktop_거지들의 지갑_거지들의 지갑_거지들의 지갑_workspace_poormoney] INFO  o.eclipse.m2e.core.internal.Bundles - 	Entry: C:\devWork\3.eclipse\eGovFrameDev-4.3.1-64bit\STS\sts-4.23.1.RELEASE\plugins\org.eclipse.m2e.maven.runtime_3.9.700.20240602-2313\jars\maven-resolver-util-1.9.20.jar
2026-04-02 14:44:41,851 [Worker-173: Launching Executing clean in C__Users_safecnc_Desktop_거지들의 지갑_거지들의 지갑_거지들의 지갑_workspace_poormoney] INFO  o.eclipse.m2e.core.internal.Bundles - 	Entry: C:\devWork\3.eclipse\eGovFrameDev-4.3.1-64bit\STS\sts-4.23.1.RELEASE\plugins\org.eclipse.m2e.maven.runtime_3.9.700.20240602-2313\jars\maven-settings-3.9.7.jar
2026-04-02 14:44:41,851 [Worker-173: Launching Executing clean in C__Users_safecnc_Desktop_거지들의 지갑_거지들의 지갑_거지들의 지갑_workspace_poormoney] INFO  o.eclipse.m2e.core.internal.Bundles - 	Entry: C:\devWork\3.eclipse\eGovFrameDev-4.3.1-64bit\STS\sts-4.23.1.RELEASE\plugins\org.eclipse.m2e.maven.runtime_3.9.700.20240602-2313\jars\maven-settings-builder-3.9.7.jar
2026-04-02 14:44:41,851 [Worker-173: Launching Executing clean in C__Users_safecnc_Desktop_거지들의 지갑_거지들의 지갑_거지들의 지갑_workspace_poormoney] INFO  o.eclipse.m2e.core.internal.Bundles - 	Entry: C:\devWork\3.eclipse\eGovFrameDev-4.3.1-64bit\STS\sts-4.23.1.RELEASE\plugins\org.eclipse.m2e.maven.runtime_3.9.700.20240602-2313\jars\maven-shared-utils-3.4.2.jar
2026-04-02 14:44:41,851 [Worker-173: Launching Executing clean in C__Users_safecnc_Desktop_거지들의 지갑_거지들의 지갑_거지들의 지갑_workspace_poormoney] INFO  o.eclipse.m2e.core.internal.Bundles - 	Entry: C:\devWork\3.eclipse\eGovFrameDev-4.3.1-64bit\STS\sts-4.23.1.RELEASE\plugins\org.eclipse.m2e.maven.runtime_3.9.700.20240602-2313\jars\org.eclipse.sisu.inject-0.9.0.M2.jar
2026-04-02 14:44:41,851 [Worker-173: Launching Executing clean in C__Users_safecnc_Desktop_거지들의 지갑_거지들의 지갑_거지들의 지갑_workspace_poormoney] INFO  o.eclipse.m2e.core.internal.Bundles - 	Entry: C:\devWork\3.eclipse\eGovFrameDev-4.3.1-64bit\STS\sts-4.23.1.RELEASE\plugins\org.eclipse.m2e.maven.runtime_3.9.700.20240602-2313\jars\org.eclipse.sisu.plexus-0.9.0.M2.jar
2026-04-02 14:44:41,852 [Worker-173: Launching Executing clean in C__Users_safecnc_Desktop_거지들의 지갑_거지들의 지갑_거지들의 지갑_workspace_poormoney] INFO  o.eclipse.m2e.core.internal.Bundles - 	Entry: C:\devWork\3.eclipse\eGovFrameDev-4.3.1-64bit\STS\sts-4.23.1.RELEASE\plugins\org.eclipse.m2e.maven.runtime_3.9.700.20240602-2313\jars\plexus-build-api-0.0.7.jar
2026-04-02 14:44:41,852 [Worker-173: Launching Executing clean in C__Users_safecnc_Desktop_거지들의 지갑_거지들의 지갑_거지들의 지갑_workspace_poormoney] INFO  o.eclipse.m2e.core.internal.Bundles - 	Entry: C:\devWork\3.eclipse\eGovFrameDev-4.3.1-64bit\STS\sts-4.23.1.RELEASE\plugins\org.eclipse.m2e.maven.runtime_3.9.700.20240602-2313\jars\plexus-build-api-1.2.0.jar
2026-04-02 14:44:41,852 [Worker-173: Launching Executing clean in C__Users_safecnc_Desktop_거지들의 지갑_거지들의 지갑_거지들의 지갑_workspace_poormoney] INFO  o.eclipse.m2e.core.internal.Bundles - 	Entry: C:\devWork\3.eclipse\eGovFrameDev-4.3.1-64bit\STS\sts-4.23.1.RELEASE\plugins\org.eclipse.m2e.maven.runtime_3.9.700.20240602-2313\jars\plexus-cipher-2.0.jar
2026-04-02 14:44:41,852 [Worker-173: Launching Executing clean in C__Users_safecnc_Desktop_거지들의 지갑_거지들의 지갑_거지들의 지갑_workspace_poormoney] INFO  o.eclipse.m2e.core.internal.Bundles - 	Entry: C:\devWork\3.eclipse\eGovFrameDev-4.3.1-64bit\STS\sts-4.23.1.RELEASE\plugins\org.eclipse.m2e.maven.runtime_3.9.700.20240602-2313\jars\plexus-classworlds-2.8.0.jar
2026-04-02 14:44:41,852 [Worker-173: Launching Executing clean in C__Users_safecnc_Desktop_거지들의 지갑_거지들의 지갑_거지들의 지갑_workspace_poormoney] INFO  o.eclipse.m2e.core.internal.Bundles - 	Entry: C:\devWork\3.eclipse\eGovFrameDev-4.3.1-64bit\STS\sts-4.23.1.RELEASE\plugins\org.eclipse.m2e.maven.runtime_3.9.700.20240602-2313\jars\plexus-component-annotations-2.1.0.jar
2026-04-02 14:44:41,853 [Worker-173: Launching Executing clean in C__Users_safecnc_Desktop_거지들의 지갑_거지들의 지갑_거지들의 지갑_workspace_poormoney] INFO  o.eclipse.m2e.core.internal.Bundles - 	Entry: C:\devWork\3.eclipse\eGovFrameDev-4.3.1-64bit\STS\sts-4.23.1.RELEASE\plugins\org.eclipse.m2e.maven.runtime_3.9.700.20240602-2313\jars\plexus-interpolation-1.27.jar
2026-04-02 14:44:41,853 [Worker-173: Launching Executing clean in C__Users_safecnc_Desktop_거지들의 지갑_거지들의 지갑_거지들의 지갑_workspace_poormoney] INFO  o.eclipse.m2e.core.internal.Bundles - 	Entry: C:\devWork\3.eclipse\eGovFrameDev-4.3.1-64bit\STS\sts-4.23.1.RELEASE\plugins\org.eclipse.m2e.maven.runtime_3.9.700.20240602-2313\jars\plexus-sec-dispatcher-2.0.jar
2026-04-02 14:44:41,853 [Worker-173: Launching Executing clean in C__Users_safecnc_Desktop_거지들의 지갑_거지들의 지갑_거지들의 지갑_workspace_poormoney] INFO  o.eclipse.m2e.core.internal.Bundles - 	Entry: C:\devWork\3.eclipse\eGovFrameDev-4.3.1-64bit\STS\sts-4.23.1.RELEASE\plugins\org.eclipse.m2e.maven.runtime_3.9.700.20240602-2313\jars\plexus-utils-3.5.1.jar
2026-04-02 14:44:41,853 [Worker-173: Launching Executing clean in C__Users_safecnc_Desktop_거지들의 지갑_거지들의 지갑_거지들의 지갑_workspace_poormoney] INFO  o.eclipse.m2e.core.internal.Bundles - 	Entry: C:\devWork\3.eclipse\eGovFrameDev-4.3.1-64bit\STS\sts-4.23.1.RELEASE\plugins\org.eclipse.m2e.maven.runtime_3.9.700.20240602-2313\jars\wagon-file-3.5.3.jar
2026-04-02 14:44:41,853 [Worker-173: Launching Executing clean in C__Users_safecnc_Desktop_거지들의 지갑_거지들의 지갑_거지들의 지갑_workspace_poormoney] INFO  o.eclipse.m2e.core.internal.Bundles - 	Entry: C:\devWork\3.eclipse\eGovFrameDev-4.3.1-64bit\STS\sts-4.23.1.RELEASE\plugins\org.eclipse.m2e.maven.runtime_3.9.700.20240602-2313\jars\wagon-http-3.5.3.jar
2026-04-02 14:44:41,853 [Worker-173: Launching Executing clean in C__Users_safecnc_Desktop_거지들의 지갑_거지들의 지갑_거지들의 지갑_workspace_poormoney] INFO  o.eclipse.m2e.core.internal.Bundles - 	Entry: C:\devWork\3.eclipse\eGovFrameDev-4.3.1-64bit\STS\sts-4.23.1.RELEASE\plugins\org.eclipse.m2e.maven.runtime_3.9.700.20240602-2313\jars\wagon-http-shared-3.5.3.jar
2026-04-02 14:44:41,855 [Worker-173: Launching Executing clean in C__Users_safecnc_Desktop_거지들의 지갑_거지들의 지갑_거지들의 지갑_workspace_poormoney] INFO  o.eclipse.m2e.core.internal.Bundles - 	Entry: C:\devWork\3.eclipse\eGovFrameDev-4.3.1-64bit\STS\sts-4.23.1.RELEASE\plugins\org.eclipse.m2e.maven.runtime_3.9.700.20240602-2313\jars\wagon-provider-api-3.5.3.jar
2026-04-02 14:44:41,855 [Worker-173: Launching Executing clean in C__Users_safecnc_Desktop_거지들의 지갑_거지들의 지갑_거지들의 지갑_workspace_poormoney] INFO  o.eclipse.m2e.core.internal.Bundles - getClasspathEntries(Bundle=com.google.guava_33.2.0.jre [29])
2026-04-02 14:44:41,856 [Worker-173: Launching Executing clean in C__Users_safecnc_Desktop_거지들의 지갑_거지들의 지갑_거지들의 지갑_workspace_poormoney] INFO  o.eclipse.m2e.core.internal.Bundles - 	Entry: C:\devWork\3.eclipse\eGovFrameDev-4.3.1-64bit\STS\sts-4.23.1.RELEASE\plugins\com.google.guava_33.2.0.jre.jar
2026-04-02 14:44:41,856 [Worker-173: Launching Executing clean in C__Users_safecnc_Desktop_거지들의 지갑_거지들의 지갑_거지들의 지갑_workspace_poormoney] INFO  o.eclipse.m2e.core.internal.Bundles - getClasspathEntries(Bundle=slf4j.api_2.0.13 [592])
2026-04-02 14:44:41,856 [Worker-173: Launching Executing clean in C__Users_safecnc_Desktop_거지들의 지갑_거지들의 지갑_거지들의 지갑_workspace_poormoney] INFO  o.eclipse.m2e.core.internal.Bundles - 	Entry: C:\devWork\3.eclipse\eGovFrameDev-4.3.1-64bit\STS\sts-4.23.1.RELEASE\plugins\slf4j.api_2.0.13.jar
2026-04-02 14:44:41,856 [Worker-173: Launching Executing clean in C__Users_safecnc_Desktop_거지들의 지갑_거지들의 지갑_거지들의 지갑_workspace_poormoney] INFO  o.eclipse.m2e.core.internal.Bundles - getClasspathEntries(Bundle=jakarta.inject.jakarta.inject-api_1.0.5 [44])
2026-04-02 14:44:41,856 [Worker-173: Launching Executing clean in C__Users_safecnc_Desktop_거지들의 지갑_거지들의 지갑_거지들의 지갑_workspace_poormoney] INFO  o.eclipse.m2e.core.internal.Bundles - 	Entry: C:\devWork\3.eclipse\eGovFrameDev-4.3.1-64bit\STS\sts-4.23.1.RELEASE\plugins\jakarta.inject.jakarta.inject-api_1.0.5.jar
2026-04-02 14:44:41,857 [Worker-173: Launching Executing clean in C__Users_safecnc_Desktop_거지들의 지갑_거지들의 지갑_거지들의 지갑_workspace_poormoney] INFO  o.eclipse.m2e.core.internal.Bundles - getClasspathEntries(Bundle=javax.annotation_1.3.5.v20200909-1856 [53])
2026-04-02 14:44:41,857 [Worker-173: Launching Executing clean in C__Users_safecnc_Desktop_거지들의 지갑_거지들의 지갑_거지들의 지갑_workspace_poormoney] INFO  o.eclipse.m2e.core.internal.Bundles - 	Entry: C:\devWork\3.eclipse\eGovFrameDev-4.3.1-64bit\STS\sts-4.23.1.RELEASE\plugins\javax.annotation_1.3.5.v20200909-1856.jar
2026-04-02 14:44:41,857 [Worker-173: Launching Executing clean in C__Users_safecnc_Desktop_거지들의 지갑_거지들의 지갑_거지들의 지갑_workspace_poormoney] INFO  o.eclipse.m2e.core.internal.Bundles - getClasspathEntries(Bundle=org.apache.commons.cli_1.8.0 [76])
2026-04-02 14:44:41,858 [Worker-173: Launching Executing clean in C__Users_safecnc_Desktop_거지들의 지갑_거지들의 지갑_거지들의 지갑_workspace_poormoney] INFO  o.eclipse.m2e.core.internal.Bundles - 	Entry: C:\devWork\3.eclipse\eGovFrameDev-4.3.1-64bit\STS\sts-4.23.1.RELEASE\plugins\org.apache.commons.cli_1.8.0.jar
2026-04-02 14:44:41,858 [Worker-173: Launching Executing clean in C__Users_safecnc_Desktop_거지들의 지갑_거지들의 지갑_거지들의 지갑_workspace_poormoney] INFO  o.eclipse.m2e.core.internal.Bundles - getClasspathEntries(Bundle=org.apache.commons.commons-codec_1.16.0 [78])
2026-04-02 14:44:41,858 [Worker-173: Launching Executing clean in C__Users_safecnc_Desktop_거지들의 지갑_거지들의 지갑_거지들의 지갑_workspace_poormoney] INFO  o.eclipse.m2e.core.internal.Bundles - 	Entry: C:\devWork\3.eclipse\eGovFrameDev-4.3.1-64bit\STS\sts-4.23.1.RELEASE\plugins\org.apache.commons.commons-codec_1.16.0.jar
2026-04-02 14:44:41,858 [Worker-173: Launching Executing clean in C__Users_safecnc_Desktop_거지들의 지갑_거지들의 지갑_거지들의 지갑_workspace_poormoney] INFO  o.eclipse.m2e.core.internal.Bundles - getClasspathEntries(Bundle=org.apache.commons.lang3_3.14.0 [82])
2026-04-02 14:44:41,859 [Worker-173: Launching Executing clean in C__Users_safecnc_Desktop_거지들의 지갑_거지들의 지갑_거지들의 지갑_workspace_poormoney] INFO  o.eclipse.m2e.core.internal.Bundles - 	Entry: C:\devWork\3.eclipse\eGovFrameDev-4.3.1-64bit\STS\sts-4.23.1.RELEASE\plugins\org.apache.commons.lang3_3.14.0.jar
2026-04-02 14:44:41,859 [Worker-173: Launching Executing clean in C__Users_safecnc_Desktop_거지들의 지갑_거지들의 지갑_거지들의 지갑_workspace_poormoney] INFO  o.eclipse.m2e.core.internal.Bundles - getClasspathEntries(Bundle=com.google.guava.failureaccess_1.0.2 [30])
2026-04-02 14:44:41,859 [Worker-173: Launching Executing clean in C__Users_safecnc_Desktop_거지들의 지갑_거지들의 지갑_거지들의 지갑_workspace_poormoney] INFO  o.eclipse.m2e.core.internal.Bundles - 	Entry: C:\devWork\3.eclipse\eGovFrameDev-4.3.1-64bit\STS\sts-4.23.1.RELEASE\plugins\com.google.guava.failureaccess_1.0.2.jar
2026-04-02 14:44:41,862 [Worker-173: Launching Executing clean in C__Users_safecnc_Desktop_거지들의 지갑_거지들의 지갑_거지들의 지갑_workspace_poormoney] INFO  o.e.m.i.launch.MavenLaunchDelegate - Run build in "C:\Users\safecnc\Desktop\거지들의 지갑\거지들의 지갑\거지들의 지갑\workspace\poormoney":
2026-04-02 14:44:41,862 [Worker-173: Launching Executing clean in C__Users_safecnc_Desktop_거지들의 지갑_거지들의 지갑_거지들의 지갑_workspace_poormoney] INFO  o.e.m.i.launch.MavenLaunchDelegate -  mvn  -B -Dstyle.color=always clean
2026-04-02 14:44:44,376 [Worker-172: Building] INFO  o.a.m.s.f.DefaultMavenResourcesFiltering - Copying 2 resources from src\main\resources to target\classes
2026-04-02 14:44:44,380 [Worker-172: Building] INFO  o.a.m.s.f.DefaultMavenResourcesFiltering - Copying 1 resource from src\main\resources to target\classes
2026-04-02 14:44:44,383 [Worker-172: Building] INFO  o.a.m.s.f.DefaultMavenResourcesFiltering - Copying 0 resource from src\test\resources to target\test-classes
2026-04-02 14:44:53,551 [Worker-176: Updating Maven Project] INFO  o.e.m.c.i.p.ProjectConfigurationManager - Update started
2026-04-02 14:44:53,968 [Worker-176: Updating Maven Project] INFO  o.e.m.c.i.l.LifecycleMappingFactory - Using org.eclipse.m2e.jdt.JarLifecycleMapping lifecycle mapping for MavenProject: poormoney:poormoney:0.0.1-SNAPSHOT @ C:\Users\safecnc\Desktop\거지들의 지갑\거지들의 지갑\거지들의 지갑\workspace\poormoney\pom.xml.
2026-04-02 14:44:54,656 [Worker-176: Updating Maven Project] INFO  o.e.m.j.i.AbstractJavaProjectConfigurator - Adding source folder /poormoney/src/main/java
2026-04-02 14:44:54,657 [Worker-176: Updating Maven Project] INFO  o.e.m.j.i.AbstractJavaProjectConfigurator - Adding resource folder /poormoney/src/main/resources
2026-04-02 14:44:54,657 [Worker-176: Updating Maven Project] INFO  o.e.m.j.i.AbstractJavaProjectConfigurator - Adding resource folder /poormoney/src/main/resources
2026-04-02 14:44:54,658 [Worker-176: Updating Maven Project] INFO  o.e.m.j.i.AbstractJavaProjectConfigurator - Adding source folder /poormoney/src/test/java
2026-04-02 14:44:54,658 [Worker-176: Updating Maven Project] INFO  o.e.m.j.i.AbstractJavaProjectConfigurator - Adding resource folder /poormoney/src/test/resources
2026-04-02 14:44:55,014 [Worker-176: Updating Maven Project] INFO  o.e.m.c.i.p.ProjectConfigurationManager - Update completed for 1 poms: local refresh takes 0.00 sec, refresh facades takes 1.00 sec, update config takes 0.00 sec 
2026-04-02 14:44:55,475 [Worker-172: Building] INFO  o.a.m.s.f.DefaultMavenResourcesFiltering - Copying 2 resources from src\main\resources to target\classes
2026-04-02 14:44:55,490 [Worker-172: Building] INFO  o.a.m.s.f.DefaultMavenResourcesFiltering - Copying 1 resource from src\main\resources to target\classes
2026-04-02 14:44:55,495 [Worker-172: Building] INFO  o.a.m.s.f.DefaultMavenResourcesFiltering - Copying 0 resource from src\test\resources to target\test-classes
2026-04-02 14:51:13,669 [Worker-176: Building] INFO  o.a.m.s.f.DefaultMavenResourcesFiltering - Copying 2 resources from src\main\resources to target\classes
2026-04-02 14:51:13,681 [Worker-176: Building] INFO  o.a.m.s.f.DefaultMavenResourcesFiltering - Copying 1 resource from src\main\resources to target\classes
2026-04-02 14:51:13,684 [Worker-176: Building] INFO  o.a.m.s.f.DefaultMavenResourcesFiltering - Copying 0 resource from src\test\resources to target\test-classes
2026-04-02 14:51:16,467 [Worker-179: Launching Executing clean in C__Users_safecnc_Desktop_거지들의 지갑_거지들의 지갑_거지들의 지갑_workspace_poormoney] INFO  o.eclipse.m2e.core.internal.Bundles - getClasspathEntries(Bundle=org.eclipse.m2e.maven.runtime_3.9.700.20240602-2313 [359])
2026-04-02 14:51:16,467 [Worker-179: Launching Executing clean in C__Users_safecnc_Desktop_거지들의 지갑_거지들의 지갑_거지들의 지갑_workspace_poormoney] INFO  o.eclipse.m2e.core.internal.Bundles - 	Entry: C:\devWork\3.eclipse\eGovFrameDev-4.3.1-64bit\STS\sts-4.23.1.RELEASE\plugins\org.eclipse.m2e.maven.runtime_3.9.700.20240602-2313
2026-04-02 14:51:16,468 [Worker-179: Launching Executing clean in C__Users_safecnc_Desktop_거지들의 지갑_거지들의 지갑_거지들의 지갑_workspace_poormoney] INFO  o.eclipse.m2e.core.internal.Bundles - 	Entry: C:\devWork\3.eclipse\eGovFrameDev-4.3.1-64bit\STS\sts-4.23.1.RELEASE\plugins\org.eclipse.m2e.maven.runtime_3.9.700.20240602-2313\jars\aopalliance-1.0.jar
2026-04-02 14:51:16,468 [Worker-179: Launching Executing clean in C__Users_safecnc_Desktop_거지들의 지갑_거지들의 지갑_거지들의 지갑_workspace_poormoney] INFO  o.eclipse.m2e.core.internal.Bundles - 	Entry: C:\devWork\3.eclipse\eGovFrameDev-4.3.1-64bit\STS\sts-4.23.1.RELEASE\plugins\org.eclipse.m2e.maven.runtime_3.9.700.20240602-2313\jars\guice-5.1.0.jar
2026-04-02 14:51:16,468 [Worker-179: Launching Executing clean in C__Users_safecnc_Desktop_거지들의 지갑_거지들의 지갑_거지들의 지갑_workspace_poormoney] INFO  o.eclipse.m2e.core.internal.Bundles - 	Entry: C:\devWork\3.eclipse\eGovFrameDev-4.3.1-64bit\STS\sts-4.23.1.RELEASE\plugins\org.eclipse.m2e.maven.runtime_3.9.700.20240602-2313\jars\httpclient-4.5.14.jar
2026-04-02 14:51:16,468 [Worker-179: Launching Executing clean in C__Users_safecnc_Desktop_거지들의 지갑_거지들의 지갑_거지들의 지갑_workspace_poormoney] INFO  o.eclipse.m2e.core.internal.Bundles - 	Entry: C:\devWork\3.eclipse\eGovFrameDev-4.3.1-64bit\STS\sts-4.23.1.RELEASE\plugins\org.eclipse.m2e.maven.runtime_3.9.700.20240602-2313\jars\httpcore-4.4.16.jar
2026-04-02 14:51:16,468 [Worker-179: Launching Executing clean in C__Users_safecnc_Desktop_거지들의 지갑_거지들의 지갑_거지들의 지갑_workspace_poormoney] INFO  o.eclipse.m2e.core.internal.Bundles - 	Entry: C:\devWork\3.eclipse\eGovFrameDev-4.3.1-64bit\STS\sts-4.23.1.RELEASE\plugins\org.eclipse.m2e.maven.runtime_3.9.700.20240602-2313\jars\jansi-2.4.1.jar
2026-04-02 14:51:16,468 [Worker-179: Launching Executing clean in C__Users_safecnc_Desktop_거지들의 지갑_거지들의 지갑_거지들의 지갑_workspace_poormoney] INFO  o.eclipse.m2e.core.internal.Bundles - 	Entry: C:\devWork\3.eclipse\eGovFrameDev-4.3.1-64bit\STS\sts-4.23.1.RELEASE\plugins\org.eclipse.m2e.maven.runtime_3.9.700.20240602-2313\jars\jcl-over-slf4j-1.7.36.jar
2026-04-02 14:51:16,468 [Worker-179: Launching Executing clean in C__Users_safecnc_Desktop_거지들의 지갑_거지들의 지갑_거지들의 지갑_workspace_poormoney] INFO  o.eclipse.m2e.core.internal.Bundles - 	Entry: C:\devWork\3.eclipse\eGovFrameDev-4.3.1-64bit\STS\sts-4.23.1.RELEASE\plugins\org.eclipse.m2e.maven.runtime_3.9.700.20240602-2313\jars\maven-artifact-3.9.7.jar
2026-04-02 14:51:16,470 [Worker-179: Launching Executing clean in C__Users_safecnc_Desktop_거지들의 지갑_거지들의 지갑_거지들의 지갑_workspace_poormoney] INFO  o.eclipse.m2e.core.internal.Bundles - 	Entry: C:\devWork\3.eclipse\eGovFrameDev-4.3.1-64bit\STS\sts-4.23.1.RELEASE\plugins\org.eclipse.m2e.maven.runtime_3.9.700.20240602-2313\jars\maven-builder-support-3.9.7.jar
2026-04-02 14:51:16,470 [Worker-179: Launching Executing clean in C__Users_safecnc_Desktop_거지들의 지갑_거지들의 지갑_거지들의 지갑_workspace_poormoney] INFO  o.eclipse.m2e.core.internal.Bundles - 	Entry: C:\devWork\3.eclipse\eGovFrameDev-4.3.1-64bit\STS\sts-4.23.1.RELEASE\plugins\org.eclipse.m2e.maven.runtime_3.9.700.20240602-2313\jars\maven-compat-3.9.7.jar
2026-04-02 14:51:16,470 [Worker-179: Launching Executing clean in C__Users_safecnc_Desktop_거지들의 지갑_거지들의 지갑_거지들의 지갑_workspace_poormoney] INFO  o.eclipse.m2e.core.internal.Bundles - 	Entry: C:\devWork\3.eclipse\eGovFrameDev-4.3.1-64bit\STS\sts-4.23.1.RELEASE\plugins\org.eclipse.m2e.maven.runtime_3.9.700.20240602-2313\jars\maven-core-3.9.7.jar
2026-04-02 14:51:16,470 [Worker-179: Launching Executing clean in C__Users_safecnc_Desktop_거지들의 지갑_거지들의 지갑_거지들의 지갑_workspace_poormoney] INFO  o.eclipse.m2e.core.internal.Bundles - 	Entry: C:\devWork\3.eclipse\eGovFrameDev-4.3.1-64bit\STS\sts-4.23.1.RELEASE\plugins\org.eclipse.m2e.maven.runtime_3.9.700.20240602-2313\jars\maven-embedder-3.9.7.jar
2026-04-02 14:51:16,470 [Worker-179: Launching Executing clean in C__Users_safecnc_Desktop_거지들의 지갑_거지들의 지갑_거지들의 지갑_workspace_poormoney] INFO  o.eclipse.m2e.core.internal.Bundles - 	Entry: C:\devWork\3.eclipse\eGovFrameDev-4.3.1-64bit\STS\sts-4.23.1.RELEASE\plugins\org.eclipse.m2e.maven.runtime_3.9.700.20240602-2313\jars\maven-model-3.9.7.jar
2026-04-02 14:51:16,470 [Worker-179: Launching Executing clean in C__Users_safecnc_Desktop_거지들의 지갑_거지들의 지갑_거지들의 지갑_workspace_poormoney] INFO  o.eclipse.m2e.core.internal.Bundles - 	Entry: C:\devWork\3.eclipse\eGovFrameDev-4.3.1-64bit\STS\sts-4.23.1.RELEASE\plugins\org.eclipse.m2e.maven.runtime_3.9.700.20240602-2313\jars\maven-model-builder-3.9.7.jar
2026-04-02 14:51:16,471 [Worker-179: Launching Executing clean in C__Users_safecnc_Desktop_거지들의 지갑_거지들의 지갑_거지들의 지갑_workspace_poormoney] INFO  o.eclipse.m2e.core.internal.Bundles - 	Entry: C:\devWork\3.eclipse\eGovFrameDev-4.3.1-64bit\STS\sts-4.23.1.RELEASE\plugins\org.eclipse.m2e.maven.runtime_3.9.700.20240602-2313\jars\maven-plugin-api-3.9.7.jar
2026-04-02 14:51:16,471 [Worker-179: Launching Executing clean in C__Users_safecnc_Desktop_거지들의 지갑_거지들의 지갑_거지들의 지갑_workspace_poormoney] INFO  o.eclipse.m2e.core.internal.Bundles - 	Entry: C:\devWork\3.eclipse\eGovFrameDev-4.3.1-64bit\STS\sts-4.23.1.RELEASE\plugins\org.eclipse.m2e.maven.runtime_3.9.700.20240602-2313\jars\maven-repository-metadata-3.9.7.jar
2026-04-02 14:51:16,471 [Worker-179: Launching Executing clean in C__Users_safecnc_Desktop_거지들의 지갑_거지들의 지갑_거지들의 지갑_workspace_poormoney] INFO  o.eclipse.m2e.core.internal.Bundles - 	Entry: C:\devWork\3.eclipse\eGovFrameDev-4.3.1-64bit\STS\sts-4.23.1.RELEASE\plugins\org.eclipse.m2e.maven.runtime_3.9.700.20240602-2313\jars\maven-resolver-api-1.9.20.jar
2026-04-02 14:51:16,471 [Worker-179: Launching Executing clean in C__Users_safecnc_Desktop_거지들의 지갑_거지들의 지갑_거지들의 지갑_workspace_poormoney] INFO  o.eclipse.m2e.core.internal.Bundles - 	Entry: C:\devWork\3.eclipse\eGovFrameDev-4.3.1-64bit\STS\sts-4.23.1.RELEASE\plugins\org.eclipse.m2e.maven.runtime_3.9.700.20240602-2313\jars\maven-resolver-connector-basic-1.9.20.jar
2026-04-02 14:51:16,471 [Worker-179: Launching Executing clean in C__Users_safecnc_Desktop_거지들의 지갑_거지들의 지갑_거지들의 지갑_workspace_poormoney] INFO  o.eclipse.m2e.core.internal.Bundles - 	Entry: C:\devWork\3.eclipse\eGovFrameDev-4.3.1-64bit\STS\sts-4.23.1.RELEASE\plugins\org.eclipse.m2e.maven.runtime_3.9.700.20240602-2313\jars\maven-resolver-impl-1.9.20.jar
2026-04-02 14:51:16,471 [Worker-179: Launching Executing clean in C__Users_safecnc_Desktop_거지들의 지갑_거지들의 지갑_거지들의 지갑_workspace_poormoney] INFO  o.eclipse.m2e.core.internal.Bundles - 	Entry: C:\devWork\3.eclipse\eGovFrameDev-4.3.1-64bit\STS\sts-4.23.1.RELEASE\plugins\org.eclipse.m2e.maven.runtime_3.9.700.20240602-2313\jars\maven-resolver-named-locks-1.9.20.jar
2026-04-02 14:51:16,471 [Worker-179: Launching Executing clean in C__Users_safecnc_Desktop_거지들의 지갑_거지들의 지갑_거지들의 지갑_workspace_poormoney] INFO  o.eclipse.m2e.core.internal.Bundles - 	Entry: C:\devWork\3.eclipse\eGovFrameDev-4.3.1-64bit\STS\sts-4.23.1.RELEASE\plugins\org.eclipse.m2e.maven.runtime_3.9.700.20240602-2313\jars\maven-resolver-provider-3.9.7.jar
2026-04-02 14:51:16,472 [Worker-179: Launching Executing clean in C__Users_safecnc_Desktop_거지들의 지갑_거지들의 지갑_거지들의 지갑_workspace_poormoney] INFO  o.eclipse.m2e.core.internal.Bundles - 	Entry: C:\devWork\3.eclipse\eGovFrameDev-4.3.1-64bit\STS\sts-4.23.1.RELEASE\plugins\org.eclipse.m2e.maven.runtime_3.9.700.20240602-2313\jars\maven-resolver-spi-1.9.20.jar
2026-04-02 14:51:16,472 [Worker-179: Launching Executing clean in C__Users_safecnc_Desktop_거지들의 지갑_거지들의 지갑_거지들의 지갑_workspace_poormoney] INFO  o.eclipse.m2e.core.internal.Bundles - 	Entry: C:\devWork\3.eclipse\eGovFrameDev-4.3.1-64bit\STS\sts-4.23.1.RELEASE\plugins\org.eclipse.m2e.maven.runtime_3.9.700.20240602-2313\jars\maven-resolver-transport-file-1.9.20.jar
2026-04-02 14:51:16,472 [Worker-179: Launching Executing clean in C__Users_safecnc_Desktop_거지들의 지갑_거지들의 지갑_거지들의 지갑_workspace_poormoney] INFO  o.eclipse.m2e.core.internal.Bundles - 	Entry: C:\devWork\3.eclipse\eGovFrameDev-4.3.1-64bit\STS\sts-4.23.1.RELEASE\plugins\org.eclipse.m2e.maven.runtime_3.9.700.20240602-2313\jars\maven-resolver-transport-http-1.9.20.jar
2026-04-02 14:51:16,472 [Worker-179: Launching Executing clean in C__Users_safecnc_Desktop_거지들의 지갑_거지들의 지갑_거지들의 지갑_workspace_poormoney] INFO  o.eclipse.m2e.core.internal.Bundles - 	Entry: C:\devWork\3.eclipse\eGovFrameDev-4.3.1-64bit\STS\sts-4.23.1.RELEASE\plugins\org.eclipse.m2e.maven.runtime_3.9.700.20240602-2313\jars\maven-resolver-transport-wagon-1.9.20.jar
2026-04-02 14:51:16,472 [Worker-179: Launching Executing clean in C__Users_safecnc_Desktop_거지들의 지갑_거지들의 지갑_거지들의 지갑_workspace_poormoney] INFO  o.eclipse.m2e.core.internal.Bundles - 	Entry: C:\devWork\3.eclipse\eGovFrameDev-4.3.1-64bit\STS\sts-4.23.1.RELEASE\plugins\org.eclipse.m2e.maven.runtime_3.9.700.20240602-2313\jars\maven-resolver-util-1.9.20.jar
2026-04-02 14:51:16,472 [Worker-179: Launching Executing clean in C__Users_safecnc_Desktop_거지들의 지갑_거지들의 지갑_거지들의 지갑_workspace_poormoney] INFO  o.eclipse.m2e.core.internal.Bundles - 	Entry: C:\devWork\3.eclipse\eGovFrameDev-4.3.1-64bit\STS\sts-4.23.1.RELEASE\plugins\org.eclipse.m2e.maven.runtime_3.9.700.20240602-2313\jars\maven-settings-3.9.7.jar
2026-04-02 14:51:16,472 [Worker-179: Launching Executing clean in C__Users_safecnc_Desktop_거지들의 지갑_거지들의 지갑_거지들의 지갑_workspace_poormoney] INFO  o.eclipse.m2e.core.internal.Bundles - 	Entry: C:\devWork\3.eclipse\eGovFrameDev-4.3.1-64bit\STS\sts-4.23.1.RELEASE\plugins\org.eclipse.m2e.maven.runtime_3.9.700.20240602-2313\jars\maven-settings-builder-3.9.7.jar
2026-04-02 14:51:16,473 [Worker-179: Launching Executing clean in C__Users_safecnc_Desktop_거지들의 지갑_거지들의 지갑_거지들의 지갑_workspace_poormoney] INFO  o.eclipse.m2e.core.internal.Bundles - 	Entry: C:\devWork\3.eclipse\eGovFrameDev-4.3.1-64bit\STS\sts-4.23.1.RELEASE\plugins\org.eclipse.m2e.maven.runtime_3.9.700.20240602-2313\jars\maven-shared-utils-3.4.2.jar
2026-04-02 14:51:16,473 [Worker-179: Launching Executing clean in C__Users_safecnc_Desktop_거지들의 지갑_거지들의 지갑_거지들의 지갑_workspace_poormoney] INFO  o.eclipse.m2e.core.internal.Bundles - 	Entry: C:\devWork\3.eclipse\eGovFrameDev-4.3.1-64bit\STS\sts-4.23.1.RELEASE\plugins\org.eclipse.m2e.maven.runtime_3.9.700.20240602-2313\jars\org.eclipse.sisu.inject-0.9.0.M2.jar
2026-04-02 14:51:16,473 [Worker-179: Launching Executing clean in C__Users_safecnc_Desktop_거지들의 지갑_거지들의 지갑_거지들의 지갑_workspace_poormoney] INFO  o.eclipse.m2e.core.internal.Bundles - 	Entry: C:\devWork\3.eclipse\eGovFrameDev-4.3.1-64bit\STS\sts-4.23.1.RELEASE\plugins\org.eclipse.m2e.maven.runtime_3.9.700.20240602-2313\jars\org.eclipse.sisu.plexus-0.9.0.M2.jar
2026-04-02 14:51:16,473 [Worker-179: Launching Executing clean in C__Users_safecnc_Desktop_거지들의 지갑_거지들의 지갑_거지들의 지갑_workspace_poormoney] INFO  o.eclipse.m2e.core.internal.Bundles - 	Entry: C:\devWork\3.eclipse\eGovFrameDev-4.3.1-64bit\STS\sts-4.23.1.RELEASE\plugins\org.eclipse.m2e.maven.runtime_3.9.700.20240602-2313\jars\plexus-build-api-0.0.7.jar
2026-04-02 14:51:16,473 [Worker-179: Launching Executing clean in C__Users_safecnc_Desktop_거지들의 지갑_거지들의 지갑_거지들의 지갑_workspace_poormoney] INFO  o.eclipse.m2e.core.internal.Bundles - 	Entry: C:\devWork\3.eclipse\eGovFrameDev-4.3.1-64bit\STS\sts-4.23.1.RELEASE\plugins\org.eclipse.m2e.maven.runtime_3.9.700.20240602-2313\jars\plexus-build-api-1.2.0.jar
2026-04-02 14:51:16,473 [Worker-179: Launching Executing clean in C__Users_safecnc_Desktop_거지들의 지갑_거지들의 지갑_거지들의 지갑_workspace_poormoney] INFO  o.eclipse.m2e.core.internal.Bundles - 	Entry: C:\devWork\3.eclipse\eGovFrameDev-4.3.1-64bit\STS\sts-4.23.1.RELEASE\plugins\org.eclipse.m2e.maven.runtime_3.9.700.20240602-2313\jars\plexus-cipher-2.0.jar
2026-04-02 14:51:16,473 [Worker-179: Launching Executing clean in C__Users_safecnc_Desktop_거지들의 지갑_거지들의 지갑_거지들의 지갑_workspace_poormoney] INFO  o.eclipse.m2e.core.internal.Bundles - 	Entry: C:\devWork\3.eclipse\eGovFrameDev-4.3.1-64bit\STS\sts-4.23.1.RELEASE\plugins\org.eclipse.m2e.maven.runtime_3.9.700.20240602-2313\jars\plexus-classworlds-2.8.0.jar
2026-04-02 14:51:16,474 [Worker-179: Launching Executing clean in C__Users_safecnc_Desktop_거지들의 지갑_거지들의 지갑_거지들의 지갑_workspace_poormoney] INFO  o.eclipse.m2e.core.internal.Bundles - 	Entry: C:\devWork\3.eclipse\eGovFrameDev-4.3.1-64bit\STS\sts-4.23.1.RELEASE\plugins\org.eclipse.m2e.maven.runtime_3.9.700.20240602-2313\jars\plexus-component-annotations-2.1.0.jar
2026-04-02 14:51:16,474 [Worker-179: Launching Executing clean in C__Users_safecnc_Desktop_거지들의 지갑_거지들의 지갑_거지들의 지갑_workspace_poormoney] INFO  o.eclipse.m2e.core.internal.Bundles - 	Entry: C:\devWork\3.eclipse\eGovFrameDev-4.3.1-64bit\STS\sts-4.23.1.RELEASE\plugins\org.eclipse.m2e.maven.runtime_3.9.700.20240602-2313\jars\plexus-interpolation-1.27.jar
2026-04-02 14:51:16,474 [Worker-179: Launching Executing clean in C__Users_safecnc_Desktop_거지들의 지갑_거지들의 지갑_거지들의 지갑_workspace_poormoney] INFO  o.eclipse.m2e.core.internal.Bundles - 	Entry: C:\devWork\3.eclipse\eGovFrameDev-4.3.1-64bit\STS\sts-4.23.1.RELEASE\plugins\org.eclipse.m2e.maven.runtime_3.9.700.20240602-2313\jars\plexus-sec-dispatcher-2.0.jar
2026-04-02 14:51:16,474 [Worker-179: Launching Executing clean in C__Users_safecnc_Desktop_거지들의 지갑_거지들의 지갑_거지들의 지갑_workspace_poormoney] INFO  o.eclipse.m2e.core.internal.Bundles - 	Entry: C:\devWork\3.eclipse\eGovFrameDev-4.3.1-64bit\STS\sts-4.23.1.RELEASE\plugins\org.eclipse.m2e.maven.runtime_3.9.700.20240602-2313\jars\plexus-utils-3.5.1.jar
2026-04-02 14:51:16,474 [Worker-179: Launching Executing clean in C__Users_safecnc_Desktop_거지들의 지갑_거지들의 지갑_거지들의 지갑_workspace_poormoney] INFO  o.eclipse.m2e.core.internal.Bundles - 	Entry: C:\devWork\3.eclipse\eGovFrameDev-4.3.1-64bit\STS\sts-4.23.1.RELEASE\plugins\org.eclipse.m2e.maven.runtime_3.9.700.20240602-2313\jars\wagon-file-3.5.3.jar
2026-04-02 14:51:16,474 [Worker-179: Launching Executing clean in C__Users_safecnc_Desktop_거지들의 지갑_거지들의 지갑_거지들의 지갑_workspace_poormoney] INFO  o.eclipse.m2e.core.internal.Bundles - 	Entry: C:\devWork\3.eclipse\eGovFrameDev-4.3.1-64bit\STS\sts-4.23.1.RELEASE\plugins\org.eclipse.m2e.maven.runtime_3.9.700.20240602-2313\jars\wagon-http-3.5.3.jar
2026-04-02 14:51:16,475 [Worker-179: Launching Executing clean in C__Users_safecnc_Desktop_거지들의 지갑_거지들의 지갑_거지들의 지갑_workspace_poormoney] INFO  o.eclipse.m2e.core.internal.Bundles - 	Entry: C:\devWork\3.eclipse\eGovFrameDev-4.3.1-64bit\STS\sts-4.23.1.RELEASE\plugins\org.eclipse.m2e.maven.runtime_3.9.700.20240602-2313\jars\wagon-http-shared-3.5.3.jar
2026-04-02 14:51:16,475 [Worker-179: Launching Executing clean in C__Users_safecnc_Desktop_거지들의 지갑_거지들의 지갑_거지들의 지갑_workspace_poormoney] INFO  o.eclipse.m2e.core.internal.Bundles - 	Entry: C:\devWork\3.eclipse\eGovFrameDev-4.3.1-64bit\STS\sts-4.23.1.RELEASE\plugins\org.eclipse.m2e.maven.runtime_3.9.700.20240602-2313\jars\wagon-provider-api-3.5.3.jar
2026-04-02 14:51:16,475 [Worker-179: Launching Executing clean in C__Users_safecnc_Desktop_거지들의 지갑_거지들의 지갑_거지들의 지갑_workspace_poormoney] INFO  o.eclipse.m2e.core.internal.Bundles - getClasspathEntries(Bundle=com.google.guava_33.2.0.jre [29])
2026-04-02 14:51:16,476 [Worker-179: Launching Executing clean in C__Users_safecnc_Desktop_거지들의 지갑_거지들의 지갑_거지들의 지갑_workspace_poormoney] INFO  o.eclipse.m2e.core.internal.Bundles - 	Entry: C:\devWork\3.eclipse\eGovFrameDev-4.3.1-64bit\STS\sts-4.23.1.RELEASE\plugins\com.google.guava_33.2.0.jre.jar
2026-04-02 14:51:16,476 [Worker-179: Launching Executing clean in C__Users_safecnc_Desktop_거지들의 지갑_거지들의 지갑_거지들의 지갑_workspace_poormoney] INFO  o.eclipse.m2e.core.internal.Bundles - getClasspathEntries(Bundle=slf4j.api_2.0.13 [592])
2026-04-02 14:51:16,476 [Worker-179: Launching Executing clean in C__Users_safecnc_Desktop_거지들의 지갑_거지들의 지갑_거지들의 지갑_workspace_poormoney] INFO  o.eclipse.m2e.core.internal.Bundles - 	Entry: C:\devWork\3.eclipse\eGovFrameDev-4.3.1-64bit\STS\sts-4.23.1.RELEASE\plugins\slf4j.api_2.0.13.jar
2026-04-02 14:51:16,476 [Worker-179: Launching Executing clean in C__Users_safecnc_Desktop_거지들의 지갑_거지들의 지갑_거지들의 지갑_workspace_poormoney] INFO  o.eclipse.m2e.core.internal.Bundles - getClasspathEntries(Bundle=jakarta.inject.jakarta.inject-api_1.0.5 [44])
2026-04-02 14:51:16,476 [Worker-179: Launching Executing clean in C__Users_safecnc_Desktop_거지들의 지갑_거지들의 지갑_거지들의 지갑_workspace_poormoney] INFO  o.eclipse.m2e.core.internal.Bundles - 	Entry: C:\devWork\3.eclipse\eGovFrameDev-4.3.1-64bit\STS\sts-4.23.1.RELEASE\plugins\jakarta.inject.jakarta.inject-api_1.0.5.jar
2026-04-02 14:51:16,476 [Worker-179: Launching Executing clean in C__Users_safecnc_Desktop_거지들의 지갑_거지들의 지갑_거지들의 지갑_workspace_poormoney] INFO  o.eclipse.m2e.core.internal.Bundles - getClasspathEntries(Bundle=javax.annotation_1.3.5.v20200909-1856 [53])
2026-04-02 14:51:16,477 [Worker-179: Launching Executing clean in C__Users_safecnc_Desktop_거지들의 지갑_거지들의 지갑_거지들의 지갑_workspace_poormoney] INFO  o.eclipse.m2e.core.internal.Bundles - 	Entry: C:\devWork\3.eclipse\eGovFrameDev-4.3.1-64bit\STS\sts-4.23.1.RELEASE\plugins\javax.annotation_1.3.5.v20200909-1856.jar
2026-04-02 14:51:16,477 [Worker-179: Launching Executing clean in C__Users_safecnc_Desktop_거지들의 지갑_거지들의 지갑_거지들의 지갑_workspace_poormoney] INFO  o.eclipse.m2e.core.internal.Bundles - getClasspathEntries(Bundle=org.apache.commons.cli_1.8.0 [76])
2026-04-02 14:51:16,477 [Worker-179: Launching Executing clean in C__Users_safecnc_Desktop_거지들의 지갑_거지들의 지갑_거지들의 지갑_workspace_poormoney] INFO  o.eclipse.m2e.core.internal.Bundles - 	Entry: C:\devWork\3.eclipse\eGovFrameDev-4.3.1-64bit\STS\sts-4.23.1.RELEASE\plugins\org.apache.commons.cli_1.8.0.jar
2026-04-02 14:51:16,477 [Worker-179: Launching Executing clean in C__Users_safecnc_Desktop_거지들의 지갑_거지들의 지갑_거지들의 지갑_workspace_poormoney] INFO  o.eclipse.m2e.core.internal.Bundles - getClasspathEntries(Bundle=org.apache.commons.commons-codec_1.16.0 [78])
2026-04-02 14:51:16,477 [Worker-179: Launching Executing clean in C__Users_safecnc_Desktop_거지들의 지갑_거지들의 지갑_거지들의 지갑_workspace_poormoney] INFO  o.eclipse.m2e.core.internal.Bundles - 	Entry: C:\devWork\3.eclipse\eGovFrameDev-4.3.1-64bit\STS\sts-4.23.1.RELEASE\plugins\org.apache.commons.commons-codec_1.16.0.jar
2026-04-02 14:51:16,478 [Worker-179: Launching Executing clean in C__Users_safecnc_Desktop_거지들의 지갑_거지들의 지갑_거지들의 지갑_workspace_poormoney] INFO  o.eclipse.m2e.core.internal.Bundles - getClasspathEntries(Bundle=org.apache.commons.lang3_3.14.0 [82])
2026-04-02 14:51:16,478 [Worker-179: Launching Executing clean in C__Users_safecnc_Desktop_거지들의 지갑_거지들의 지갑_거지들의 지갑_workspace_poormoney] INFO  o.eclipse.m2e.core.internal.Bundles - 	Entry: C:\devWork\3.eclipse\eGovFrameDev-4.3.1-64bit\STS\sts-4.23.1.RELEASE\plugins\org.apache.commons.lang3_3.14.0.jar
2026-04-02 14:51:16,478 [Worker-179: Launching Executing clean in C__Users_safecnc_Desktop_거지들의 지갑_거지들의 지갑_거지들의 지갑_workspace_poormoney] INFO  o.eclipse.m2e.core.internal.Bundles - getClasspathEntries(Bundle=com.google.guava.failureaccess_1.0.2 [30])
2026-04-02 14:51:16,478 [Worker-179: Launching Executing clean in C__Users_safecnc_Desktop_거지들의 지갑_거지들의 지갑_거지들의 지갑_workspace_poormoney] INFO  o.eclipse.m2e.core.internal.Bundles - 	Entry: C:\devWork\3.eclipse\eGovFrameDev-4.3.1-64bit\STS\sts-4.23.1.RELEASE\plugins\com.google.guava.failureaccess_1.0.2.jar
2026-04-02 14:51:16,480 [Worker-179: Launching Executing clean in C__Users_safecnc_Desktop_거지들의 지갑_거지들의 지갑_거지들의 지갑_workspace_poormoney] INFO  o.e.m.i.launch.MavenLaunchDelegate - Run build in "C:\Users\safecnc\Desktop\거지들의 지갑\거지들의 지갑\거지들의 지갑\workspace\poormoney":
2026-04-02 14:51:16,480 [Worker-179: Launching Executing clean in C__Users_safecnc_Desktop_거지들의 지갑_거지들의 지갑_거지들의 지갑_workspace_poormoney] INFO  o.e.m.i.launch.MavenLaunchDelegate -  mvn  -B -Dstyle.color=always clean
2026-04-02 14:51:18,684 [Worker-178: Building] INFO  o.a.m.s.f.DefaultMavenResourcesFiltering - Copying 2 resources from src\main\resources to target\classes
2026-04-02 14:51:18,687 [Worker-178: Building] INFO  o.a.m.s.f.DefaultMavenResourcesFiltering - Copying 1 resource from src\main\resources to target\classes
2026-04-02 14:51:18,691 [Worker-178: Building] INFO  o.a.m.s.f.DefaultMavenResourcesFiltering - Copying 0 resource from src\test\resources to target\test-classes
2026-04-02 14:51:26,908 [main] INFO  o.e.m2e.actions.ExecutePomAction - Creating new launch configuration
2026-04-02 14:51:41,062 [Worker-180: Launching poormoney (4)] INFO  o.eclipse.m2e.core.internal.Bundles - getClasspathEntries(Bundle=org.eclipse.m2e.maven.runtime_3.9.700.20240602-2313 [359])
2026-04-02 14:51:41,062 [Worker-180: Launching poormoney (4)] INFO  o.eclipse.m2e.core.internal.Bundles - 	Entry: C:\devWork\3.eclipse\eGovFrameDev-4.3.1-64bit\STS\sts-4.23.1.RELEASE\plugins\org.eclipse.m2e.maven.runtime_3.9.700.20240602-2313
2026-04-02 14:51:41,063 [Worker-180: Launching poormoney (4)] INFO  o.eclipse.m2e.core.internal.Bundles - 	Entry: C:\devWork\3.eclipse\eGovFrameDev-4.3.1-64bit\STS\sts-4.23.1.RELEASE\plugins\org.eclipse.m2e.maven.runtime_3.9.700.20240602-2313\jars\aopalliance-1.0.jar
2026-04-02 14:51:41,063 [Worker-180: Launching poormoney (4)] INFO  o.eclipse.m2e.core.internal.Bundles - 	Entry: C:\devWork\3.eclipse\eGovFrameDev-4.3.1-64bit\STS\sts-4.23.1.RELEASE\plugins\org.eclipse.m2e.maven.runtime_3.9.700.20240602-2313\jars\guice-5.1.0.jar
2026-04-02 14:51:41,063 [Worker-180: Launching poormoney (4)] INFO  o.eclipse.m2e.core.internal.Bundles - 	Entry: C:\devWork\3.eclipse\eGovFrameDev-4.3.1-64bit\STS\sts-4.23.1.RELEASE\plugins\org.eclipse.m2e.maven.runtime_3.9.700.20240602-2313\jars\httpclient-4.5.14.jar
2026-04-02 14:51:41,063 [Worker-180: Launching poormoney (4)] INFO  o.eclipse.m2e.core.internal.Bundles - 	Entry: C:\devWork\3.eclipse\eGovFrameDev-4.3.1-64bit\STS\sts-4.23.1.RELEASE\plugins\org.eclipse.m2e.maven.runtime_3.9.700.20240602-2313\jars\httpcore-4.4.16.jar
2026-04-02 14:51:41,064 [Worker-180: Launching poormoney (4)] INFO  o.eclipse.m2e.core.internal.Bundles - 	Entry: C:\devWork\3.eclipse\eGovFrameDev-4.3.1-64bit\STS\sts-4.23.1.RELEASE\plugins\org.eclipse.m2e.maven.runtime_3.9.700.20240602-2313\jars\jansi-2.4.1.jar
2026-04-02 14:51:41,064 [Worker-180: Launching poormoney (4)] INFO  o.eclipse.m2e.core.internal.Bundles - 	Entry: C:\devWork\3.eclipse\eGovFrameDev-4.3.1-64bit\STS\sts-4.23.1.RELEASE\plugins\org.eclipse.m2e.maven.runtime_3.9.700.20240602-2313\jars\jcl-over-slf4j-1.7.36.jar
2026-04-02 14:51:41,064 [Worker-180: Launching poormoney (4)] INFO  o.eclipse.m2e.core.internal.Bundles - 	Entry: C:\devWork\3.eclipse\eGovFrameDev-4.3.1-64bit\STS\sts-4.23.1.RELEASE\plugins\org.eclipse.m2e.maven.runtime_3.9.700.20240602-2313\jars\maven-artifact-3.9.7.jar
2026-04-02 14:51:41,064 [Worker-180: Launching poormoney (4)] INFO  o.eclipse.m2e.core.internal.Bundles - 	Entry: C:\devWork\3.eclipse\eGovFrameDev-4.3.1-64bit\STS\sts-4.23.1.RELEASE\plugins\org.eclipse.m2e.maven.runtime_3.9.700.20240602-2313\jars\maven-builder-support-3.9.7.jar
2026-04-02 14:51:41,064 [Worker-180: Launching poormoney (4)] INFO  o.eclipse.m2e.core.internal.Bundles - 	Entry: C:\devWork\3.eclipse\eGovFrameDev-4.3.1-64bit\STS\sts-4.23.1.RELEASE\plugins\org.eclipse.m2e.maven.runtime_3.9.700.20240602-2313\jars\maven-compat-3.9.7.jar
2026-04-02 14:51:41,064 [Worker-180: Launching poormoney (4)] INFO  o.eclipse.m2e.core.internal.Bundles - 	Entry: C:\devWork\3.eclipse\eGovFrameDev-4.3.1-64bit\STS\sts-4.23.1.RELEASE\plugins\org.eclipse.m2e.maven.runtime_3.9.700.20240602-2313\jars\maven-core-3.9.7.jar
2026-04-02 14:51:41,064 [Worker-180: Launching poormoney (4)] INFO  o.eclipse.m2e.core.internal.Bundles - 	Entry: C:\devWork\3.eclipse\eGovFrameDev-4.3.1-64bit\STS\sts-4.23.1.RELEASE\plugins\org.eclipse.m2e.maven.runtime_3.9.700.20240602-2313\jars\maven-embedder-3.9.7.jar
2026-04-02 14:51:41,065 [Worker-180: Launching poormoney (4)] INFO  o.eclipse.m2e.core.internal.Bundles - 	Entry: C:\devWork\3.eclipse\eGovFrameDev-4.3.1-64bit\STS\sts-4.23.1.RELEASE\plugins\org.eclipse.m2e.maven.runtime_3.9.700.20240602-2313\jars\maven-model-3.9.7.jar
2026-04-02 14:51:41,065 [Worker-180: Launching poormoney (4)] INFO  o.eclipse.m2e.core.internal.Bundles - 	Entry: C:\devWork\3.eclipse\eGovFrameDev-4.3.1-64bit\STS\sts-4.23.1.RELEASE\plugins\org.eclipse.m2e.maven.runtime_3.9.700.20240602-2313\jars\maven-model-builder-3.9.7.jar
2026-04-02 14:51:41,065 [Worker-180: Launching poormoney (4)] INFO  o.eclipse.m2e.core.internal.Bundles - 	Entry: C:\devWork\3.eclipse\eGovFrameDev-4.3.1-64bit\STS\sts-4.23.1.RELEASE\plugins\org.eclipse.m2e.maven.runtime_3.9.700.20240602-2313\jars\maven-plugin-api-3.9.7.jar
2026-04-02 14:51:41,065 [Worker-180: Launching poormoney (4)] INFO  o.eclipse.m2e.core.internal.Bundles - 	Entry: C:\devWork\3.eclipse\eGovFrameDev-4.3.1-64bit\STS\sts-4.23.1.RELEASE\plugins\org.eclipse.m2e.maven.runtime_3.9.700.20240602-2313\jars\maven-repository-metadata-3.9.7.jar
2026-04-02 14:51:41,065 [Worker-180: Launching poormoney (4)] INFO  o.eclipse.m2e.core.internal.Bundles - 	Entry: C:\devWork\3.eclipse\eGovFrameDev-4.3.1-64bit\STS\sts-4.23.1.RELEASE\plugins\org.eclipse.m2e.maven.runtime_3.9.700.20240602-2313\jars\maven-resolver-api-1.9.20.jar
2026-04-02 14:51:41,065 [Worker-180: Launching poormoney (4)] INFO  o.eclipse.m2e.core.internal.Bundles - 	Entry: C:\devWork\3.eclipse\eGovFrameDev-4.3.1-64bit\STS\sts-4.23.1.RELEASE\plugins\org.eclipse.m2e.maven.runtime_3.9.700.20240602-2313\jars\maven-resolver-connector-basic-1.9.20.jar
2026-04-02 14:51:41,065 [Worker-180: Launching poormoney (4)] INFO  o.eclipse.m2e.core.internal.Bundles - 	Entry: C:\devWork\3.eclipse\eGovFrameDev-4.3.1-64bit\STS\sts-4.23.1.RELEASE\plugins\org.eclipse.m2e.maven.runtime_3.9.700.20240602-2313\jars\maven-resolver-impl-1.9.20.jar
2026-04-02 14:51:41,066 [Worker-180: Launching poormoney (4)] INFO  o.eclipse.m2e.core.internal.Bundles - 	Entry: C:\devWork\3.eclipse\eGovFrameDev-4.3.1-64bit\STS\sts-4.23.1.RELEASE\plugins\org.eclipse.m2e.maven.runtime_3.9.700.20240602-2313\jars\maven-resolver-named-locks-1.9.20.jar
2026-04-02 14:51:41,066 [Worker-180: Launching poormoney (4)] INFO  o.eclipse.m2e.core.internal.Bundles - 	Entry: C:\devWork\3.eclipse\eGovFrameDev-4.3.1-64bit\STS\sts-4.23.1.RELEASE\plugins\org.eclipse.m2e.maven.runtime_3.9.700.20240602-2313\jars\maven-resolver-provider-3.9.7.jar
2026-04-02 14:51:41,066 [Worker-180: Launching poormoney (4)] INFO  o.eclipse.m2e.core.internal.Bundles - 	Entry: C:\devWork\3.eclipse\eGovFrameDev-4.3.1-64bit\STS\sts-4.23.1.RELEASE\plugins\org.eclipse.m2e.maven.runtime_3.9.700.20240602-2313\jars\maven-resolver-spi-1.9.20.jar
2026-04-02 14:51:41,066 [Worker-180: Launching poormoney (4)] INFO  o.eclipse.m2e.core.internal.Bundles - 	Entry: C:\devWork\3.eclipse\eGovFrameDev-4.3.1-64bit\STS\sts-4.23.1.RELEASE\plugins\org.eclipse.m2e.maven.runtime_3.9.700.20240602-2313\jars\maven-resolver-transport-file-1.9.20.jar
2026-04-02 14:51:41,066 [Worker-180: Launching poormoney (4)] INFO  o.eclipse.m2e.core.internal.Bundles - 	Entry: C:\devWork\3.eclipse\eGovFrameDev-4.3.1-64bit\STS\sts-4.23.1.RELEASE\plugins\org.eclipse.m2e.maven.runtime_3.9.700.20240602-2313\jars\maven-resolver-transport-http-1.9.20.jar
2026-04-02 14:51:41,066 [Worker-180: Launching poormoney (4)] INFO  o.eclipse.m2e.core.internal.Bundles - 	Entry: C:\devWork\3.eclipse\eGovFrameDev-4.3.1-64bit\STS\sts-4.23.1.RELEASE\plugins\org.eclipse.m2e.maven.runtime_3.9.700.20240602-2313\jars\maven-resolver-transport-wagon-1.9.20.jar
2026-04-02 14:51:41,066 [Worker-180: Launching poormoney (4)] INFO  o.eclipse.m2e.core.internal.Bundles - 	Entry: C:\devWork\3.eclipse\eGovFrameDev-4.3.1-64bit\STS\sts-4.23.1.RELEASE\plugins\org.eclipse.m2e.maven.runtime_3.9.700.20240602-2313\jars\maven-resolver-util-1.9.20.jar
2026-04-02 14:51:41,066 [Worker-180: Launching poormoney (4)] INFO  o.eclipse.m2e.core.internal.Bundles - 	Entry: C:\devWork\3.eclipse\eGovFrameDev-4.3.1-64bit\STS\sts-4.23.1.RELEASE\plugins\org.eclipse.m2e.maven.runtime_3.9.700.20240602-2313\jars\maven-settings-3.9.7.jar
2026-04-02 14:51:41,067 [Worker-180: Launching poormoney (4)] INFO  o.eclipse.m2e.core.internal.Bundles - 	Entry: C:\devWork\3.eclipse\eGovFrameDev-4.3.1-64bit\STS\sts-4.23.1.RELEASE\plugins\org.eclipse.m2e.maven.runtime_3.9.700.20240602-2313\jars\maven-settings-builder-3.9.7.jar
2026-04-02 14:51:41,067 [Worker-180: Launching poormoney (4)] INFO  o.eclipse.m2e.core.internal.Bundles - 	Entry: C:\devWork\3.eclipse\eGovFrameDev-4.3.1-64bit\STS\sts-4.23.1.RELEASE\plugins\org.eclipse.m2e.maven.runtime_3.9.700.20240602-2313\jars\maven-shared-utils-3.4.2.jar
2026-04-02 14:51:41,067 [Worker-180: Launching poormoney (4)] INFO  o.eclipse.m2e.core.internal.Bundles - 	Entry: C:\devWork\3.eclipse\eGovFrameDev-4.3.1-64bit\STS\sts-4.23.1.RELEASE\plugins\org.eclipse.m2e.maven.runtime_3.9.700.20240602-2313\jars\org.eclipse.sisu.inject-0.9.0.M2.jar
2026-04-02 14:51:41,067 [Worker-180: Launching poormoney (4)] INFO  o.eclipse.m2e.core.internal.Bundles - 	Entry: C:\devWork\3.eclipse\eGovFrameDev-4.3.1-64bit\STS\sts-4.23.1.RELEASE\plugins\org.eclipse.m2e.maven.runtime_3.9.700.20240602-2313\jars\org.eclipse.sisu.plexus-0.9.0.M2.jar
2026-04-02 14:51:41,067 [Worker-180: Launching poormoney (4)] INFO  o.eclipse.m2e.core.internal.Bundles - 	Entry: C:\devWork\3.eclipse\eGovFrameDev-4.3.1-64bit\STS\sts-4.23.1.RELEASE\plugins\org.eclipse.m2e.maven.runtime_3.9.700.20240602-2313\jars\plexus-build-api-0.0.7.jar
2026-04-02 14:51:41,067 [Worker-180: Launching poormoney (4)] INFO  o.eclipse.m2e.core.internal.Bundles - 	Entry: C:\devWork\3.eclipse\eGovFrameDev-4.3.1-64bit\STS\sts-4.23.1.RELEASE\plugins\org.eclipse.m2e.maven.runtime_3.9.700.20240602-2313\jars\plexus-build-api-1.2.0.jar
2026-04-02 14:51:41,067 [Worker-180: Launching poormoney (4)] INFO  o.eclipse.m2e.core.internal.Bundles - 	Entry: C:\devWork\3.eclipse\eGovFrameDev-4.3.1-64bit\STS\sts-4.23.1.RELEASE\plugins\org.eclipse.m2e.maven.runtime_3.9.700.20240602-2313\jars\plexus-cipher-2.0.jar
2026-04-02 14:51:41,067 [Worker-180: Launching poormoney (4)] INFO  o.eclipse.m2e.core.internal.Bundles - 	Entry: C:\devWork\3.eclipse\eGovFrameDev-4.3.1-64bit\STS\sts-4.23.1.RELEASE\plugins\org.eclipse.m2e.maven.runtime_3.9.700.20240602-2313\jars\plexus-classworlds-2.8.0.jar
2026-04-02 14:51:41,068 [Worker-180: Launching poormoney (4)] INFO  o.eclipse.m2e.core.internal.Bundles - 	Entry: C:\devWork\3.eclipse\eGovFrameDev-4.3.1-64bit\STS\sts-4.23.1.RELEASE\plugins\org.eclipse.m2e.maven.runtime_3.9.700.20240602-2313\jars\plexus-component-annotations-2.1.0.jar
2026-04-02 14:51:41,068 [Worker-180: Launching poormoney (4)] INFO  o.eclipse.m2e.core.internal.Bundles - 	Entry: C:\devWork\3.eclipse\eGovFrameDev-4.3.1-64bit\STS\sts-4.23.1.RELEASE\plugins\org.eclipse.m2e.maven.runtime_3.9.700.20240602-2313\jars\plexus-interpolation-1.27.jar
2026-04-02 14:51:41,068 [Worker-180: Launching poormoney (4)] INFO  o.eclipse.m2e.core.internal.Bundles - 	Entry: C:\devWork\3.eclipse\eGovFrameDev-4.3.1-64bit\STS\sts-4.23.1.RELEASE\plugins\org.eclipse.m2e.maven.runtime_3.9.700.20240602-2313\jars\plexus-sec-dispatcher-2.0.jar
2026-04-02 14:51:41,068 [Worker-180: Launching poormoney (4)] INFO  o.eclipse.m2e.core.internal.Bundles - 	Entry: C:\devWork\3.eclipse\eGovFrameDev-4.3.1-64bit\STS\sts-4.23.1.RELEASE\plugins\org.eclipse.m2e.maven.runtime_3.9.700.20240602-2313\jars\plexus-utils-3.5.1.jar
2026-04-02 14:51:41,068 [Worker-180: Launching poormoney (4)] INFO  o.eclipse.m2e.core.internal.Bundles - 	Entry: C:\devWork\3.eclipse\eGovFrameDev-4.3.1-64bit\STS\sts-4.23.1.RELEASE\plugins\org.eclipse.m2e.maven.runtime_3.9.700.20240602-2313\jars\wagon-file-3.5.3.jar
2026-04-02 14:51:41,068 [Worker-180: Launching poormoney (4)] INFO  o.eclipse.m2e.core.internal.Bundles - 	Entry: C:\devWork\3.eclipse\eGovFrameDev-4.3.1-64bit\STS\sts-4.23.1.RELEASE\plugins\org.eclipse.m2e.maven.runtime_3.9.700.20240602-2313\jars\wagon-http-3.5.3.jar
2026-04-02 14:51:41,068 [Worker-180: Launching poormoney (4)] INFO  o.eclipse.m2e.core.internal.Bundles - 	Entry: C:\devWork\3.eclipse\eGovFrameDev-4.3.1-64bit\STS\sts-4.23.1.RELEASE\plugins\org.eclipse.m2e.maven.runtime_3.9.700.20240602-2313\jars\wagon-http-shared-3.5.3.jar
2026-04-02 14:51:41,068 [Worker-180: Launching poormoney (4)] INFO  o.eclipse.m2e.core.internal.Bundles - 	Entry: C:\devWork\3.eclipse\eGovFrameDev-4.3.1-64bit\STS\sts-4.23.1.RELEASE\plugins\org.eclipse.m2e.maven.runtime_3.9.700.20240602-2313\jars\wagon-provider-api-3.5.3.jar
2026-04-02 14:51:41,069 [Worker-180: Launching poormoney (4)] INFO  o.eclipse.m2e.core.internal.Bundles - getClasspathEntries(Bundle=com.google.guava_33.2.0.jre [29])
2026-04-02 14:51:41,069 [Worker-180: Launching poormoney (4)] INFO  o.eclipse.m2e.core.internal.Bundles - 	Entry: C:\devWork\3.eclipse\eGovFrameDev-4.3.1-64bit\STS\sts-4.23.1.RELEASE\plugins\com.google.guava_33.2.0.jre.jar
2026-04-02 14:51:41,069 [Worker-180: Launching poormoney (4)] INFO  o.eclipse.m2e.core.internal.Bundles - getClasspathEntries(Bundle=slf4j.api_2.0.13 [592])
2026-04-02 14:51:41,070 [Worker-180: Launching poormoney (4)] INFO  o.eclipse.m2e.core.internal.Bundles - 	Entry: C:\devWork\3.eclipse\eGovFrameDev-4.3.1-64bit\STS\sts-4.23.1.RELEASE\plugins\slf4j.api_2.0.13.jar
2026-04-02 14:51:41,070 [Worker-180: Launching poormoney (4)] INFO  o.eclipse.m2e.core.internal.Bundles - getClasspathEntries(Bundle=jakarta.inject.jakarta.inject-api_1.0.5 [44])
2026-04-02 14:51:41,070 [Worker-180: Launching poormoney (4)] INFO  o.eclipse.m2e.core.internal.Bundles - 	Entry: C:\devWork\3.eclipse\eGovFrameDev-4.3.1-64bit\STS\sts-4.23.1.RELEASE\plugins\jakarta.inject.jakarta.inject-api_1.0.5.jar
2026-04-02 14:51:41,070 [Worker-180: Launching poormoney (4)] INFO  o.eclipse.m2e.core.internal.Bundles - getClasspathEntries(Bundle=javax.annotation_1.3.5.v20200909-1856 [53])
2026-04-02 14:51:41,070 [Worker-180: Launching poormoney (4)] INFO  o.eclipse.m2e.core.internal.Bundles - 	Entry: C:\devWork\3.eclipse\eGovFrameDev-4.3.1-64bit\STS\sts-4.23.1.RELEASE\plugins\javax.annotation_1.3.5.v20200909-1856.jar
2026-04-02 14:51:41,070 [Worker-180: Launching poormoney (4)] INFO  o.eclipse.m2e.core.internal.Bundles - getClasspathEntries(Bundle=org.apache.commons.cli_1.8.0 [76])
2026-04-02 14:51:41,071 [Worker-180: Launching poormoney (4)] INFO  o.eclipse.m2e.core.internal.Bundles - 	Entry: C:\devWork\3.eclipse\eGovFrameDev-4.3.1-64bit\STS\sts-4.23.1.RELEASE\plugins\org.apache.commons.cli_1.8.0.jar
2026-04-02 14:51:41,071 [Worker-180: Launching poormoney (4)] INFO  o.eclipse.m2e.core.internal.Bundles - getClasspathEntries(Bundle=org.apache.commons.commons-codec_1.16.0 [78])
2026-04-02 14:51:41,071 [Worker-180: Launching poormoney (4)] INFO  o.eclipse.m2e.core.internal.Bundles - 	Entry: C:\devWork\3.eclipse\eGovFrameDev-4.3.1-64bit\STS\sts-4.23.1.RELEASE\plugins\org.apache.commons.commons-codec_1.16.0.jar
2026-04-02 14:51:41,071 [Worker-180: Launching poormoney (4)] INFO  o.eclipse.m2e.core.internal.Bundles - getClasspathEntries(Bundle=org.apache.commons.lang3_3.14.0 [82])
2026-04-02 14:51:41,071 [Worker-180: Launching poormoney (4)] INFO  o.eclipse.m2e.core.internal.Bundles - 	Entry: C:\devWork\3.eclipse\eGovFrameDev-4.3.1-64bit\STS\sts-4.23.1.RELEASE\plugins\org.apache.commons.lang3_3.14.0.jar
2026-04-02 14:51:41,071 [Worker-180: Launching poormoney (4)] INFO  o.eclipse.m2e.core.internal.Bundles - getClasspathEntries(Bundle=com.google.guava.failureaccess_1.0.2 [30])
2026-04-02 14:51:41,072 [Worker-180: Launching poormoney (4)] INFO  o.eclipse.m2e.core.internal.Bundles - 	Entry: C:\devWork\3.eclipse\eGovFrameDev-4.3.1-64bit\STS\sts-4.23.1.RELEASE\plugins\com.google.guava.failureaccess_1.0.2.jar
2026-04-02 14:51:41,074 [Worker-180: Launching poormoney (4)] INFO  o.e.m.i.launch.MavenLaunchDelegate - Run build in "C:\Users\safecnc\Desktop\거지들의 지갑\거지들의 지갑\거지들의 지갑\workspace\poormoney":
2026-04-02 14:51:41,074 [Worker-180: Launching poormoney (4)] INFO  o.e.m.i.launch.MavenLaunchDelegate -  mvn  -B -Dstyle.color=always clean install
2026-04-02 14:53:12,352 [Worker-179: Building] INFO  o.a.m.s.f.DefaultMavenResourcesFiltering - Copying 2 resources from src\main\resources to target\classes
2026-04-02 14:53:12,362 [Worker-179: Building] INFO  o.a.m.s.f.DefaultMavenResourcesFiltering - Copying 1 resource from src\main\resources to target\classes
2026-04-02 14:53:12,364 [Worker-179: Building] INFO  o.a.m.s.f.DefaultMavenResourcesFiltering - Copying 0 resource from src\test\resources to target\test-classes
2026-04-02 14:53:49,010 [Worker-1: Loading available Gradle versions] INFO  o.e.b.c.i.u.g.PublishedGradleVersions - Gradle version information cache is out-of-date. Trying to update.
2026-04-02 14:57:40,295 [Worker-15: Building] INFO  o.e.m.c.i.l.LifecycleMappingFactory - Using org.eclipse.m2e.jdt.JarLifecycleMapping lifecycle mapping for MavenProject: poormoney:poormoney:0.0.1-SNAPSHOT @ C:\Users\safecnc\Desktop\거지들의 지갑\거지들의 지갑\거지들의 지갑\workspace\poormoney\pom.xml.
2026-04-02 14:57:41,081 [Worker-15: Building] INFO  o.a.m.s.f.DefaultMavenResourcesFiltering - Copying 2 resources from src\main\resources to target\classes
2026-04-02 14:57:41,096 [Worker-15: Building] INFO  o.a.m.s.f.DefaultMavenResourcesFiltering - Copying 1 resource from src\main\resources to target\classes
2026-04-02 14:57:41,100 [Worker-15: Building] INFO  o.a.m.s.f.DefaultMavenResourcesFiltering - Copying 0 resource from src\test\resources to target\test-classes
2026-04-02 14:57:43,856 [Worker-15: Building] INFO  o.a.m.s.f.DefaultMavenResourcesFiltering - Copying 2 resources from src\main\resources to target\classes
2026-04-02 14:57:43,870 [Worker-15: Building] INFO  o.a.m.s.f.DefaultMavenResourcesFiltering - Copying 1 resource from src\main\resources to target\classes
2026-04-02 14:57:43,879 [Worker-15: Building] INFO  o.a.m.s.f.DefaultMavenResourcesFiltering - Copying 0 resource from src\test\resources to target\test-classes
2026-04-02 15:01:00,781 [Worker-20: Building] INFO  o.e.m.c.i.l.LifecycleMappingFactory - Using org.eclipse.m2e.jdt.JarLifecycleMapping lifecycle mapping for MavenProject: poormoney:poormoney:0.0.1-SNAPSHOT @ C:\Users\safecnc\Desktop\거지들의 지갑\거지들의 지갑\거지들의 지갑\workspace\poormoney\pom.xml.
2026-04-02 15:01:01,731 [Worker-20: Building] INFO  o.a.m.s.f.DefaultMavenResourcesFiltering - Copying 1 resource from src\main\resources to target\classes
2026-04-02 15:01:01,747 [Worker-20: Building] INFO  o.a.m.s.f.DefaultMavenResourcesFiltering - Copying 1 resource from src\main\resources to target\classes
2026-04-02 15:01:01,756 [Worker-20: Building] INFO  o.a.m.s.f.DefaultMavenResourcesFiltering - Copying 0 resource from src\test\resources to target\test-classes
2026-04-02 15:01:19,339 [Worker-2: Loading available Gradle versions] INFO  o.e.b.c.i.u.g.PublishedGradleVersions - Gradle version information cache is up-to-date. Trying to read.
2026-04-02 15:01:37,187 [Worker-8: Building] INFO  o.a.m.s.f.DefaultMavenResourcesFiltering - Copying 2 resources from src\main\resources to target\classes
2026-04-02 15:01:37,201 [Worker-8: Building] INFO  o.a.m.s.f.DefaultMavenResourcesFiltering - Copying 1 resource from src\main\resources to target\classes
2026-04-02 15:01:37,208 [Worker-8: Building] INFO  o.a.m.s.f.DefaultMavenResourcesFiltering - Copying 0 resource from src\test\resources to target\test-classes
2026-04-02 15:28:33,234 [Worker-21: Building] INFO  o.a.m.s.f.DefaultMavenResourcesFiltering - Copying 2 resources from src\main\resources to target\classes
2026-04-02 15:28:33,249 [Worker-21: Building] INFO  o.a.m.s.f.DefaultMavenResourcesFiltering - Copying 1 resource from src\main\resources to target\classes
2026-04-02 15:28:33,257 [Worker-21: Building] INFO  o.a.m.s.f.DefaultMavenResourcesFiltering - Copying 0 resource from src\test\resources to target\test-classes
2026-04-02 15:39:57,848 [Worker-33: Building] INFO  o.a.m.s.f.DefaultMavenResourcesFiltering - Copying 2 resources from src\main\resources to target\classes
2026-04-02 15:39:57,860 [Worker-33: Building] INFO  o.a.m.s.f.DefaultMavenResourcesFiltering - Copying 1 resource from src\main\resources to target\classes
2026-04-02 15:39:57,865 [Worker-33: Building] INFO  o.a.m.s.f.DefaultMavenResourcesFiltering - Copying 0 resource from src\test\resources to target\test-classes
2026-04-02 15:43:30,201 [Worker-36: Building] INFO  o.a.m.s.f.DefaultMavenResourcesFiltering - Copying 2 resources from src\main\resources to target\classes
2026-04-02 15:43:30,208 [Worker-36: Building] INFO  o.a.m.s.f.DefaultMavenResourcesFiltering - Copying 1 resource from src\main\resources to target\classes
2026-04-02 15:43:30,212 [Worker-36: Building] INFO  o.a.m.s.f.DefaultMavenResourcesFiltering - Copying 0 resource from src\test\resources to target\test-classes
2026-04-02 16:08:57,750 [Worker-40: Building] INFO  o.a.m.s.f.DefaultMavenResourcesFiltering - Copying 2 resources from src\main\resources to target\classes
2026-04-02 16:08:57,762 [Worker-40: Building] INFO  o.a.m.s.f.DefaultMavenResourcesFiltering - Copying 1 resource from src\main\resources to target\classes
2026-04-02 16:08:57,770 [Worker-40: Building] INFO  o.a.m.s.f.DefaultMavenResourcesFiltering - Copying 0 resource from src\test\resources to target\test-classes
2026-04-02 16:09:09,048 [Worker-43: Launching Executing clean in C__Users_safecnc_Desktop_거지들의 지갑_거지들의 지갑_거지들의 지갑_workspace_poormoney] INFO  o.eclipse.m2e.core.internal.Bundles - getClasspathEntries(Bundle=org.eclipse.m2e.maven.runtime_3.9.700.20240602-2313 [359])
2026-04-02 16:09:09,051 [Worker-43: Launching Executing clean in C__Users_safecnc_Desktop_거지들의 지갑_거지들의 지갑_거지들의 지갑_workspace_poormoney] INFO  o.eclipse.m2e.core.internal.Bundles - 	Entry: C:\devWork\3.eclipse\eGovFrameDev-4.3.1-64bit\STS\sts-4.23.1.RELEASE\plugins\org.eclipse.m2e.maven.runtime_3.9.700.20240602-2313
2026-04-02 16:09:09,051 [Worker-43: Launching Executing clean in C__Users_safecnc_Desktop_거지들의 지갑_거지들의 지갑_거지들의 지갑_workspace_poormoney] INFO  o.eclipse.m2e.core.internal.Bundles - 	Entry: C:\devWork\3.eclipse\eGovFrameDev-4.3.1-64bit\STS\sts-4.23.1.RELEASE\plugins\org.eclipse.m2e.maven.runtime_3.9.700.20240602-2313\jars\aopalliance-1.0.jar
2026-04-02 16:09:09,051 [Worker-43: Launching Executing clean in C__Users_safecnc_Desktop_거지들의 지갑_거지들의 지갑_거지들의 지갑_workspace_poormoney] INFO  o.eclipse.m2e.core.internal.Bundles - 	Entry: C:\devWork\3.eclipse\eGovFrameDev-4.3.1-64bit\STS\sts-4.23.1.RELEASE\plugins\org.eclipse.m2e.maven.runtime_3.9.700.20240602-2313\jars\guice-5.1.0.jar
2026-04-02 16:09:09,052 [Worker-43: Launching Executing clean in C__Users_safecnc_Desktop_거지들의 지갑_거지들의 지갑_거지들의 지갑_workspace_poormoney] INFO  o.eclipse.m2e.core.internal.Bundles - 	Entry: C:\devWork\3.eclipse\eGovFrameDev-4.3.1-64bit\STS\sts-4.23.1.RELEASE\plugins\org.eclipse.m2e.maven.runtime_3.9.700.20240602-2313\jars\httpclient-4.5.14.jar
2026-04-02 16:09:09,052 [Worker-43: Launching Executing clean in C__Users_safecnc_Desktop_거지들의 지갑_거지들의 지갑_거지들의 지갑_workspace_poormoney] INFO  o.eclipse.m2e.core.internal.Bundles - 	Entry: C:\devWork\3.eclipse\eGovFrameDev-4.3.1-64bit\STS\sts-4.23.1.RELEASE\plugins\org.eclipse.m2e.maven.runtime_3.9.700.20240602-2313\jars\httpcore-4.4.16.jar
2026-04-02 16:09:09,052 [Worker-43: Launching Executing clean in C__Users_safecnc_Desktop_거지들의 지갑_거지들의 지갑_거지들의 지갑_workspace_poormoney] INFO  o.eclipse.m2e.core.internal.Bundles - 	Entry: C:\devWork\3.eclipse\eGovFrameDev-4.3.1-64bit\STS\sts-4.23.1.RELEASE\plugins\org.eclipse.m2e.maven.runtime_3.9.700.20240602-2313\jars\jansi-2.4.1.jar
2026-04-02 16:09:09,053 [Worker-43: Launching Executing clean in C__Users_safecnc_Desktop_거지들의 지갑_거지들의 지갑_거지들의 지갑_workspace_poormoney] INFO  o.eclipse.m2e.core.internal.Bundles - 	Entry: C:\devWork\3.eclipse\eGovFrameDev-4.3.1-64bit\STS\sts-4.23.1.RELEASE\plugins\org.eclipse.m2e.maven.runtime_3.9.700.20240602-2313\jars\jcl-over-slf4j-1.7.36.jar
2026-04-02 16:09:09,053 [Worker-43: Launching Executing clean in C__Users_safecnc_Desktop_거지들의 지갑_거지들의 지갑_거지들의 지갑_workspace_poormoney] INFO  o.eclipse.m2e.core.internal.Bundles - 	Entry: C:\devWork\3.eclipse\eGovFrameDev-4.3.1-64bit\STS\sts-4.23.1.RELEASE\plugins\org.eclipse.m2e.maven.runtime_3.9.700.20240602-2313\jars\maven-artifact-3.9.7.jar
2026-04-02 16:09:09,053 [Worker-43: Launching Executing clean in C__Users_safecnc_Desktop_거지들의 지갑_거지들의 지갑_거지들의 지갑_workspace_poormoney] INFO  o.eclipse.m2e.core.internal.Bundles - 	Entry: C:\devWork\3.eclipse\eGovFrameDev-4.3.1-64bit\STS\sts-4.23.1.RELEASE\plugins\org.eclipse.m2e.maven.runtime_3.9.700.20240602-2313\jars\maven-builder-support-3.9.7.jar
2026-04-02 16:09:09,053 [Worker-43: Launching Executing clean in C__Users_safecnc_Desktop_거지들의 지갑_거지들의 지갑_거지들의 지갑_workspace_poormoney] INFO  o.eclipse.m2e.core.internal.Bundles - 	Entry: C:\devWork\3.eclipse\eGovFrameDev-4.3.1-64bit\STS\sts-4.23.1.RELEASE\plugins\org.eclipse.m2e.maven.runtime_3.9.700.20240602-2313\jars\maven-compat-3.9.7.jar
2026-04-02 16:09:09,054 [Worker-43: Launching Executing clean in C__Users_safecnc_Desktop_거지들의 지갑_거지들의 지갑_거지들의 지갑_workspace_poormoney] INFO  o.eclipse.m2e.core.internal.Bundles - 	Entry: C:\devWork\3.eclipse\eGovFrameDev-4.3.1-64bit\STS\sts-4.23.1.RELEASE\plugins\org.eclipse.m2e.maven.runtime_3.9.700.20240602-2313\jars\maven-core-3.9.7.jar
2026-04-02 16:09:09,054 [Worker-43: Launching Executing clean in C__Users_safecnc_Desktop_거지들의 지갑_거지들의 지갑_거지들의 지갑_workspace_poormoney] INFO  o.eclipse.m2e.core.internal.Bundles - 	Entry: C:\devWork\3.eclipse\eGovFrameDev-4.3.1-64bit\STS\sts-4.23.1.RELEASE\plugins\org.eclipse.m2e.maven.runtime_3.9.700.20240602-2313\jars\maven-embedder-3.9.7.jar
2026-04-02 16:09:09,054 [Worker-43: Launching Executing clean in C__Users_safecnc_Desktop_거지들의 지갑_거지들의 지갑_거지들의 지갑_workspace_poormoney] INFO  o.eclipse.m2e.core.internal.Bundles - 	Entry: C:\devWork\3.eclipse\eGovFrameDev-4.3.1-64bit\STS\sts-4.23.1.RELEASE\plugins\org.eclipse.m2e.maven.runtime_3.9.700.20240602-2313\jars\maven-model-3.9.7.jar
2026-04-02 16:09:09,055 [Worker-43: Launching Executing clean in C__Users_safecnc_Desktop_거지들의 지갑_거지들의 지갑_거지들의 지갑_workspace_poormoney] INFO  o.eclipse.m2e.core.internal.Bundles - 	Entry: C:\devWork\3.eclipse\eGovFrameDev-4.3.1-64bit\STS\sts-4.23.1.RELEASE\plugins\org.eclipse.m2e.maven.runtime_3.9.700.20240602-2313\jars\maven-model-builder-3.9.7.jar
2026-04-02 16:09:09,055 [Worker-43: Launching Executing clean in C__Users_safecnc_Desktop_거지들의 지갑_거지들의 지갑_거지들의 지갑_workspace_poormoney] INFO  o.eclipse.m2e.core.internal.Bundles - 	Entry: C:\devWork\3.eclipse\eGovFrameDev-4.3.1-64bit\STS\sts-4.23.1.RELEASE\plugins\org.eclipse.m2e.maven.runtime_3.9.700.20240602-2313\jars\maven-plugin-api-3.9.7.jar
2026-04-02 16:09:09,056 [Worker-43: Launching Executing clean in C__Users_safecnc_Desktop_거지들의 지갑_거지들의 지갑_거지들의 지갑_workspace_poormoney] INFO  o.eclipse.m2e.core.internal.Bundles - 	Entry: C:\devWork\3.eclipse\eGovFrameDev-4.3.1-64bit\STS\sts-4.23.1.RELEASE\plugins\org.eclipse.m2e.maven.runtime_3.9.700.20240602-2313\jars\maven-repository-metadata-3.9.7.jar
2026-04-02 16:09:09,056 [Worker-43: Launching Executing clean in C__Users_safecnc_Desktop_거지들의 지갑_거지들의 지갑_거지들의 지갑_workspace_poormoney] INFO  o.eclipse.m2e.core.internal.Bundles - 	Entry: C:\devWork\3.eclipse\eGovFrameDev-4.3.1-64bit\STS\sts-4.23.1.RELEASE\plugins\org.eclipse.m2e.maven.runtime_3.9.700.20240602-2313\jars\maven-resolver-api-1.9.20.jar
2026-04-02 16:09:09,056 [Worker-43: Launching Executing clean in C__Users_safecnc_Desktop_거지들의 지갑_거지들의 지갑_거지들의 지갑_workspace_poormoney] INFO  o.eclipse.m2e.core.internal.Bundles - 	Entry: C:\devWork\3.eclipse\eGovFrameDev-4.3.1-64bit\STS\sts-4.23.1.RELEASE\plugins\org.eclipse.m2e.maven.runtime_3.9.700.20240602-2313\jars\maven-resolver-connector-basic-1.9.20.jar
2026-04-02 16:09:09,057 [Worker-43: Launching Executing clean in C__Users_safecnc_Desktop_거지들의 지갑_거지들의 지갑_거지들의 지갑_workspace_poormoney] INFO  o.eclipse.m2e.core.internal.Bundles - 	Entry: C:\devWork\3.eclipse\eGovFrameDev-4.3.1-64bit\STS\sts-4.23.1.RELEASE\plugins\org.eclipse.m2e.maven.runtime_3.9.700.20240602-2313\jars\maven-resolver-impl-1.9.20.jar
2026-04-02 16:09:09,057 [Worker-43: Launching Executing clean in C__Users_safecnc_Desktop_거지들의 지갑_거지들의 지갑_거지들의 지갑_workspace_poormoney] INFO  o.eclipse.m2e.core.internal.Bundles - 	Entry: C:\devWork\3.eclipse\eGovFrameDev-4.3.1-64bit\STS\sts-4.23.1.RELEASE\plugins\org.eclipse.m2e.maven.runtime_3.9.700.20240602-2313\jars\maven-resolver-named-locks-1.9.20.jar
2026-04-02 16:09:09,057 [Worker-43: Launching Executing clean in C__Users_safecnc_Desktop_거지들의 지갑_거지들의 지갑_거지들의 지갑_workspace_poormoney] INFO  o.eclipse.m2e.core.internal.Bundles - 	Entry: C:\devWork\3.eclipse\eGovFrameDev-4.3.1-64bit\STS\sts-4.23.1.RELEASE\plugins\org.eclipse.m2e.maven.runtime_3.9.700.20240602-2313\jars\maven-resolver-provider-3.9.7.jar
2026-04-02 16:09:09,058 [Worker-43: Launching Executing clean in C__Users_safecnc_Desktop_거지들의 지갑_거지들의 지갑_거지들의 지갑_workspace_poormoney] INFO  o.eclipse.m2e.core.internal.Bundles - 	Entry: C:\devWork\3.eclipse\eGovFrameDev-4.3.1-64bit\STS\sts-4.23.1.RELEASE\plugins\org.eclipse.m2e.maven.runtime_3.9.700.20240602-2313\jars\maven-resolver-spi-1.9.20.jar
2026-04-02 16:09:09,058 [Worker-43: Launching Executing clean in C__Users_safecnc_Desktop_거지들의 지갑_거지들의 지갑_거지들의 지갑_workspace_poormoney] INFO  o.eclipse.m2e.core.internal.Bundles - 	Entry: C:\devWork\3.eclipse\eGovFrameDev-4.3.1-64bit\STS\sts-4.23.1.RELEASE\plugins\org.eclipse.m2e.maven.runtime_3.9.700.20240602-2313\jars\maven-resolver-transport-file-1.9.20.jar
2026-04-02 16:09:09,058 [Worker-43: Launching Executing clean in C__Users_safecnc_Desktop_거지들의 지갑_거지들의 지갑_거지들의 지갑_workspace_poormoney] INFO  o.eclipse.m2e.core.internal.Bundles - 	Entry: C:\devWork\3.eclipse\eGovFrameDev-4.3.1-64bit\STS\sts-4.23.1.RELEASE\plugins\org.eclipse.m2e.maven.runtime_3.9.700.20240602-2313\jars\maven-resolver-transport-http-1.9.20.jar
2026-04-02 16:09:09,059 [Worker-43: Launching Executing clean in C__Users_safecnc_Desktop_거지들의 지갑_거지들의 지갑_거지들의 지갑_workspace_poormoney] INFO  o.eclipse.m2e.core.internal.Bundles - 	Entry: C:\devWork\3.eclipse\eGovFrameDev-4.3.1-64bit\STS\sts-4.23.1.RELEASE\plugins\org.eclipse.m2e.maven.runtime_3.9.700.20240602-2313\jars\maven-resolver-transport-wagon-1.9.20.jar
2026-04-02 16:09:09,059 [Worker-43: Launching Executing clean in C__Users_safecnc_Desktop_거지들의 지갑_거지들의 지갑_거지들의 지갑_workspace_poormoney] INFO  o.eclipse.m2e.core.internal.Bundles - 	Entry: C:\devWork\3.eclipse\eGovFrameDev-4.3.1-64bit\STS\sts-4.23.1.RELEASE\plugins\org.eclipse.m2e.maven.runtime_3.9.700.20240602-2313\jars\maven-resolver-util-1.9.20.jar
2026-04-02 16:09:09,059 [Worker-43: Launching Executing clean in C__Users_safecnc_Desktop_거지들의 지갑_거지들의 지갑_거지들의 지갑_workspace_poormoney] INFO  o.eclipse.m2e.core.internal.Bundles - 	Entry: C:\devWork\3.eclipse\eGovFrameDev-4.3.1-64bit\STS\sts-4.23.1.RELEASE\plugins\org.eclipse.m2e.maven.runtime_3.9.700.20240602-2313\jars\maven-settings-3.9.7.jar
2026-04-02 16:09:09,060 [Worker-43: Launching Executing clean in C__Users_safecnc_Desktop_거지들의 지갑_거지들의 지갑_거지들의 지갑_workspace_poormoney] INFO  o.eclipse.m2e.core.internal.Bundles - 	Entry: C:\devWork\3.eclipse\eGovFrameDev-4.3.1-64bit\STS\sts-4.23.1.RELEASE\plugins\org.eclipse.m2e.maven.runtime_3.9.700.20240602-2313\jars\maven-settings-builder-3.9.7.jar
2026-04-02 16:09:09,060 [Worker-43: Launching Executing clean in C__Users_safecnc_Desktop_거지들의 지갑_거지들의 지갑_거지들의 지갑_workspace_poormoney] INFO  o.eclipse.m2e.core.internal.Bundles - 	Entry: C:\devWork\3.eclipse\eGovFrameDev-4.3.1-64bit\STS\sts-4.23.1.RELEASE\plugins\org.eclipse.m2e.maven.runtime_3.9.700.20240602-2313\jars\maven-shared-utils-3.4.2.jar
2026-04-02 16:09:09,060 [Worker-43: Launching Executing clean in C__Users_safecnc_Desktop_거지들의 지갑_거지들의 지갑_거지들의 지갑_workspace_poormoney] INFO  o.eclipse.m2e.core.internal.Bundles - 	Entry: C:\devWork\3.eclipse\eGovFrameDev-4.3.1-64bit\STS\sts-4.23.1.RELEASE\plugins\org.eclipse.m2e.maven.runtime_3.9.700.20240602-2313\jars\org.eclipse.sisu.inject-0.9.0.M2.jar
2026-04-02 16:09:09,062 [Worker-43: Launching Executing clean in C__Users_safecnc_Desktop_거지들의 지갑_거지들의 지갑_거지들의 지갑_workspace_poormoney] INFO  o.eclipse.m2e.core.internal.Bundles - 	Entry: C:\devWork\3.eclipse\eGovFrameDev-4.3.1-64bit\STS\sts-4.23.1.RELEASE\plugins\org.eclipse.m2e.maven.runtime_3.9.700.20240602-2313\jars\org.eclipse.sisu.plexus-0.9.0.M2.jar
2026-04-02 16:09:09,062 [Worker-43: Launching Executing clean in C__Users_safecnc_Desktop_거지들의 지갑_거지들의 지갑_거지들의 지갑_workspace_poormoney] INFO  o.eclipse.m2e.core.internal.Bundles - 	Entry: C:\devWork\3.eclipse\eGovFrameDev-4.3.1-64bit\STS\sts-4.23.1.RELEASE\plugins\org.eclipse.m2e.maven.runtime_3.9.700.20240602-2313\jars\plexus-build-api-0.0.7.jar
2026-04-02 16:09:09,062 [Worker-43: Launching Executing clean in C__Users_safecnc_Desktop_거지들의 지갑_거지들의 지갑_거지들의 지갑_workspace_poormoney] INFO  o.eclipse.m2e.core.internal.Bundles - 	Entry: C:\devWork\3.eclipse\eGovFrameDev-4.3.1-64bit\STS\sts-4.23.1.RELEASE\plugins\org.eclipse.m2e.maven.runtime_3.9.700.20240602-2313\jars\plexus-build-api-1.2.0.jar
2026-04-02 16:09:09,062 [Worker-43: Launching Executing clean in C__Users_safecnc_Desktop_거지들의 지갑_거지들의 지갑_거지들의 지갑_workspace_poormoney] INFO  o.eclipse.m2e.core.internal.Bundles - 	Entry: C:\devWork\3.eclipse\eGovFrameDev-4.3.1-64bit\STS\sts-4.23.1.RELEASE\plugins\org.eclipse.m2e.maven.runtime_3.9.700.20240602-2313\jars\plexus-cipher-2.0.jar
2026-04-02 16:09:09,063 [Worker-43: Launching Executing clean in C__Users_safecnc_Desktop_거지들의 지갑_거지들의 지갑_거지들의 지갑_workspace_poormoney] INFO  o.eclipse.m2e.core.internal.Bundles - 	Entry: C:\devWork\3.eclipse\eGovFrameDev-4.3.1-64bit\STS\sts-4.23.1.RELEASE\plugins\org.eclipse.m2e.maven.runtime_3.9.700.20240602-2313\jars\plexus-classworlds-2.8.0.jar
2026-04-02 16:09:09,063 [Worker-43: Launching Executing clean in C__Users_safecnc_Desktop_거지들의 지갑_거지들의 지갑_거지들의 지갑_workspace_poormoney] INFO  o.eclipse.m2e.core.internal.Bundles - 	Entry: C:\devWork\3.eclipse\eGovFrameDev-4.3.1-64bit\STS\sts-4.23.1.RELEASE\plugins\org.eclipse.m2e.maven.runtime_3.9.700.20240602-2313\jars\plexus-component-annotations-2.1.0.jar
2026-04-02 16:09:09,063 [Worker-43: Launching Executing clean in C__Users_safecnc_Desktop_거지들의 지갑_거지들의 지갑_거지들의 지갑_workspace_poormoney] INFO  o.eclipse.m2e.core.internal.Bundles - 	Entry: C:\devWork\3.eclipse\eGovFrameDev-4.3.1-64bit\STS\sts-4.23.1.RELEASE\plugins\org.eclipse.m2e.maven.runtime_3.9.700.20240602-2313\jars\plexus-interpolation-1.27.jar
2026-04-02 16:09:09,064 [Worker-43: Launching Executing clean in C__Users_safecnc_Desktop_거지들의 지갑_거지들의 지갑_거지들의 지갑_workspace_poormoney] INFO  o.eclipse.m2e.core.internal.Bundles - 	Entry: C:\devWork\3.eclipse\eGovFrameDev-4.3.1-64bit\STS\sts-4.23.1.RELEASE\plugins\org.eclipse.m2e.maven.runtime_3.9.700.20240602-2313\jars\plexus-sec-dispatcher-2.0.jar
2026-04-02 16:09:09,064 [Worker-43: Launching Executing clean in C__Users_safecnc_Desktop_거지들의 지갑_거지들의 지갑_거지들의 지갑_workspace_poormoney] INFO  o.eclipse.m2e.core.internal.Bundles - 	Entry: C:\devWork\3.eclipse\eGovFrameDev-4.3.1-64bit\STS\sts-4.23.1.RELEASE\plugins\org.eclipse.m2e.maven.runtime_3.9.700.20240602-2313\jars\plexus-utils-3.5.1.jar
2026-04-02 16:09:09,064 [Worker-43: Launching Executing clean in C__Users_safecnc_Desktop_거지들의 지갑_거지들의 지갑_거지들의 지갑_workspace_poormoney] INFO  o.eclipse.m2e.core.internal.Bundles - 	Entry: C:\devWork\3.eclipse\eGovFrameDev-4.3.1-64bit\STS\sts-4.23.1.RELEASE\plugins\org.eclipse.m2e.maven.runtime_3.9.700.20240602-2313\jars\wagon-file-3.5.3.jar
2026-04-02 16:09:09,064 [Worker-43: Launching Executing clean in C__Users_safecnc_Desktop_거지들의 지갑_거지들의 지갑_거지들의 지갑_workspace_poormoney] INFO  o.eclipse.m2e.core.internal.Bundles - 	Entry: C:\devWork\3.eclipse\eGovFrameDev-4.3.1-64bit\STS\sts-4.23.1.RELEASE\plugins\org.eclipse.m2e.maven.runtime_3.9.700.20240602-2313\jars\wagon-http-3.5.3.jar
2026-04-02 16:09:09,065 [Worker-43: Launching Executing clean in C__Users_safecnc_Desktop_거지들의 지갑_거지들의 지갑_거지들의 지갑_workspace_poormoney] INFO  o.eclipse.m2e.core.internal.Bundles - 	Entry: C:\devWork\3.eclipse\eGovFrameDev-4.3.1-64bit\STS\sts-4.23.1.RELEASE\plugins\org.eclipse.m2e.maven.runtime_3.9.700.20240602-2313\jars\wagon-http-shared-3.5.3.jar
2026-04-02 16:09:09,065 [Worker-43: Launching Executing clean in C__Users_safecnc_Desktop_거지들의 지갑_거지들의 지갑_거지들의 지갑_workspace_poormoney] INFO  o.eclipse.m2e.core.internal.Bundles - 	Entry: C:\devWork\3.eclipse\eGovFrameDev-4.3.1-64bit\STS\sts-4.23.1.RELEASE\plugins\org.eclipse.m2e.maven.runtime_3.9.700.20240602-2313\jars\wagon-provider-api-3.5.3.jar
2026-04-02 16:09:09,066 [Worker-43: Launching Executing clean in C__Users_safecnc_Desktop_거지들의 지갑_거지들의 지갑_거지들의 지갑_workspace_poormoney] INFO  o.eclipse.m2e.core.internal.Bundles - getClasspathEntries(Bundle=com.google.guava_33.2.0.jre [29])
2026-04-02 16:09:09,068 [Worker-43: Launching Executing clean in C__Users_safecnc_Desktop_거지들의 지갑_거지들의 지갑_거지들의 지갑_workspace_poormoney] INFO  o.eclipse.m2e.core.internal.Bundles - 	Entry: C:\devWork\3.eclipse\eGovFrameDev-4.3.1-64bit\STS\sts-4.23.1.RELEASE\plugins\com.google.guava_33.2.0.jre.jar
2026-04-02 16:09:09,068 [Worker-43: Launching Executing clean in C__Users_safecnc_Desktop_거지들의 지갑_거지들의 지갑_거지들의 지갑_workspace_poormoney] INFO  o.eclipse.m2e.core.internal.Bundles - getClasspathEntries(Bundle=slf4j.api_2.0.13 [592])
2026-04-02 16:09:09,069 [Worker-43: Launching Executing clean in C__Users_safecnc_Desktop_거지들의 지갑_거지들의 지갑_거지들의 지갑_workspace_poormoney] INFO  o.eclipse.m2e.core.internal.Bundles - 	Entry: C:\devWork\3.eclipse\eGovFrameDev-4.3.1-64bit\STS\sts-4.23.1.RELEASE\plugins\slf4j.api_2.0.13.jar
2026-04-02 16:09:09,069 [Worker-43: Launching Executing clean in C__Users_safecnc_Desktop_거지들의 지갑_거지들의 지갑_거지들의 지갑_workspace_poormoney] INFO  o.eclipse.m2e.core.internal.Bundles - getClasspathEntries(Bundle=jakarta.inject.jakarta.inject-api_1.0.5 [44])
2026-04-02 16:09:09,071 [Worker-43: Launching Executing clean in C__Users_safecnc_Desktop_거지들의 지갑_거지들의 지갑_거지들의 지갑_workspace_poormoney] INFO  o.eclipse.m2e.core.internal.Bundles - 	Entry: C:\devWork\3.eclipse\eGovFrameDev-4.3.1-64bit\STS\sts-4.23.1.RELEASE\plugins\jakarta.inject.jakarta.inject-api_1.0.5.jar
2026-04-02 16:09:09,071 [Worker-43: Launching Executing clean in C__Users_safecnc_Desktop_거지들의 지갑_거지들의 지갑_거지들의 지갑_workspace_poormoney] INFO  o.eclipse.m2e.core.internal.Bundles - getClasspathEntries(Bundle=javax.annotation_1.3.5.v20200909-1856 [53])
2026-04-02 16:09:09,071 [Worker-43: Launching Executing clean in C__Users_safecnc_Desktop_거지들의 지갑_거지들의 지갑_거지들의 지갑_workspace_poormoney] INFO  o.eclipse.m2e.core.internal.Bundles - 	Entry: C:\devWork\3.eclipse\eGovFrameDev-4.3.1-64bit\STS\sts-4.23.1.RELEASE\plugins\javax.annotation_1.3.5.v20200909-1856.jar
2026-04-02 16:09:09,071 [Worker-43: Launching Executing clean in C__Users_safecnc_Desktop_거지들의 지갑_거지들의 지갑_거지들의 지갑_workspace_poormoney] INFO  o.eclipse.m2e.core.internal.Bundles - getClasspathEntries(Bundle=org.apache.commons.cli_1.8.0 [76])
2026-04-02 16:09:09,072 [Worker-43: Launching Executing clean in C__Users_safecnc_Desktop_거지들의 지갑_거지들의 지갑_거지들의 지갑_workspace_poormoney] INFO  o.eclipse.m2e.core.internal.Bundles - 	Entry: C:\devWork\3.eclipse\eGovFrameDev-4.3.1-64bit\STS\sts-4.23.1.RELEASE\plugins\org.apache.commons.cli_1.8.0.jar
2026-04-02 16:09:09,073 [Worker-43: Launching Executing clean in C__Users_safecnc_Desktop_거지들의 지갑_거지들의 지갑_거지들의 지갑_workspace_poormoney] INFO  o.eclipse.m2e.core.internal.Bundles - getClasspathEntries(Bundle=org.apache.commons.commons-codec_1.16.0 [78])
2026-04-02 16:09:09,073 [Worker-43: Launching Executing clean in C__Users_safecnc_Desktop_거지들의 지갑_거지들의 지갑_거지들의 지갑_workspace_poormoney] INFO  o.eclipse.m2e.core.internal.Bundles - 	Entry: C:\devWork\3.eclipse\eGovFrameDev-4.3.1-64bit\STS\sts-4.23.1.RELEASE\plugins\org.apache.commons.commons-codec_1.16.0.jar
2026-04-02 16:09:09,073 [Worker-43: Launching Executing clean in C__Users_safecnc_Desktop_거지들의 지갑_거지들의 지갑_거지들의 지갑_workspace_poormoney] INFO  o.eclipse.m2e.core.internal.Bundles - getClasspathEntries(Bundle=org.apache.commons.lang3_3.14.0 [82])
2026-04-02 16:09:09,074 [Worker-43: Launching Executing clean in C__Users_safecnc_Desktop_거지들의 지갑_거지들의 지갑_거지들의 지갑_workspace_poormoney] INFO  o.eclipse.m2e.core.internal.Bundles - 	Entry: C:\devWork\3.eclipse\eGovFrameDev-4.3.1-64bit\STS\sts-4.23.1.RELEASE\plugins\org.apache.commons.lang3_3.14.0.jar
2026-04-02 16:09:09,074 [Worker-43: Launching Executing clean in C__Users_safecnc_Desktop_거지들의 지갑_거지들의 지갑_거지들의 지갑_workspace_poormoney] INFO  o.eclipse.m2e.core.internal.Bundles - getClasspathEntries(Bundle=com.google.guava.failureaccess_1.0.2 [30])
2026-04-02 16:09:09,074 [Worker-43: Launching Executing clean in C__Users_safecnc_Desktop_거지들의 지갑_거지들의 지갑_거지들의 지갑_workspace_poormoney] INFO  o.eclipse.m2e.core.internal.Bundles - 	Entry: C:\devWork\3.eclipse\eGovFrameDev-4.3.1-64bit\STS\sts-4.23.1.RELEASE\plugins\com.google.guava.failureaccess_1.0.2.jar
2026-04-02 16:09:09,079 [Worker-43: Launching Executing clean in C__Users_safecnc_Desktop_거지들의 지갑_거지들의 지갑_거지들의 지갑_workspace_poormoney] INFO  o.e.m.i.launch.MavenLaunchDelegate - Run build in "C:\Users\safecnc\Desktop\거지들의 지갑\거지들의 지갑\거지들의 지갑\workspace\poormoney":
2026-04-02 16:09:09,079 [Worker-43: Launching Executing clean in C__Users_safecnc_Desktop_거지들의 지갑_거지들의 지갑_거지들의 지갑_workspace_poormoney] INFO  o.e.m.i.launch.MavenLaunchDelegate -  mvn  -B -Dstyle.color=always clean
2026-04-02 16:09:11,663 [Worker-44: Building] INFO  o.a.m.s.f.DefaultMavenResourcesFiltering - Copying 2 resources from src\main\resources to target\classes
2026-04-02 16:09:11,670 [Worker-44: Building] INFO  o.a.m.s.f.DefaultMavenResourcesFiltering - Copying 1 resource from src\main\resources to target\classes
2026-04-02 16:09:11,678 [Worker-44: Building] INFO  o.a.m.s.f.DefaultMavenResourcesFiltering - Copying 0 resource from src\test\resources to target\test-classes
2026-04-02 16:09:16,736 [Worker-42: Updating Maven Project] INFO  o.e.m.c.i.p.ProjectConfigurationManager - Update started
2026-04-02 16:09:17,660 [Worker-42: Updating Maven Project] INFO  o.e.m.c.i.l.LifecycleMappingFactory - Using org.eclipse.m2e.jdt.JarLifecycleMapping lifecycle mapping for MavenProject: poormoney:poormoney:0.0.1-SNAPSHOT @ C:\Users\safecnc\Desktop\거지들의 지갑\거지들의 지갑\거지들의 지갑\workspace\poormoney\pom.xml.
2026-04-02 16:09:18,690 [Worker-42: Updating Maven Project] INFO  o.e.m.j.i.AbstractJavaProjectConfigurator - Adding source folder /poormoney/src/main/java
2026-04-02 16:09:18,692 [Worker-42: Updating Maven Project] INFO  o.e.m.j.i.AbstractJavaProjectConfigurator - Adding resource folder /poormoney/src/main/resources
2026-04-02 16:09:18,694 [Worker-42: Updating Maven Project] INFO  o.e.m.j.i.AbstractJavaProjectConfigurator - Adding resource folder /poormoney/src/main/resources
2026-04-02 16:09:18,696 [Worker-42: Updating Maven Project] INFO  o.e.m.j.i.AbstractJavaProjectConfigurator - Adding source folder /poormoney/src/test/java
2026-04-02 16:09:18,697 [Worker-42: Updating Maven Project] INFO  o.e.m.j.i.AbstractJavaProjectConfigurator - Adding resource folder /poormoney/src/test/resources
2026-04-02 16:09:19,350 [Worker-42: Updating Maven Project] INFO  o.e.m.c.i.p.ProjectConfigurationManager - Update completed for 1 poms: local refresh takes 0.00 sec, refresh facades takes 1.00 sec, update config takes 0.00 sec 
2026-04-02 16:09:19,663 [Worker-43: Building] INFO  o.a.m.s.f.DefaultMavenResourcesFiltering - Copying 2 resources from src\main\resources to target\classes
2026-04-02 16:09:19,685 [Worker-43: Building] INFO  o.a.m.s.f.DefaultMavenResourcesFiltering - Copying 1 resource from src\main\resources to target\classes
2026-04-02 16:09:19,693 [Worker-43: Building] INFO  o.a.m.s.f.DefaultMavenResourcesFiltering - Copying 0 resource from src\test\resources to target\test-classes
2026-04-02 17:54:34,496 [Worker-49: Building] INFO  o.e.m.c.i.l.LifecycleMappingFactory - Using org.eclipse.m2e.jdt.JarLifecycleMapping lifecycle mapping for MavenProject: poormoney:poormoney:0.0.1-SNAPSHOT @ C:\Users\safecnc\Desktop\거지들의 지갑\거지들의 지갑\거지들의 지갑\workspace\poormoney\pom.xml.
2026-04-02 17:54:35,846 [Worker-49: Building] INFO  o.a.m.s.f.DefaultMavenResourcesFiltering - Copying 0 resource from src\main\resources to target\classes
2026-04-02 17:54:35,848 [Worker-49: Building] INFO  o.a.m.s.f.DefaultMavenResourcesFiltering - Copying 0 resource from src\main\resources to target\classes
2026-04-02 17:54:35,857 [Worker-49: Building] INFO  o.a.m.s.f.DefaultMavenResourcesFiltering - Copying 0 resource from src\test\resources to target\test-classes
2026-04-02 17:54:38,247 [Worker-47: Building] INFO  o.a.m.s.f.DefaultMavenResourcesFiltering - Copying 2 resources from src\main\resources to target\classes
2026-04-02 17:54:38,276 [Worker-47: Building] INFO  o.a.m.s.f.DefaultMavenResourcesFiltering - Copying 1 resource from src\main\resources to target\classes
2026-04-02 17:54:38,285 [Worker-47: Building] INFO  o.a.m.s.f.DefaultMavenResourcesFiltering - Copying 0 resource from src\test\resources to target\test-classes
2026-04-02 17:54:53,333 [main] INFO  o.e.m2e.actions.ExecutePomAction - Creating new launch configuration
2026-04-02 17:54:57,713 [Worker-51: Launching poormoney (5)] INFO  o.eclipse.m2e.core.internal.Bundles - getClasspathEntries(Bundle=org.eclipse.m2e.maven.runtime_3.9.700.20240602-2313 [359])
2026-04-02 17:54:57,715 [Worker-51: Launching poormoney (5)] INFO  o.eclipse.m2e.core.internal.Bundles - 	Entry: C:\devWork\3.eclipse\eGovFrameDev-4.3.1-64bit\STS\sts-4.23.1.RELEASE\plugins\org.eclipse.m2e.maven.runtime_3.9.700.20240602-2313
2026-04-02 17:54:57,715 [Worker-51: Launching poormoney (5)] INFO  o.eclipse.m2e.core.internal.Bundles - 	Entry: C:\devWork\3.eclipse\eGovFrameDev-4.3.1-64bit\STS\sts-4.23.1.RELEASE\plugins\org.eclipse.m2e.maven.runtime_3.9.700.20240602-2313\jars\aopalliance-1.0.jar
2026-04-02 17:54:57,716 [Worker-51: Launching poormoney (5)] INFO  o.eclipse.m2e.core.internal.Bundles - 	Entry: C:\devWork\3.eclipse\eGovFrameDev-4.3.1-64bit\STS\sts-4.23.1.RELEASE\plugins\org.eclipse.m2e.maven.runtime_3.9.700.20240602-2313\jars\guice-5.1.0.jar
2026-04-02 17:54:57,716 [Worker-51: Launching poormoney (5)] INFO  o.eclipse.m2e.core.internal.Bundles - 	Entry: C:\devWork\3.eclipse\eGovFrameDev-4.3.1-64bit\STS\sts-4.23.1.RELEASE\plugins\org.eclipse.m2e.maven.runtime_3.9.700.20240602-2313\jars\httpclient-4.5.14.jar
2026-04-02 17:54:57,717 [Worker-51: Launching poormoney (5)] INFO  o.eclipse.m2e.core.internal.Bundles - 	Entry: C:\devWork\3.eclipse\eGovFrameDev-4.3.1-64bit\STS\sts-4.23.1.RELEASE\plugins\org.eclipse.m2e.maven.runtime_3.9.700.20240602-2313\jars\httpcore-4.4.16.jar
2026-04-02 17:54:57,717 [Worker-51: Launching poormoney (5)] INFO  o.eclipse.m2e.core.internal.Bundles - 	Entry: C:\devWork\3.eclipse\eGovFrameDev-4.3.1-64bit\STS\sts-4.23.1.RELEASE\plugins\org.eclipse.m2e.maven.runtime_3.9.700.20240602-2313\jars\jansi-2.4.1.jar
2026-04-02 17:54:57,717 [Worker-51: Launching poormoney (5)] INFO  o.eclipse.m2e.core.internal.Bundles - 	Entry: C:\devWork\3.eclipse\eGovFrameDev-4.3.1-64bit\STS\sts-4.23.1.RELEASE\plugins\org.eclipse.m2e.maven.runtime_3.9.700.20240602-2313\jars\jcl-over-slf4j-1.7.36.jar
2026-04-02 17:54:57,717 [Worker-51: Launching poormoney (5)] INFO  o.eclipse.m2e.core.internal.Bundles - 	Entry: C:\devWork\3.eclipse\eGovFrameDev-4.3.1-64bit\STS\sts-4.23.1.RELEASE\plugins\org.eclipse.m2e.maven.runtime_3.9.700.20240602-2313\jars\maven-artifact-3.9.7.jar
2026-04-02 17:54:57,718 [Worker-51: Launching poormoney (5)] INFO  o.eclipse.m2e.core.internal.Bundles - 	Entry: C:\devWork\3.eclipse\eGovFrameDev-4.3.1-64bit\STS\sts-4.23.1.RELEASE\plugins\org.eclipse.m2e.maven.runtime_3.9.700.20240602-2313\jars\maven-builder-support-3.9.7.jar
2026-04-02 17:54:57,718 [Worker-51: Launching poormoney (5)] INFO  o.eclipse.m2e.core.internal.Bundles - 	Entry: C:\devWork\3.eclipse\eGovFrameDev-4.3.1-64bit\STS\sts-4.23.1.RELEASE\plugins\org.eclipse.m2e.maven.runtime_3.9.700.20240602-2313\jars\maven-compat-3.9.7.jar
2026-04-02 17:54:57,718 [Worker-51: Launching poormoney (5)] INFO  o.eclipse.m2e.core.internal.Bundles - 	Entry: C:\devWork\3.eclipse\eGovFrameDev-4.3.1-64bit\STS\sts-4.23.1.RELEASE\plugins\org.eclipse.m2e.maven.runtime_3.9.700.20240602-2313\jars\maven-core-3.9.7.jar
2026-04-02 17:54:57,718 [Worker-51: Launching poormoney (5)] INFO  o.eclipse.m2e.core.internal.Bundles - 	Entry: C:\devWork\3.eclipse\eGovFrameDev-4.3.1-64bit\STS\sts-4.23.1.RELEASE\plugins\org.eclipse.m2e.maven.runtime_3.9.700.20240602-2313\jars\maven-embedder-3.9.7.jar
2026-04-02 17:54:57,719 [Worker-51: Launching poormoney (5)] INFO  o.eclipse.m2e.core.internal.Bundles - 	Entry: C:\devWork\3.eclipse\eGovFrameDev-4.3.1-64bit\STS\sts-4.23.1.RELEASE\plugins\org.eclipse.m2e.maven.runtime_3.9.700.20240602-2313\jars\maven-model-3.9.7.jar
2026-04-02 17:54:57,719 [Worker-51: Launching poormoney (5)] INFO  o.eclipse.m2e.core.internal.Bundles - 	Entry: C:\devWork\3.eclipse\eGovFrameDev-4.3.1-64bit\STS\sts-4.23.1.RELEASE\plugins\org.eclipse.m2e.maven.runtime_3.9.700.20240602-2313\jars\maven-model-builder-3.9.7.jar
2026-04-02 17:54:57,719 [Worker-51: Launching poormoney (5)] INFO  o.eclipse.m2e.core.internal.Bundles - 	Entry: C:\devWork\3.eclipse\eGovFrameDev-4.3.1-64bit\STS\sts-4.23.1.RELEASE\plugins\org.eclipse.m2e.maven.runtime_3.9.700.20240602-2313\jars\maven-plugin-api-3.9.7.jar
2026-04-02 17:54:57,719 [Worker-51: Launching poormoney (5)] INFO  o.eclipse.m2e.core.internal.Bundles - 	Entry: C:\devWork\3.eclipse\eGovFrameDev-4.3.1-64bit\STS\sts-4.23.1.RELEASE\plugins\org.eclipse.m2e.maven.runtime_3.9.700.20240602-2313\jars\maven-repository-metadata-3.9.7.jar
2026-04-02 17:54:57,719 [Worker-51: Launching poormoney (5)] INFO  o.eclipse.m2e.core.internal.Bundles - 	Entry: C:\devWork\3.eclipse\eGovFrameDev-4.3.1-64bit\STS\sts-4.23.1.RELEASE\plugins\org.eclipse.m2e.maven.runtime_3.9.700.20240602-2313\jars\maven-resolver-api-1.9.20.jar
2026-04-02 17:54:57,721 [Worker-51: Launching poormoney (5)] INFO  o.eclipse.m2e.core.internal.Bundles - 	Entry: C:\devWork\3.eclipse\eGovFrameDev-4.3.1-64bit\STS\sts-4.23.1.RELEASE\plugins\org.eclipse.m2e.maven.runtime_3.9.700.20240602-2313\jars\maven-resolver-connector-basic-1.9.20.jar
2026-04-02 17:54:57,721 [Worker-51: Launching poormoney (5)] INFO  o.eclipse.m2e.core.internal.Bundles - 	Entry: C:\devWork\3.eclipse\eGovFrameDev-4.3.1-64bit\STS\sts-4.23.1.RELEASE\plugins\org.eclipse.m2e.maven.runtime_3.9.700.20240602-2313\jars\maven-resolver-impl-1.9.20.jar
2026-04-02 17:54:57,721 [Worker-51: Launching poormoney (5)] INFO  o.eclipse.m2e.core.internal.Bundles - 	Entry: C:\devWork\3.eclipse\eGovFrameDev-4.3.1-64bit\STS\sts-4.23.1.RELEASE\plugins\org.eclipse.m2e.maven.runtime_3.9.700.20240602-2313\jars\maven-resolver-named-locks-1.9.20.jar
2026-04-02 17:54:57,721 [Worker-51: Launching poormoney (5)] INFO  o.eclipse.m2e.core.internal.Bundles - 	Entry: C:\devWork\3.eclipse\eGovFrameDev-4.3.1-64bit\STS\sts-4.23.1.RELEASE\plugins\org.eclipse.m2e.maven.runtime_3.9.700.20240602-2313\jars\maven-resolver-provider-3.9.7.jar
2026-04-02 17:54:57,722 [Worker-51: Launching poormoney (5)] INFO  o.eclipse.m2e.core.internal.Bundles - 	Entry: C:\devWork\3.eclipse\eGovFrameDev-4.3.1-64bit\STS\sts-4.23.1.RELEASE\plugins\org.eclipse.m2e.maven.runtime_3.9.700.20240602-2313\jars\maven-resolver-spi-1.9.20.jar
2026-04-02 17:54:57,722 [Worker-51: Launching poormoney (5)] INFO  o.eclipse.m2e.core.internal.Bundles - 	Entry: C:\devWork\3.eclipse\eGovFrameDev-4.3.1-64bit\STS\sts-4.23.1.RELEASE\plugins\org.eclipse.m2e.maven.runtime_3.9.700.20240602-2313\jars\maven-resolver-transport-file-1.9.20.jar
2026-04-02 17:54:57,722 [Worker-51: Launching poormoney (5)] INFO  o.eclipse.m2e.core.internal.Bundles - 	Entry: C:\devWork\3.eclipse\eGovFrameDev-4.3.1-64bit\STS\sts-4.23.1.RELEASE\plugins\org.eclipse.m2e.maven.runtime_3.9.700.20240602-2313\jars\maven-resolver-transport-http-1.9.20.jar
2026-04-02 17:54:57,723 [Worker-51: Launching poormoney (5)] INFO  o.eclipse.m2e.core.internal.Bundles - 	Entry: C:\devWork\3.eclipse\eGovFrameDev-4.3.1-64bit\STS\sts-4.23.1.RELEASE\plugins\org.eclipse.m2e.maven.runtime_3.9.700.20240602-2313\jars\maven-resolver-transport-wagon-1.9.20.jar
2026-04-02 17:54:57,723 [Worker-51: Launching poormoney (5)] INFO  o.eclipse.m2e.core.internal.Bundles - 	Entry: C:\devWork\3.eclipse\eGovFrameDev-4.3.1-64bit\STS\sts-4.23.1.RELEASE\plugins\org.eclipse.m2e.maven.runtime_3.9.700.20240602-2313\jars\maven-resolver-util-1.9.20.jar
2026-04-02 17:54:57,723 [Worker-51: Launching poormoney (5)] INFO  o.eclipse.m2e.core.internal.Bundles - 	Entry: C:\devWork\3.eclipse\eGovFrameDev-4.3.1-64bit\STS\sts-4.23.1.RELEASE\plugins\org.eclipse.m2e.maven.runtime_3.9.700.20240602-2313\jars\maven-settings-3.9.7.jar
2026-04-02 17:54:57,724 [Worker-51: Launching poormoney (5)] INFO  o.eclipse.m2e.core.internal.Bundles - 	Entry: C:\devWork\3.eclipse\eGovFrameDev-4.3.1-64bit\STS\sts-4.23.1.RELEASE\plugins\org.eclipse.m2e.maven.runtime_3.9.700.20240602-2313\jars\maven-settings-builder-3.9.7.jar
2026-04-02 17:54:57,724 [Worker-51: Launching poormoney (5)] INFO  o.eclipse.m2e.core.internal.Bundles - 	Entry: C:\devWork\3.eclipse\eGovFrameDev-4.3.1-64bit\STS\sts-4.23.1.RELEASE\plugins\org.eclipse.m2e.maven.runtime_3.9.700.20240602-2313\jars\maven-shared-utils-3.4.2.jar
2026-04-02 17:54:57,724 [Worker-51: Launching poormoney (5)] INFO  o.eclipse.m2e.core.internal.Bundles - 	Entry: C:\devWork\3.eclipse\eGovFrameDev-4.3.1-64bit\STS\sts-4.23.1.RELEASE\plugins\org.eclipse.m2e.maven.runtime_3.9.700.20240602-2313\jars\org.eclipse.sisu.inject-0.9.0.M2.jar
2026-04-02 17:54:57,724 [Worker-51: Launching poormoney (5)] INFO  o.eclipse.m2e.core.internal.Bundles - 	Entry: C:\devWork\3.eclipse\eGovFrameDev-4.3.1-64bit\STS\sts-4.23.1.RELEASE\plugins\org.eclipse.m2e.maven.runtime_3.9.700.20240602-2313\jars\org.eclipse.sisu.plexus-0.9.0.M2.jar
2026-04-02 17:54:57,724 [Worker-51: Launching poormoney (5)] INFO  o.eclipse.m2e.core.internal.Bundles - 	Entry: C:\devWork\3.eclipse\eGovFrameDev-4.3.1-64bit\STS\sts-4.23.1.RELEASE\plugins\org.eclipse.m2e.maven.runtime_3.9.700.20240602-2313\jars\plexus-build-api-0.0.7.jar
2026-04-02 17:54:57,725 [Worker-51: Launching poormoney (5)] INFO  o.eclipse.m2e.core.internal.Bundles - 	Entry: C:\devWork\3.eclipse\eGovFrameDev-4.3.1-64bit\STS\sts-4.23.1.RELEASE\plugins\org.eclipse.m2e.maven.runtime_3.9.700.20240602-2313\jars\plexus-build-api-1.2.0.jar
2026-04-02 17:54:57,725 [Worker-51: Launching poormoney (5)] INFO  o.eclipse.m2e.core.internal.Bundles - 	Entry: C:\devWork\3.eclipse\eGovFrameDev-4.3.1-64bit\STS\sts-4.23.1.RELEASE\plugins\org.eclipse.m2e.maven.runtime_3.9.700.20240602-2313\jars\plexus-cipher-2.0.jar
2026-04-02 17:54:57,725 [Worker-51: Launching poormoney (5)] INFO  o.eclipse.m2e.core.internal.Bundles - 	Entry: C:\devWork\3.eclipse\eGovFrameDev-4.3.1-64bit\STS\sts-4.23.1.RELEASE\plugins\org.eclipse.m2e.maven.runtime_3.9.700.20240602-2313\jars\plexus-classworlds-2.8.0.jar
2026-04-02 17:54:57,727 [Worker-51: Launching poormoney (5)] INFO  o.eclipse.m2e.core.internal.Bundles - 	Entry: C:\devWork\3.eclipse\eGovFrameDev-4.3.1-64bit\STS\sts-4.23.1.RELEASE\plugins\org.eclipse.m2e.maven.runtime_3.9.700.20240602-2313\jars\plexus-component-annotations-2.1.0.jar
2026-04-02 17:54:57,727 [Worker-51: Launching poormoney (5)] INFO  o.eclipse.m2e.core.internal.Bundles - 	Entry: C:\devWork\3.eclipse\eGovFrameDev-4.3.1-64bit\STS\sts-4.23.1.RELEASE\plugins\org.eclipse.m2e.maven.runtime_3.9.700.20240602-2313\jars\plexus-interpolation-1.27.jar
2026-04-02 17:54:57,727 [Worker-51: Launching poormoney (5)] INFO  o.eclipse.m2e.core.internal.Bundles - 	Entry: C:\devWork\3.eclipse\eGovFrameDev-4.3.1-64bit\STS\sts-4.23.1.RELEASE\plugins\org.eclipse.m2e.maven.runtime_3.9.700.20240602-2313\jars\plexus-sec-dispatcher-2.0.jar
2026-04-02 17:54:57,728 [Worker-51: Launching poormoney (5)] INFO  o.eclipse.m2e.core.internal.Bundles - 	Entry: C:\devWork\3.eclipse\eGovFrameDev-4.3.1-64bit\STS\sts-4.23.1.RELEASE\plugins\org.eclipse.m2e.maven.runtime_3.9.700.20240602-2313\jars\plexus-utils-3.5.1.jar
2026-04-02 17:54:57,728 [Worker-51: Launching poormoney (5)] INFO  o.eclipse.m2e.core.internal.Bundles - 	Entry: C:\devWork\3.eclipse\eGovFrameDev-4.3.1-64bit\STS\sts-4.23.1.RELEASE\plugins\org.eclipse.m2e.maven.runtime_3.9.700.20240602-2313\jars\wagon-file-3.5.3.jar
2026-04-02 17:54:57,728 [Worker-51: Launching poormoney (5)] INFO  o.eclipse.m2e.core.internal.Bundles - 	Entry: C:\devWork\3.eclipse\eGovFrameDev-4.3.1-64bit\STS\sts-4.23.1.RELEASE\plugins\org.eclipse.m2e.maven.runtime_3.9.700.20240602-2313\jars\wagon-http-3.5.3.jar
2026-04-02 17:54:57,728 [Worker-51: Launching poormoney (5)] INFO  o.eclipse.m2e.core.internal.Bundles - 	Entry: C:\devWork\3.eclipse\eGovFrameDev-4.3.1-64bit\STS\sts-4.23.1.RELEASE\plugins\org.eclipse.m2e.maven.runtime_3.9.700.20240602-2313\jars\wagon-http-shared-3.5.3.jar
2026-04-02 17:54:57,729 [Worker-51: Launching poormoney (5)] INFO  o.eclipse.m2e.core.internal.Bundles - 	Entry: C:\devWork\3.eclipse\eGovFrameDev-4.3.1-64bit\STS\sts-4.23.1.RELEASE\plugins\org.eclipse.m2e.maven.runtime_3.9.700.20240602-2313\jars\wagon-provider-api-3.5.3.jar
2026-04-02 17:54:57,729 [Worker-51: Launching poormoney (5)] INFO  o.eclipse.m2e.core.internal.Bundles - getClasspathEntries(Bundle=com.google.guava_33.2.0.jre [29])
2026-04-02 17:54:57,730 [Worker-51: Launching poormoney (5)] INFO  o.eclipse.m2e.core.internal.Bundles - 	Entry: C:\devWork\3.eclipse\eGovFrameDev-4.3.1-64bit\STS\sts-4.23.1.RELEASE\plugins\com.google.guava_33.2.0.jre.jar
2026-04-02 17:54:57,730 [Worker-51: Launching poormoney (5)] INFO  o.eclipse.m2e.core.internal.Bundles - getClasspathEntries(Bundle=slf4j.api_2.0.13 [592])
2026-04-02 17:54:57,731 [Worker-51: Launching poormoney (5)] INFO  o.eclipse.m2e.core.internal.Bundles - 	Entry: C:\devWork\3.eclipse\eGovFrameDev-4.3.1-64bit\STS\sts-4.23.1.RELEASE\plugins\slf4j.api_2.0.13.jar
2026-04-02 17:54:57,731 [Worker-51: Launching poormoney (5)] INFO  o.eclipse.m2e.core.internal.Bundles - getClasspathEntries(Bundle=jakarta.inject.jakarta.inject-api_1.0.5 [44])
2026-04-02 17:54:57,731 [Worker-51: Launching poormoney (5)] INFO  o.eclipse.m2e.core.internal.Bundles - 	Entry: C:\devWork\3.eclipse\eGovFrameDev-4.3.1-64bit\STS\sts-4.23.1.RELEASE\plugins\jakarta.inject.jakarta.inject-api_1.0.5.jar
2026-04-02 17:54:57,731 [Worker-51: Launching poormoney (5)] INFO  o.eclipse.m2e.core.internal.Bundles - getClasspathEntries(Bundle=javax.annotation_1.3.5.v20200909-1856 [53])
2026-04-02 17:54:57,732 [Worker-51: Launching poormoney (5)] INFO  o.eclipse.m2e.core.internal.Bundles - 	Entry: C:\devWork\3.eclipse\eGovFrameDev-4.3.1-64bit\STS\sts-4.23.1.RELEASE\plugins\javax.annotation_1.3.5.v20200909-1856.jar
2026-04-02 17:54:57,732 [Worker-51: Launching poormoney (5)] INFO  o.eclipse.m2e.core.internal.Bundles - getClasspathEntries(Bundle=org.apache.commons.cli_1.8.0 [76])
2026-04-02 17:54:57,732 [Worker-51: Launching poormoney (5)] INFO  o.eclipse.m2e.core.internal.Bundles - 	Entry: C:\devWork\3.eclipse\eGovFrameDev-4.3.1-64bit\STS\sts-4.23.1.RELEASE\plugins\org.apache.commons.cli_1.8.0.jar
2026-04-02 17:54:57,732 [Worker-51: Launching poormoney (5)] INFO  o.eclipse.m2e.core.internal.Bundles - getClasspathEntries(Bundle=org.apache.commons.commons-codec_1.16.0 [78])
2026-04-02 17:54:57,734 [Worker-51: Launching poormoney (5)] INFO  o.eclipse.m2e.core.internal.Bundles - 	Entry: C:\devWork\3.eclipse\eGovFrameDev-4.3.1-64bit\STS\sts-4.23.1.RELEASE\plugins\org.apache.commons.commons-codec_1.16.0.jar
2026-04-02 17:54:57,734 [Worker-51: Launching poormoney (5)] INFO  o.eclipse.m2e.core.internal.Bundles - getClasspathEntries(Bundle=org.apache.commons.lang3_3.14.0 [82])
2026-04-02 17:54:57,734 [Worker-51: Launching poormoney (5)] INFO  o.eclipse.m2e.core.internal.Bundles - 	Entry: C:\devWork\3.eclipse\eGovFrameDev-4.3.1-64bit\STS\sts-4.23.1.RELEASE\plugins\org.apache.commons.lang3_3.14.0.jar
2026-04-02 17:54:57,734 [Worker-51: Launching poormoney (5)] INFO  o.eclipse.m2e.core.internal.Bundles - getClasspathEntries(Bundle=com.google.guava.failureaccess_1.0.2 [30])
2026-04-02 17:54:57,735 [Worker-51: Launching poormoney (5)] INFO  o.eclipse.m2e.core.internal.Bundles - 	Entry: C:\devWork\3.eclipse\eGovFrameDev-4.3.1-64bit\STS\sts-4.23.1.RELEASE\plugins\com.google.guava.failureaccess_1.0.2.jar
2026-04-02 17:54:57,737 [Worker-51: Launching poormoney (5)] INFO  o.e.m.i.launch.MavenLaunchDelegate - Run build in "C:\Users\safecnc\Desktop\거지들의 지갑\거지들의 지갑\거지들의 지갑\workspace\poormoney":
2026-04-02 17:54:57,738 [Worker-51: Launching poormoney (5)] INFO  o.e.m.i.launch.MavenLaunchDelegate -  mvn  -B -Dstyle.color=always clean install
2026-04-02 17:55:46,974 [Worker-51: Building] INFO  o.a.m.s.f.DefaultMavenResourcesFiltering - Copying 2 resources from src\main\resources to target\classes
2026-04-02 17:55:46,982 [Worker-51: Building] INFO  o.a.m.s.f.DefaultMavenResourcesFiltering - Copying 1 resource from src\main\resources to target\classes
2026-04-02 17:55:46,986 [Worker-51: Building] INFO  o.a.m.s.f.DefaultMavenResourcesFiltering - Copying 0 resource from src\test\resources to target\test-classes
2026-04-02 17:55:51,907 [main] INFO  o.e.m2e.actions.ExecutePomAction - Creating new launch configuration
2026-04-02 17:55:54,864 [Worker-44: Launching poormoney (6)] INFO  o.eclipse.m2e.core.internal.Bundles - getClasspathEntries(Bundle=org.eclipse.m2e.maven.runtime_3.9.700.20240602-2313 [359])
2026-04-02 17:55:54,865 [Worker-44: Launching poormoney (6)] INFO  o.eclipse.m2e.core.internal.Bundles - 	Entry: C:\devWork\3.eclipse\eGovFrameDev-4.3.1-64bit\STS\sts-4.23.1.RELEASE\plugins\org.eclipse.m2e.maven.runtime_3.9.700.20240602-2313
2026-04-02 17:55:54,866 [Worker-44: Launching poormoney (6)] INFO  o.eclipse.m2e.core.internal.Bundles - 	Entry: C:\devWork\3.eclipse\eGovFrameDev-4.3.1-64bit\STS\sts-4.23.1.RELEASE\plugins\org.eclipse.m2e.maven.runtime_3.9.700.20240602-2313\jars\aopalliance-1.0.jar
2026-04-02 17:55:54,866 [Worker-44: Launching poormoney (6)] INFO  o.eclipse.m2e.core.internal.Bundles - 	Entry: C:\devWork\3.eclipse\eGovFrameDev-4.3.1-64bit\STS\sts-4.23.1.RELEASE\plugins\org.eclipse.m2e.maven.runtime_3.9.700.20240602-2313\jars\guice-5.1.0.jar
2026-04-02 17:55:54,866 [Worker-44: Launching poormoney (6)] INFO  o.eclipse.m2e.core.internal.Bundles - 	Entry: C:\devWork\3.eclipse\eGovFrameDev-4.3.1-64bit\STS\sts-4.23.1.RELEASE\plugins\org.eclipse.m2e.maven.runtime_3.9.700.20240602-2313\jars\httpclient-4.5.14.jar
2026-04-02 17:55:54,866 [Worker-44: Launching poormoney (6)] INFO  o.eclipse.m2e.core.internal.Bundles - 	Entry: C:\devWork\3.eclipse\eGovFrameDev-4.3.1-64bit\STS\sts-4.23.1.RELEASE\plugins\org.eclipse.m2e.maven.runtime_3.9.700.20240602-2313\jars\httpcore-4.4.16.jar
2026-04-02 17:55:54,867 [Worker-44: Launching poormoney (6)] INFO  o.eclipse.m2e.core.internal.Bundles - 	Entry: C:\devWork\3.eclipse\eGovFrameDev-4.3.1-64bit\STS\sts-4.23.1.RELEASE\plugins\org.eclipse.m2e.maven.runtime_3.9.700.20240602-2313\jars\jansi-2.4.1.jar
2026-04-02 17:55:54,867 [Worker-44: Launching poormoney (6)] INFO  o.eclipse.m2e.core.internal.Bundles - 	Entry: C:\devWork\3.eclipse\eGovFrameDev-4.3.1-64bit\STS\sts-4.23.1.RELEASE\plugins\org.eclipse.m2e.maven.runtime_3.9.700.20240602-2313\jars\jcl-over-slf4j-1.7.36.jar
2026-04-02 17:55:54,867 [Worker-44: Launching poormoney (6)] INFO  o.eclipse.m2e.core.internal.Bundles - 	Entry: C:\devWork\3.eclipse\eGovFrameDev-4.3.1-64bit\STS\sts-4.23.1.RELEASE\plugins\org.eclipse.m2e.maven.runtime_3.9.700.20240602-2313\jars\maven-artifact-3.9.7.jar
2026-04-02 17:55:54,867 [Worker-44: Launching poormoney (6)] INFO  o.eclipse.m2e.core.internal.Bundles - 	Entry: C:\devWork\3.eclipse\eGovFrameDev-4.3.1-64bit\STS\sts-4.23.1.RELEASE\plugins\org.eclipse.m2e.maven.runtime_3.9.700.20240602-2313\jars\maven-builder-support-3.9.7.jar
2026-04-02 17:55:54,868 [Worker-44: Launching poormoney (6)] INFO  o.eclipse.m2e.core.internal.Bundles - 	Entry: C:\devWork\3.eclipse\eGovFrameDev-4.3.1-64bit\STS\sts-4.23.1.RELEASE\plugins\org.eclipse.m2e.maven.runtime_3.9.700.20240602-2313\jars\maven-compat-3.9.7.jar
2026-04-02 17:55:54,868 [Worker-44: Launching poormoney (6)] INFO  o.eclipse.m2e.core.internal.Bundles - 	Entry: C:\devWork\3.eclipse\eGovFrameDev-4.3.1-64bit\STS\sts-4.23.1.RELEASE\plugins\org.eclipse.m2e.maven.runtime_3.9.700.20240602-2313\jars\maven-core-3.9.7.jar
2026-04-02 17:55:54,868 [Worker-44: Launching poormoney (6)] INFO  o.eclipse.m2e.core.internal.Bundles - 	Entry: C:\devWork\3.eclipse\eGovFrameDev-4.3.1-64bit\STS\sts-4.23.1.RELEASE\plugins\org.eclipse.m2e.maven.runtime_3.9.700.20240602-2313\jars\maven-embedder-3.9.7.jar
2026-04-02 17:55:54,868 [Worker-44: Launching poormoney (6)] INFO  o.eclipse.m2e.core.internal.Bundles - 	Entry: C:\devWork\3.eclipse\eGovFrameDev-4.3.1-64bit\STS\sts-4.23.1.RELEASE\plugins\org.eclipse.m2e.maven.runtime_3.9.700.20240602-2313\jars\maven-model-3.9.7.jar
2026-04-02 17:55:54,868 [Worker-44: Launching poormoney (6)] INFO  o.eclipse.m2e.core.internal.Bundles - 	Entry: C:\devWork\3.eclipse\eGovFrameDev-4.3.1-64bit\STS\sts-4.23.1.RELEASE\plugins\org.eclipse.m2e.maven.runtime_3.9.700.20240602-2313\jars\maven-model-builder-3.9.7.jar
2026-04-02 17:55:54,869 [Worker-44: Launching poormoney (6)] INFO  o.eclipse.m2e.core.internal.Bundles - 	Entry: C:\devWork\3.eclipse\eGovFrameDev-4.3.1-64bit\STS\sts-4.23.1.RELEASE\plugins\org.eclipse.m2e.maven.runtime_3.9.700.20240602-2313\jars\maven-plugin-api-3.9.7.jar
2026-04-02 17:55:54,869 [Worker-44: Launching poormoney (6)] INFO  o.eclipse.m2e.core.internal.Bundles - 	Entry: C:\devWork\3.eclipse\eGovFrameDev-4.3.1-64bit\STS\sts-4.23.1.RELEASE\plugins\org.eclipse.m2e.maven.runtime_3.9.700.20240602-2313\jars\maven-repository-metadata-3.9.7.jar
2026-04-02 17:55:54,869 [Worker-44: Launching poormoney (6)] INFO  o.eclipse.m2e.core.internal.Bundles - 	Entry: C:\devWork\3.eclipse\eGovFrameDev-4.3.1-64bit\STS\sts-4.23.1.RELEASE\plugins\org.eclipse.m2e.maven.runtime_3.9.700.20240602-2313\jars\maven-resolver-api-1.9.20.jar
2026-04-02 17:55:54,869 [Worker-44: Launching poormoney (6)] INFO  o.eclipse.m2e.core.internal.Bundles - 	Entry: C:\devWork\3.eclipse\eGovFrameDev-4.3.1-64bit\STS\sts-4.23.1.RELEASE\plugins\org.eclipse.m2e.maven.runtime_3.9.700.20240602-2313\jars\maven-resolver-connector-basic-1.9.20.jar
2026-04-02 17:55:54,870 [Worker-44: Launching poormoney (6)] INFO  o.eclipse.m2e.core.internal.Bundles - 	Entry: C:\devWork\3.eclipse\eGovFrameDev-4.3.1-64bit\STS\sts-4.23.1.RELEASE\plugins\org.eclipse.m2e.maven.runtime_3.9.700.20240602-2313\jars\maven-resolver-impl-1.9.20.jar
2026-04-02 17:55:54,870 [Worker-44: Launching poormoney (6)] INFO  o.eclipse.m2e.core.internal.Bundles - 	Entry: C:\devWork\3.eclipse\eGovFrameDev-4.3.1-64bit\STS\sts-4.23.1.RELEASE\plugins\org.eclipse.m2e.maven.runtime_3.9.700.20240602-2313\jars\maven-resolver-named-locks-1.9.20.jar
2026-04-02 17:55:54,870 [Worker-44: Launching poormoney (6)] INFO  o.eclipse.m2e.core.internal.Bundles - 	Entry: C:\devWork\3.eclipse\eGovFrameDev-4.3.1-64bit\STS\sts-4.23.1.RELEASE\plugins\org.eclipse.m2e.maven.runtime_3.9.700.20240602-2313\jars\maven-resolver-provider-3.9.7.jar
2026-04-02 17:55:54,871 [Worker-44: Launching poormoney (6)] INFO  o.eclipse.m2e.core.internal.Bundles - 	Entry: C:\devWork\3.eclipse\eGovFrameDev-4.3.1-64bit\STS\sts-4.23.1.RELEASE\plugins\org.eclipse.m2e.maven.runtime_3.9.700.20240602-2313\jars\maven-resolver-spi-1.9.20.jar
2026-04-02 17:55:54,871 [Worker-44: Launching poormoney (6)] INFO  o.eclipse.m2e.core.internal.Bundles - 	Entry: C:\devWork\3.eclipse\eGovFrameDev-4.3.1-64bit\STS\sts-4.23.1.RELEASE\plugins\org.eclipse.m2e.maven.runtime_3.9.700.20240602-2313\jars\maven-resolver-transport-file-1.9.20.jar
2026-04-02 17:55:54,871 [Worker-44: Launching poormoney (6)] INFO  o.eclipse.m2e.core.internal.Bundles - 	Entry: C:\devWork\3.eclipse\eGovFrameDev-4.3.1-64bit\STS\sts-4.23.1.RELEASE\plugins\org.eclipse.m2e.maven.runtime_3.9.700.20240602-2313\jars\maven-resolver-transport-http-1.9.20.jar
2026-04-02 17:55:54,872 [Worker-44: Launching poormoney (6)] INFO  o.eclipse.m2e.core.internal.Bundles - 	Entry: C:\devWork\3.eclipse\eGovFrameDev-4.3.1-64bit\STS\sts-4.23.1.RELEASE\plugins\org.eclipse.m2e.maven.runtime_3.9.700.20240602-2313\jars\maven-resolver-transport-wagon-1.9.20.jar
2026-04-02 17:55:54,872 [Worker-44: Launching poormoney (6)] INFO  o.eclipse.m2e.core.internal.Bundles - 	Entry: C:\devWork\3.eclipse\eGovFrameDev-4.3.1-64bit\STS\sts-4.23.1.RELEASE\plugins\org.eclipse.m2e.maven.runtime_3.9.700.20240602-2313\jars\maven-resolver-util-1.9.20.jar
2026-04-02 17:55:54,872 [Worker-44: Launching poormoney (6)] INFO  o.eclipse.m2e.core.internal.Bundles - 	Entry: C:\devWork\3.eclipse\eGovFrameDev-4.3.1-64bit\STS\sts-4.23.1.RELEASE\plugins\org.eclipse.m2e.maven.runtime_3.9.700.20240602-2313\jars\maven-settings-3.9.7.jar
2026-04-02 17:55:54,872 [Worker-44: Launching poormoney (6)] INFO  o.eclipse.m2e.core.internal.Bundles - 	Entry: C:\devWork\3.eclipse\eGovFrameDev-4.3.1-64bit\STS\sts-4.23.1.RELEASE\plugins\org.eclipse.m2e.maven.runtime_3.9.700.20240602-2313\jars\maven-settings-builder-3.9.7.jar
2026-04-02 17:55:54,873 [Worker-44: Launching poormoney (6)] INFO  o.eclipse.m2e.core.internal.Bundles - 	Entry: C:\devWork\3.eclipse\eGovFrameDev-4.3.1-64bit\STS\sts-4.23.1.RELEASE\plugins\org.eclipse.m2e.maven.runtime_3.9.700.20240602-2313\jars\maven-shared-utils-3.4.2.jar
2026-04-02 17:55:54,873 [Worker-44: Launching poormoney (6)] INFO  o.eclipse.m2e.core.internal.Bundles - 	Entry: C:\devWork\3.eclipse\eGovFrameDev-4.3.1-64bit\STS\sts-4.23.1.RELEASE\plugins\org.eclipse.m2e.maven.runtime_3.9.700.20240602-2313\jars\org.eclipse.sisu.inject-0.9.0.M2.jar
2026-04-02 17:55:54,873 [Worker-44: Launching poormoney (6)] INFO  o.eclipse.m2e.core.internal.Bundles - 	Entry: C:\devWork\3.eclipse\eGovFrameDev-4.3.1-64bit\STS\sts-4.23.1.RELEASE\plugins\org.eclipse.m2e.maven.runtime_3.9.700.20240602-2313\jars\org.eclipse.sisu.plexus-0.9.0.M2.jar
2026-04-02 17:55:54,873 [Worker-44: Launching poormoney (6)] INFO  o.eclipse.m2e.core.internal.Bundles - 	Entry: C:\devWork\3.eclipse\eGovFrameDev-4.3.1-64bit\STS\sts-4.23.1.RELEASE\plugins\org.eclipse.m2e.maven.runtime_3.9.700.20240602-2313\jars\plexus-build-api-0.0.7.jar
2026-04-02 17:55:54,875 [Worker-44: Launching poormoney (6)] INFO  o.eclipse.m2e.core.internal.Bundles - 	Entry: C:\devWork\3.eclipse\eGovFrameDev-4.3.1-64bit\STS\sts-4.23.1.RELEASE\plugins\org.eclipse.m2e.maven.runtime_3.9.700.20240602-2313\jars\plexus-build-api-1.2.0.jar
2026-04-02 17:55:54,875 [Worker-44: Launching poormoney (6)] INFO  o.eclipse.m2e.core.internal.Bundles - 	Entry: C:\devWork\3.eclipse\eGovFrameDev-4.3.1-64bit\STS\sts-4.23.1.RELEASE\plugins\org.eclipse.m2e.maven.runtime_3.9.700.20240602-2313\jars\plexus-cipher-2.0.jar
2026-04-02 17:55:54,875 [Worker-44: Launching poormoney (6)] INFO  o.eclipse.m2e.core.internal.Bundles - 	Entry: C:\devWork\3.eclipse\eGovFrameDev-4.3.1-64bit\STS\sts-4.23.1.RELEASE\plugins\org.eclipse.m2e.maven.runtime_3.9.700.20240602-2313\jars\plexus-classworlds-2.8.0.jar
2026-04-02 17:55:54,875 [Worker-44: Launching poormoney (6)] INFO  o.eclipse.m2e.core.internal.Bundles - 	Entry: C:\devWork\3.eclipse\eGovFrameDev-4.3.1-64bit\STS\sts-4.23.1.RELEASE\plugins\org.eclipse.m2e.maven.runtime_3.9.700.20240602-2313\jars\plexus-component-annotations-2.1.0.jar
2026-04-02 17:55:54,876 [Worker-44: Launching poormoney (6)] INFO  o.eclipse.m2e.core.internal.Bundles - 	Entry: C:\devWork\3.eclipse\eGovFrameDev-4.3.1-64bit\STS\sts-4.23.1.RELEASE\plugins\org.eclipse.m2e.maven.runtime_3.9.700.20240602-2313\jars\plexus-interpolation-1.27.jar
2026-04-02 17:55:54,876 [Worker-44: Launching poormoney (6)] INFO  o.eclipse.m2e.core.internal.Bundles - 	Entry: C:\devWork\3.eclipse\eGovFrameDev-4.3.1-64bit\STS\sts-4.23.1.RELEASE\plugins\org.eclipse.m2e.maven.runtime_3.9.700.20240602-2313\jars\plexus-sec-dispatcher-2.0.jar
2026-04-02 17:55:54,876 [Worker-44: Launching poormoney (6)] INFO  o.eclipse.m2e.core.internal.Bundles - 	Entry: C:\devWork\3.eclipse\eGovFrameDev-4.3.1-64bit\STS\sts-4.23.1.RELEASE\plugins\org.eclipse.m2e.maven.runtime_3.9.700.20240602-2313\jars\plexus-utils-3.5.1.jar
2026-04-02 17:55:54,876 [Worker-44: Launching poormoney (6)] INFO  o.eclipse.m2e.core.internal.Bundles - 	Entry: C:\devWork\3.eclipse\eGovFrameDev-4.3.1-64bit\STS\sts-4.23.1.RELEASE\plugins\org.eclipse.m2e.maven.runtime_3.9.700.20240602-2313\jars\wagon-file-3.5.3.jar
2026-04-02 17:55:54,876 [Worker-44: Launching poormoney (6)] INFO  o.eclipse.m2e.core.internal.Bundles - 	Entry: C:\devWork\3.eclipse\eGovFrameDev-4.3.1-64bit\STS\sts-4.23.1.RELEASE\plugins\org.eclipse.m2e.maven.runtime_3.9.700.20240602-2313\jars\wagon-http-3.5.3.jar
2026-04-02 17:55:54,877 [Worker-44: Launching poormoney (6)] INFO  o.eclipse.m2e.core.internal.Bundles - 	Entry: C:\devWork\3.eclipse\eGovFrameDev-4.3.1-64bit\STS\sts-4.23.1.RELEASE\plugins\org.eclipse.m2e.maven.runtime_3.9.700.20240602-2313\jars\wagon-http-shared-3.5.3.jar
2026-04-02 17:55:54,877 [Worker-44: Launching poormoney (6)] INFO  o.eclipse.m2e.core.internal.Bundles - 	Entry: C:\devWork\3.eclipse\eGovFrameDev-4.3.1-64bit\STS\sts-4.23.1.RELEASE\plugins\org.eclipse.m2e.maven.runtime_3.9.700.20240602-2313\jars\wagon-provider-api-3.5.3.jar
2026-04-02 17:55:54,877 [Worker-44: Launching poormoney (6)] INFO  o.eclipse.m2e.core.internal.Bundles - getClasspathEntries(Bundle=com.google.guava_33.2.0.jre [29])
2026-04-02 17:55:54,878 [Worker-44: Launching poormoney (6)] INFO  o.eclipse.m2e.core.internal.Bundles - 	Entry: C:\devWork\3.eclipse\eGovFrameDev-4.3.1-64bit\STS\sts-4.23.1.RELEASE\plugins\com.google.guava_33.2.0.jre.jar
2026-04-02 17:55:54,878 [Worker-44: Launching poormoney (6)] INFO  o.eclipse.m2e.core.internal.Bundles - getClasspathEntries(Bundle=slf4j.api_2.0.13 [592])
2026-04-02 17:55:54,878 [Worker-44: Launching poormoney (6)] INFO  o.eclipse.m2e.core.internal.Bundles - 	Entry: C:\devWork\3.eclipse\eGovFrameDev-4.3.1-64bit\STS\sts-4.23.1.RELEASE\plugins\slf4j.api_2.0.13.jar
2026-04-02 17:55:54,878 [Worker-44: Launching poormoney (6)] INFO  o.eclipse.m2e.core.internal.Bundles - getClasspathEntries(Bundle=jakarta.inject.jakarta.inject-api_1.0.5 [44])
2026-04-02 17:55:54,879 [Worker-44: Launching poormoney (6)] INFO  o.eclipse.m2e.core.internal.Bundles - 	Entry: C:\devWork\3.eclipse\eGovFrameDev-4.3.1-64bit\STS\sts-4.23.1.RELEASE\plugins\jakarta.inject.jakarta.inject-api_1.0.5.jar
2026-04-02 17:55:54,879 [Worker-44: Launching poormoney (6)] INFO  o.eclipse.m2e.core.internal.Bundles - getClasspathEntries(Bundle=javax.annotation_1.3.5.v20200909-1856 [53])
2026-04-02 17:55:54,879 [Worker-44: Launching poormoney (6)] INFO  o.eclipse.m2e.core.internal.Bundles - 	Entry: C:\devWork\3.eclipse\eGovFrameDev-4.3.1-64bit\STS\sts-4.23.1.RELEASE\plugins\javax.annotation_1.3.5.v20200909-1856.jar
2026-04-02 17:55:54,879 [Worker-44: Launching poormoney (6)] INFO  o.eclipse.m2e.core.internal.Bundles - getClasspathEntries(Bundle=org.apache.commons.cli_1.8.0 [76])
2026-04-02 17:55:54,880 [Worker-44: Launching poormoney (6)] INFO  o.eclipse.m2e.core.internal.Bundles - 	Entry: C:\devWork\3.eclipse\eGovFrameDev-4.3.1-64bit\STS\sts-4.23.1.RELEASE\plugins\org.apache.commons.cli_1.8.0.jar
2026-04-02 17:55:54,880 [Worker-44: Launching poormoney (6)] INFO  o.eclipse.m2e.core.internal.Bundles - getClasspathEntries(Bundle=org.apache.commons.commons-codec_1.16.0 [78])
2026-04-02 17:55:54,881 [Worker-44: Launching poormoney (6)] INFO  o.eclipse.m2e.core.internal.Bundles - 	Entry: C:\devWork\3.eclipse\eGovFrameDev-4.3.1-64bit\STS\sts-4.23.1.RELEASE\plugins\org.apache.commons.commons-codec_1.16.0.jar
2026-04-02 17:55:54,881 [Worker-44: Launching poormoney (6)] INFO  o.eclipse.m2e.core.internal.Bundles - getClasspathEntries(Bundle=org.apache.commons.lang3_3.14.0 [82])
2026-04-02 17:55:54,881 [Worker-44: Launching poormoney (6)] INFO  o.eclipse.m2e.core.internal.Bundles - 	Entry: C:\devWork\3.eclipse\eGovFrameDev-4.3.1-64bit\STS\sts-4.23.1.RELEASE\plugins\org.apache.commons.lang3_3.14.0.jar
2026-04-02 17:55:54,881 [Worker-44: Launching poormoney (6)] INFO  o.eclipse.m2e.core.internal.Bundles - getClasspathEntries(Bundle=com.google.guava.failureaccess_1.0.2 [30])
2026-04-02 17:55:54,882 [Worker-44: Launching poormoney (6)] INFO  o.eclipse.m2e.core.internal.Bundles - 	Entry: C:\devWork\3.eclipse\eGovFrameDev-4.3.1-64bit\STS\sts-4.23.1.RELEASE\plugins\com.google.guava.failureaccess_1.0.2.jar
2026-04-02 17:55:54,884 [Worker-44: Launching poormoney (6)] INFO  o.e.m.i.launch.MavenLaunchDelegate - Run build in "C:\Users\safecnc\Desktop\거지들의 지갑\거지들의 지갑\거지들의 지갑\workspace\poormoney":
2026-04-02 17:55:54,884 [Worker-44: Launching poormoney (6)] INFO  o.e.m.i.launch.MavenLaunchDelegate -  mvn  -B -Dstyle.color=always clean install
2026-04-02 18:08:56,127 [Worker-55: Building] INFO  o.a.m.s.f.DefaultMavenResourcesFiltering - Copying 1 resource from src\main\resources to target\classes
2026-04-02 18:08:56,137 [Worker-55: Building] INFO  o.a.m.s.f.DefaultMavenResourcesFiltering - Copying 0 resource from src\main\resources to target\classes
2026-04-02 18:08:56,142 [Worker-55: Building] INFO  o.a.m.s.f.DefaultMavenResourcesFiltering - Copying 0 resource from src\test\resources to target\test-classes
2026-04-02 19:03:56,264 [Worker-1: Loading available Gradle versions] INFO  o.e.b.c.i.u.g.PublishedGradleVersions - Gradle version information cache is not available. Remote download required.
2026-04-02 19:04:02,525 [Worker-12: Building] INFO  o.e.m.c.i.e.AbstractTransferListenerAdapter - Downloading https://repo.maven.apache.org/maven2/org/springframework/boot/spring-boot-starter-parent/3.2.5/spring-boot-starter-parent-3.2.5.pom
2026-04-02 19:04:02,548 [Worker-12: Building] INFO  o.e.m.c.i.e.AbstractTransferListenerAdapter - Downloaded https://repo.maven.apache.org/maven2/org/springframework/boot/spring-boot-starter-parent/3.2.5/spring-boot-starter-parent-3.2.5.pom
2026-04-02 19:04:02,598 [Worker-12: Building] INFO  o.e.m.c.i.e.AbstractTransferListenerAdapter - Downloading https://repo.maven.apache.org/maven2/org/springframework/boot/spring-boot-dependencies/3.2.5/spring-boot-dependencies-3.2.5.pom
2026-04-02 19:04:02,611 [Worker-12: Building] INFO  o.e.m.c.i.e.AbstractTransferListenerAdapter - Downloaded https://repo.maven.apache.org/maven2/org/springframework/boot/spring-boot-dependencies/3.2.5/spring-boot-dependencies-3.2.5.pom
2026-04-02 19:04:02,705 [Worker-12: Building] INFO  o.e.m.c.i.e.AbstractTransferListenerAdapter - Downloading https://repo.maven.apache.org/maven2/io/dropwizard/metrics/metrics-bom/4.2.25/metrics-bom-4.2.25.pom
2026-04-02 19:04:02,713 [Worker-12: Building] INFO  o.e.m.c.i.e.AbstractTransferListenerAdapter - Downloaded https://repo.maven.apache.org/maven2/io/dropwizard/metrics/metrics-bom/4.2.25/metrics-bom-4.2.25.pom
2026-04-02 19:04:02,753 [Worker-12: Building] INFO  o.e.m.c.i.e.AbstractTransferListenerAdapter - Downloading https://repo.maven.apache.org/maven2/io/dropwizard/metrics/metrics-parent/4.2.25/metrics-parent-4.2.25.pom
2026-04-02 19:04:02,776 [Worker-12: Building] INFO  o.e.m.c.i.e.AbstractTransferListenerAdapter - Downloaded https://repo.maven.apache.org/maven2/io/dropwizard/metrics/metrics-parent/4.2.25/metrics-parent-4.2.25.pom
2026-04-02 19:04:02,831 [Worker-12: Building] INFO  o.e.m.c.i.e.AbstractTransferListenerAdapter - Downloading https://repo.maven.apache.org/maven2/org/apache/groovy/groovy-bom/4.0.21/groovy-bom-4.0.21.pom
2026-04-02 19:04:02,857 [Worker-12: Building] INFO  o.e.m.c.i.e.AbstractTransferListenerAdapter - Downloaded https://repo.maven.apache.org/maven2/org/apache/groovy/groovy-bom/4.0.21/groovy-bom-4.0.21.pom
2026-04-02 19:04:02,903 [Worker-12: Building] INFO  o.e.m.c.i.e.AbstractTransferListenerAdapter - Downloading https://repo.maven.apache.org/maven2/org/infinispan/infinispan-bom/14.0.27.Final/infinispan-bom-14.0.27.Final.pom
2026-04-02 19:04:02,909 [Worker-12: Building] INFO  o.e.m.c.i.e.AbstractTransferListenerAdapter - Downloaded https://repo.maven.apache.org/maven2/org/infinispan/infinispan-bom/14.0.27.Final/infinispan-bom-14.0.27.Final.pom
2026-04-02 19:04:02,946 [Worker-12: Building] INFO  o.e.m.c.i.e.AbstractTransferListenerAdapter - Downloading https://repo.maven.apache.org/maven2/org/infinispan/infinispan-build-configuration-parent/14.0.27.Final/infinispan-build-configuration-parent-14.0.27.Final.pom
2026-04-02 19:04:02,958 [Worker-12: Building] INFO  o.e.m.c.i.e.AbstractTransferListenerAdapter - Downloaded https://repo.maven.apache.org/maven2/org/infinispan/infinispan-build-configuration-parent/14.0.27.Final/infinispan-build-configuration-parent-14.0.27.Final.pom
2026-04-02 19:04:03,027 [Worker-12: Building] INFO  o.e.m.c.i.e.AbstractTransferListenerAdapter - Downloading https://repo.maven.apache.org/maven2/com/fasterxml/jackson/jackson-bom/2.15.4/jackson-bom-2.15.4.pom
2026-04-02 19:04:03,037 [Worker-12: Building] INFO  o.e.m.c.i.e.AbstractTransferListenerAdapter - Downloaded https://repo.maven.apache.org/maven2/com/fasterxml/jackson/jackson-bom/2.15.4/jackson-bom-2.15.4.pom
2026-04-02 19:04:03,088 [Worker-12: Building] INFO  o.e.m.c.i.e.AbstractTransferListenerAdapter - Downloading https://repo.maven.apache.org/maven2/org/glassfish/jersey/jersey-bom/3.1.6/jersey-bom-3.1.6.pom
2026-04-02 19:04:03,098 [Worker-12: Building] INFO  o.e.m.c.i.e.AbstractTransferListenerAdapter - Downloaded https://repo.maven.apache.org/maven2/org/glassfish/jersey/jersey-bom/3.1.6/jersey-bom-3.1.6.pom
2026-04-02 19:04:03,141 [Worker-12: Building] INFO  o.e.m.c.i.e.AbstractTransferListenerAdapter - Downloading https://repo.maven.apache.org/maven2/org/eclipse/jetty/ee10/jetty-ee10-bom/12.0.8/jetty-ee10-bom-12.0.8.pom
2026-04-02 19:04:03,149 [Worker-12: Building] INFO  o.e.m.c.i.e.AbstractTransferListenerAdapter - Downloaded https://repo.maven.apache.org/maven2/org/eclipse/jetty/ee10/jetty-ee10-bom/12.0.8/jetty-ee10-bom-12.0.8.pom
2026-04-02 19:04:03,184 [Worker-12: Building] INFO  o.e.m.c.i.e.AbstractTransferListenerAdapter - Downloading https://repo.maven.apache.org/maven2/org/eclipse/jetty/jetty-bom/12.0.8/jetty-bom-12.0.8.pom
2026-04-02 19:04:03,191 [Worker-12: Building] INFO  o.e.m.c.i.e.AbstractTransferListenerAdapter - Downloaded https://repo.maven.apache.org/maven2/org/eclipse/jetty/jetty-bom/12.0.8/jetty-bom-12.0.8.pom
2026-04-02 19:04:03,379 [Worker-12: Building] INFO  o.e.m.c.i.e.AbstractTransferListenerAdapter - Downloading https://repo.maven.apache.org/maven2/org/jetbrains/kotlin/kotlin-bom/1.9.23/kotlin-bom-1.9.23.pom
2026-04-02 19:04:03,425 [Worker-12: Building] INFO  o.e.m.c.i.e.AbstractTransferListenerAdapter - Downloaded https://repo.maven.apache.org/maven2/org/jetbrains/kotlin/kotlin-bom/1.9.23/kotlin-bom-1.9.23.pom
2026-04-02 19:04:03,609 [Worker-12: Building] INFO  o.e.m.c.i.e.AbstractTransferListenerAdapter - Downloading https://repo.maven.apache.org/maven2/io/micrometer/micrometer-bom/1.12.5/micrometer-bom-1.12.5.pom
2026-04-02 19:04:03,616 [Worker-12: Building] INFO  o.e.m.c.i.e.AbstractTransferListenerAdapter - Downloaded https://repo.maven.apache.org/maven2/io/micrometer/micrometer-bom/1.12.5/micrometer-bom-1.12.5.pom
2026-04-02 19:04:03,657 [Worker-12: Building] INFO  o.e.m.c.i.e.AbstractTransferListenerAdapter - Downloading https://repo.maven.apache.org/maven2/io/micrometer/micrometer-tracing-bom/1.2.5/micrometer-tracing-bom-1.2.5.pom
2026-04-02 19:04:03,665 [Worker-12: Building] INFO  o.e.m.c.i.e.AbstractTransferListenerAdapter - Downloaded https://repo.maven.apache.org/maven2/io/micrometer/micrometer-tracing-bom/1.2.5/micrometer-tracing-bom-1.2.5.pom
2026-04-02 19:04:03,718 [Worker-12: Building] INFO  o.e.m.c.i.e.AbstractTransferListenerAdapter - Downloading https://repo.maven.apache.org/maven2/io/netty/netty-bom/4.1.109.Final/netty-bom-4.1.109.Final.pom
2026-04-02 19:04:03,727 [Worker-12: Building] INFO  o.e.m.c.i.e.AbstractTransferListenerAdapter - Downloaded https://repo.maven.apache.org/maven2/io/netty/netty-bom/4.1.109.Final/netty-bom-4.1.109.Final.pom
2026-04-02 19:04:03,790 [Worker-12: Building] INFO  o.e.m.c.i.e.AbstractTransferListenerAdapter - Downloading https://repo.maven.apache.org/maven2/com/oracle/database/jdbc/ojdbc-bom/21.9.0.0/ojdbc-bom-21.9.0.0.pom
2026-04-02 19:04:03,797 [Worker-12: Building] INFO  o.e.m.c.i.e.AbstractTransferListenerAdapter - Downloaded https://repo.maven.apache.org/maven2/com/oracle/database/jdbc/ojdbc-bom/21.9.0.0/ojdbc-bom-21.9.0.0.pom
2026-04-02 19:04:03,852 [Worker-12: Building] INFO  o.e.m.c.i.e.AbstractTransferListenerAdapter - Downloading https://repo.maven.apache.org/maven2/io/projectreactor/reactor-bom/2023.0.5/reactor-bom-2023.0.5.pom
2026-04-02 19:04:03,861 [Worker-12: Building] INFO  o.e.m.c.i.e.AbstractTransferListenerAdapter - Downloaded https://repo.maven.apache.org/maven2/io/projectreactor/reactor-bom/2023.0.5/reactor-bom-2023.0.5.pom
2026-04-02 19:04:03,912 [Worker-12: Building] INFO  o.e.m.c.i.e.AbstractTransferListenerAdapter - Downloading https://repo.maven.apache.org/maven2/org/springframework/amqp/spring-amqp-bom/3.1.4/spring-amqp-bom-3.1.4.pom
2026-04-02 19:04:03,920 [Worker-12: Building] INFO  o.e.m.c.i.e.AbstractTransferListenerAdapter - Downloaded https://repo.maven.apache.org/maven2/org/springframework/amqp/spring-amqp-bom/3.1.4/spring-amqp-bom-3.1.4.pom
2026-04-02 19:04:03,959 [Worker-12: Building] INFO  o.e.m.c.i.e.AbstractTransferListenerAdapter - Downloading https://repo.maven.apache.org/maven2/org/springframework/batch/spring-batch-bom/5.1.1/spring-batch-bom-5.1.1.pom
2026-04-02 19:04:03,965 [Worker-12: Building] INFO  o.e.m.c.i.e.AbstractTransferListenerAdapter - Downloaded https://repo.maven.apache.org/maven2/org/springframework/batch/spring-batch-bom/5.1.1/spring-batch-bom-5.1.1.pom
2026-04-02 19:04:04,040 [Worker-12: Building] INFO  o.e.m.c.i.e.AbstractTransferListenerAdapter - Downloading https://repo.maven.apache.org/maven2/org/springframework/data/spring-data-bom/2023.1.5/spring-data-bom-2023.1.5.pom
2026-04-02 19:04:04,060 [Worker-12: Building] INFO  o.e.m.c.i.e.AbstractTransferListenerAdapter - Downloaded https://repo.maven.apache.org/maven2/org/springframework/data/spring-data-bom/2023.1.5/spring-data-bom-2023.1.5.pom
2026-04-02 19:04:04,095 [Worker-12: Building] INFO  o.e.m.c.i.e.AbstractTransferListenerAdapter - Downloading https://repo.maven.apache.org/maven2/org/springframework/spring-framework-bom/6.1.6/spring-framework-bom-6.1.6.pom
2026-04-02 19:04:04,102 [Worker-12: Building] INFO  o.e.m.c.i.e.AbstractTransferListenerAdapter - Downloaded https://repo.maven.apache.org/maven2/org/springframework/spring-framework-bom/6.1.6/spring-framework-bom-6.1.6.pom
2026-04-02 19:04:04,144 [Worker-12: Building] INFO  o.e.m.c.i.e.AbstractTransferListenerAdapter - Downloading https://repo.maven.apache.org/maven2/org/springframework/integration/spring-integration-bom/6.2.4/spring-integration-bom-6.2.4.pom
2026-04-02 19:04:04,156 [Worker-12: Building] INFO  o.e.m.c.i.e.AbstractTransferListenerAdapter - Downloaded https://repo.maven.apache.org/maven2/org/springframework/integration/spring-integration-bom/6.2.4/spring-integration-bom-6.2.4.pom
2026-04-02 19:04:04,211 [Worker-12: Building] INFO  o.e.m.c.i.e.AbstractTransferListenerAdapter - Downloading https://repo.maven.apache.org/maven2/org/springframework/pulsar/spring-pulsar-bom/1.0.5/spring-pulsar-bom-1.0.5.pom
2026-04-02 19:04:04,221 [Worker-12: Building] INFO  o.e.m.c.i.e.AbstractTransferListenerAdapter - Downloaded https://repo.maven.apache.org/maven2/org/springframework/pulsar/spring-pulsar-bom/1.0.5/spring-pulsar-bom-1.0.5.pom
2026-04-02 19:04:04,271 [Worker-12: Building] INFO  o.e.m.c.i.e.AbstractTransferListenerAdapter - Downloading https://repo.maven.apache.org/maven2/org/springframework/security/spring-security-bom/6.2.4/spring-security-bom-6.2.4.pom
2026-04-02 19:04:04,282 [Worker-12: Building] INFO  o.e.m.c.i.e.AbstractTransferListenerAdapter - Downloaded https://repo.maven.apache.org/maven2/org/springframework/security/spring-security-bom/6.2.4/spring-security-bom-6.2.4.pom
2026-04-02 19:04:04,329 [Worker-12: Building] INFO  o.e.m.c.i.e.AbstractTransferListenerAdapter - Downloading https://repo.maven.apache.org/maven2/org/springframework/session/spring-session-bom/3.2.2/spring-session-bom-3.2.2.pom
2026-04-02 19:04:04,338 [Worker-12: Building] INFO  o.e.m.c.i.e.AbstractTransferListenerAdapter - Downloaded https://repo.maven.apache.org/maven2/org/springframework/session/spring-session-bom/3.2.2/spring-session-bom-3.2.2.pom
2026-04-02 19:04:04,382 [Worker-12: Building] INFO  o.e.m.c.i.e.AbstractTransferListenerAdapter - Downloading https://repo.maven.apache.org/maven2/org/springframework/ws/spring-ws-bom/4.0.10/spring-ws-bom-4.0.10.pom
2026-04-02 19:04:04,412 [Worker-12: Building] INFO  o.e.m.c.i.e.AbstractTransferListenerAdapter - Downloaded https://repo.maven.apache.org/maven2/org/springframework/ws/spring-ws-bom/4.0.10/spring-ws-bom-4.0.10.pom
2026-04-02 19:04:04,473 [Worker-12: Building] INFO  o.e.m.c.i.e.AbstractTransferListenerAdapter - Downloading https://repo.maven.apache.org/maven2/org/testcontainers/testcontainers-bom/1.19.7/testcontainers-bom-1.19.7.pom
2026-04-02 19:04:04,504 [Worker-12: Building] INFO  o.e.m.c.i.e.AbstractTransferListenerAdapter - Downloaded https://repo.maven.apache.org/maven2/org/testcontainers/testcontainers-bom/1.19.7/testcontainers-bom-1.19.7.pom
2026-04-02 19:04:04,838 [Worker-12: Building] INFO  o.e.m.c.i.e.AbstractTransferListenerAdapter - Downloading https://repo.maven.apache.org/maven2/org/springframework/boot/spring-boot-starter-web/3.2.5/spring-boot-starter-web-3.2.5.pom
2026-04-02 19:04:04,954 [Worker-12: Building] INFO  o.e.m.c.i.e.AbstractTransferListenerAdapter - Downloaded https://repo.maven.apache.org/maven2/org/springframework/boot/spring-boot-starter-web/3.2.5/spring-boot-starter-web-3.2.5.pom
2026-04-02 19:04:05,455 [Worker-12: Building] INFO  o.e.m.c.i.e.AbstractTransferListenerAdapter - Downloading https://repo.maven.apache.org/maven2/org/springframework/boot/spring-boot-starter/3.2.5/spring-boot-starter-3.2.5.pom
2026-04-02 19:04:05,552 [Worker-12: Building] INFO  o.e.m.c.i.e.AbstractTransferListenerAdapter - Downloaded https://repo.maven.apache.org/maven2/org/springframework/boot/spring-boot-starter/3.2.5/spring-boot-starter-3.2.5.pom
2026-04-02 19:04:05,777 [Worker-12: Building] INFO  o.e.m.c.i.e.AbstractTransferListenerAdapter - Downloading https://repo.maven.apache.org/maven2/org/springframework/boot/spring-boot/3.2.5/spring-boot-3.2.5.pom
2026-04-02 19:04:05,805 [Worker-12: Building] INFO  o.e.m.c.i.e.AbstractTransferListenerAdapter - Downloaded https://repo.maven.apache.org/maven2/org/springframework/boot/spring-boot/3.2.5/spring-boot-3.2.5.pom
2026-04-02 19:04:06,012 [Worker-12: Building] INFO  o.e.m.c.i.e.AbstractTransferListenerAdapter - Downloading https://repo.maven.apache.org/maven2/org/springframework/spring-core/6.1.6/spring-core-6.1.6.pom
2026-04-02 19:04:06,175 [Worker-12: Building] INFO  o.e.m.c.i.e.AbstractTransferListenerAdapter - Downloaded https://repo.maven.apache.org/maven2/org/springframework/spring-core/6.1.6/spring-core-6.1.6.pom
2026-04-02 19:04:06,610 [Worker-12: Building] INFO  o.e.m.c.i.e.AbstractTransferListenerAdapter - Downloading https://repo.maven.apache.org/maven2/org/springframework/spring-jcl/6.1.6/spring-jcl-6.1.6.pom
2026-04-02 19:04:06,643 [Worker-12: Building] INFO  o.e.m.c.i.e.AbstractTransferListenerAdapter - Downloaded https://repo.maven.apache.org/maven2/org/springframework/spring-jcl/6.1.6/spring-jcl-6.1.6.pom
2026-04-02 19:04:06,714 [Worker-12: Building] INFO  o.e.m.c.i.e.AbstractTransferListenerAdapter - Downloading https://repo.maven.apache.org/maven2/org/springframework/spring-context/6.1.6/spring-context-6.1.6.pom
2026-04-02 19:04:06,772 [Worker-12: Building] INFO  o.e.m.c.i.e.AbstractTransferListenerAdapter - Downloaded https://repo.maven.apache.org/maven2/org/springframework/spring-context/6.1.6/spring-context-6.1.6.pom
2026-04-02 19:04:06,800 [Worker-12: Building] INFO  o.e.m.c.i.e.AbstractTransferListenerAdapter - Downloading https://repo.maven.apache.org/maven2/org/springframework/spring-aop/6.1.6/spring-aop-6.1.6.pom
2026-04-02 19:04:06,852 [Worker-12: Building] INFO  o.e.m.c.i.e.AbstractTransferListenerAdapter - Downloaded https://repo.maven.apache.org/maven2/org/springframework/spring-aop/6.1.6/spring-aop-6.1.6.pom
2026-04-02 19:04:06,874 [Worker-12: Building] INFO  o.e.m.c.i.e.AbstractTransferListenerAdapter - Downloading https://repo.maven.apache.org/maven2/org/springframework/spring-beans/6.1.6/spring-beans-6.1.6.pom
2026-04-02 19:04:06,929 [Worker-12: Building] INFO  o.e.m.c.i.e.AbstractTransferListenerAdapter - Downloaded https://repo.maven.apache.org/maven2/org/springframework/spring-beans/6.1.6/spring-beans-6.1.6.pom
2026-04-02 19:04:06,959 [Worker-12: Building] INFO  o.e.m.c.i.e.AbstractTransferListenerAdapter - Downloading https://repo.maven.apache.org/maven2/org/springframework/spring-expression/6.1.6/spring-expression-6.1.6.pom
2026-04-02 19:04:07,012 [Worker-12: Building] INFO  o.e.m.c.i.e.AbstractTransferListenerAdapter - Downloaded https://repo.maven.apache.org/maven2/org/springframework/spring-expression/6.1.6/spring-expression-6.1.6.pom
2026-04-02 19:04:07,042 [Worker-12: Building] INFO  o.e.m.c.i.e.AbstractTransferListenerAdapter - Downloading https://repo.maven.apache.org/maven2/io/micrometer/micrometer-observation/1.12.5/micrometer-observation-1.12.5.pom
2026-04-02 19:04:07,095 [Worker-12: Building] INFO  o.e.m.c.i.e.AbstractTransferListenerAdapter - Downloaded https://repo.maven.apache.org/maven2/io/micrometer/micrometer-observation/1.12.5/micrometer-observation-1.12.5.pom
2026-04-02 19:04:07,119 [Worker-12: Building] INFO  o.e.m.c.i.e.AbstractTransferListenerAdapter - Downloading https://repo.maven.apache.org/maven2/io/micrometer/micrometer-commons/1.12.5/micrometer-commons-1.12.5.pom
2026-04-02 19:04:07,148 [Worker-12: Building] INFO  o.e.m.c.i.e.AbstractTransferListenerAdapter - Downloaded https://repo.maven.apache.org/maven2/io/micrometer/micrometer-commons/1.12.5/micrometer-commons-1.12.5.pom
2026-04-02 19:04:07,191 [Worker-12: Building] INFO  o.e.m.c.i.e.AbstractTransferListenerAdapter - Downloading https://repo.maven.apache.org/maven2/org/springframework/boot/spring-boot-autoconfigure/3.2.5/spring-boot-autoconfigure-3.2.5.pom
2026-04-02 19:04:07,248 [Worker-12: Building] INFO  o.e.m.c.i.e.AbstractTransferListenerAdapter - Downloaded https://repo.maven.apache.org/maven2/org/springframework/boot/spring-boot-autoconfigure/3.2.5/spring-boot-autoconfigure-3.2.5.pom
2026-04-02 19:04:07,270 [Worker-12: Building] INFO  o.e.m.c.i.e.AbstractTransferListenerAdapter - Downloading https://repo.maven.apache.org/maven2/org/springframework/boot/spring-boot-starter-logging/3.2.5/spring-boot-starter-logging-3.2.5.pom
2026-04-02 19:04:07,302 [Worker-12: Building] INFO  o.e.m.c.i.e.AbstractTransferListenerAdapter - Downloaded https://repo.maven.apache.org/maven2/org/springframework/boot/spring-boot-starter-logging/3.2.5/spring-boot-starter-logging-3.2.5.pom
2026-04-02 19:04:07,575 [Worker-12: Building] INFO  o.e.m.c.i.e.AbstractTransferListenerAdapter - Downloading https://repo.maven.apache.org/maven2/ch/qos/logback/logback-classic/1.4.14/logback-classic-1.4.14.pom
2026-04-02 19:04:07,582 [Worker-12: Building] INFO  o.e.m.c.i.e.AbstractTransferListenerAdapter - Downloaded https://repo.maven.apache.org/maven2/ch/qos/logback/logback-classic/1.4.14/logback-classic-1.4.14.pom
2026-04-02 19:04:07,625 [Worker-12: Building] INFO  o.e.m.c.i.e.AbstractTransferListenerAdapter - Downloading https://repo.maven.apache.org/maven2/ch/qos/logback/logback-parent/1.4.14/logback-parent-1.4.14.pom
2026-04-02 19:04:07,656 [Worker-12: Building] INFO  o.e.m.c.i.e.AbstractTransferListenerAdapter - Downloaded https://repo.maven.apache.org/maven2/ch/qos/logback/logback-parent/1.4.14/logback-parent-1.4.14.pom
2026-04-02 19:04:07,705 [Worker-12: Building] INFO  o.e.m.c.i.e.AbstractTransferListenerAdapter - Downloading https://repo.maven.apache.org/maven2/ch/qos/logback/logback-core/1.4.14/logback-core-1.4.14.pom
2026-04-02 19:04:07,757 [Worker-12: Building] INFO  o.e.m.c.i.e.AbstractTransferListenerAdapter - Downloaded https://repo.maven.apache.org/maven2/ch/qos/logback/logback-core/1.4.14/logback-core-1.4.14.pom
2026-04-02 19:04:07,782 [Worker-12: Building] INFO  o.e.m.c.i.e.AbstractTransferListenerAdapter - Downloading https://repo.maven.apache.org/maven2/org/slf4j/slf4j-api/2.0.13/slf4j-api-2.0.13.pom
2026-04-02 19:04:07,813 [Worker-12: Building] INFO  o.e.m.c.i.e.AbstractTransferListenerAdapter - Downloaded https://repo.maven.apache.org/maven2/org/slf4j/slf4j-api/2.0.13/slf4j-api-2.0.13.pom
2026-04-02 19:04:07,880 [Worker-12: Building] INFO  o.e.m.c.i.e.AbstractTransferListenerAdapter - Downloading https://repo.maven.apache.org/maven2/org/slf4j/slf4j-parent/2.0.13/slf4j-parent-2.0.13.pom
2026-04-02 19:04:07,888 [Worker-12: Building] INFO  o.e.m.c.i.e.AbstractTransferListenerAdapter - Downloaded https://repo.maven.apache.org/maven2/org/slf4j/slf4j-parent/2.0.13/slf4j-parent-2.0.13.pom
2026-04-02 19:04:07,933 [Worker-12: Building] INFO  o.e.m.c.i.e.AbstractTransferListenerAdapter - Downloading https://repo.maven.apache.org/maven2/org/slf4j/slf4j-bom/2.0.13/slf4j-bom-2.0.13.pom
2026-04-02 19:04:07,940 [Worker-12: Building] INFO  o.e.m.c.i.e.AbstractTransferListenerAdapter - Downloaded https://repo.maven.apache.org/maven2/org/slf4j/slf4j-bom/2.0.13/slf4j-bom-2.0.13.pom
2026-04-02 19:04:07,982 [Worker-12: Building] INFO  o.e.m.c.i.e.AbstractTransferListenerAdapter - Downloading https://repo.maven.apache.org/maven2/org/apache/logging/log4j/log4j-to-slf4j/2.21.1/log4j-to-slf4j-2.21.1.pom
2026-04-02 19:04:08,010 [Worker-12: Building] INFO  o.e.m.c.i.e.AbstractTransferListenerAdapter - Downloaded https://repo.maven.apache.org/maven2/org/apache/logging/log4j/log4j-to-slf4j/2.21.1/log4j-to-slf4j-2.21.1.pom
2026-04-02 19:04:08,034 [Worker-12: Building] INFO  o.e.m.c.i.e.AbstractTransferListenerAdapter - Downloading https://repo.maven.apache.org/maven2/org/apache/logging/log4j/log4j/2.21.1/log4j-2.21.1.pom
2026-04-02 19:04:08,071 [Worker-12: Building] INFO  o.e.m.c.i.e.AbstractTransferListenerAdapter - Downloaded https://repo.maven.apache.org/maven2/org/apache/logging/log4j/log4j/2.21.1/log4j-2.21.1.pom
2026-04-02 19:04:08,099 [Worker-12: Building] INFO  o.e.m.c.i.e.AbstractTransferListenerAdapter - Downloading https://repo.maven.apache.org/maven2/org/ow2/asm/asm-bom/9.5/asm-bom-9.5.pom
2026-04-02 19:04:08,106 [Worker-12: Building] INFO  o.e.m.c.i.e.AbstractTransferListenerAdapter - Downloaded https://repo.maven.apache.org/maven2/org/ow2/asm/asm-bom/9.5/asm-bom-9.5.pom
2026-04-02 19:04:08,153 [Worker-12: Building] INFO  o.e.m.c.i.e.AbstractTransferListenerAdapter - Downloading https://repo.maven.apache.org/maven2/org/codehaus/groovy/groovy-bom/3.0.19/groovy-bom-3.0.19.pom
2026-04-02 19:04:08,184 [Worker-12: Building] INFO  o.e.m.c.i.e.AbstractTransferListenerAdapter - Downloaded https://repo.maven.apache.org/maven2/org/codehaus/groovy/groovy-bom/3.0.19/groovy-bom-3.0.19.pom
2026-04-02 19:04:08,231 [Worker-12: Building] INFO  o.e.m.c.i.e.AbstractTransferListenerAdapter - Downloading https://repo.maven.apache.org/maven2/org/eclipse/jetty/jetty-bom/9.4.53.v20231009/jetty-bom-9.4.53.v20231009.pom
2026-04-02 19:04:08,238 [Worker-12: Building] INFO  o.e.m.c.i.e.AbstractTransferListenerAdapter - Downloaded https://repo.maven.apache.org/maven2/org/eclipse/jetty/jetty-bom/9.4.53.v20231009/jetty-bom-9.4.53.v20231009.pom
2026-04-02 19:04:08,294 [Worker-12: Building] INFO  o.e.m.c.i.e.AbstractTransferListenerAdapter - Downloading https://repo.maven.apache.org/maven2/io/netty/netty-bom/4.1.97.Final/netty-bom-4.1.97.Final.pom
2026-04-02 19:04:08,304 [Worker-12: Building] INFO  o.e.m.c.i.e.AbstractTransferListenerAdapter - Downloaded https://repo.maven.apache.org/maven2/io/netty/netty-bom/4.1.97.Final/netty-bom-4.1.97.Final.pom
2026-04-02 19:04:08,350 [Worker-12: Building] INFO  o.e.m.c.i.e.AbstractTransferListenerAdapter - Downloading https://repo.maven.apache.org/maven2/org/springframework/spring-framework-bom/5.3.29/spring-framework-bom-5.3.29.pom
2026-04-02 19:04:08,377 [Worker-12: Building] INFO  o.e.m.c.i.e.AbstractTransferListenerAdapter - Downloaded https://repo.maven.apache.org/maven2/org/springframework/spring-framework-bom/5.3.29/spring-framework-bom-5.3.29.pom
2026-04-02 19:04:08,398 [Worker-12: Building] INFO  o.e.m.c.i.e.AbstractTransferListenerAdapter - Downloading https://repo.maven.apache.org/maven2/org/apache/logging/log4j/log4j-api/2.21.1/log4j-api-2.21.1.pom
2026-04-02 19:04:08,430 [Worker-12: Building] INFO  o.e.m.c.i.e.AbstractTransferListenerAdapter - Downloaded https://repo.maven.apache.org/maven2/org/apache/logging/log4j/log4j-api/2.21.1/log4j-api-2.21.1.pom
2026-04-02 19:04:08,451 [Worker-12: Building] INFO  o.e.m.c.i.e.AbstractTransferListenerAdapter - Downloading https://repo.maven.apache.org/maven2/org/slf4j/jul-to-slf4j/2.0.13/jul-to-slf4j-2.0.13.pom
2026-04-02 19:04:08,457 [Worker-12: Building] INFO  o.e.m.c.i.e.AbstractTransferListenerAdapter - Downloaded https://repo.maven.apache.org/maven2/org/slf4j/jul-to-slf4j/2.0.13/jul-to-slf4j-2.0.13.pom
2026-04-02 19:04:08,534 [Worker-12: Building] INFO  o.e.m.c.i.e.AbstractTransferListenerAdapter - Downloading https://repo.maven.apache.org/maven2/org/springframework/boot/spring-boot-starter-json/3.2.5/spring-boot-starter-json-3.2.5.pom
2026-04-02 19:04:08,542 [Worker-12: Building] INFO  o.e.m.c.i.e.AbstractTransferListenerAdapter - Downloaded https://repo.maven.apache.org/maven2/org/springframework/boot/spring-boot-starter-json/3.2.5/spring-boot-starter-json-3.2.5.pom
2026-04-02 19:04:08,609 [Worker-12: Building] INFO  o.e.m.c.i.e.AbstractTransferListenerAdapter - Downloading https://repo.maven.apache.org/maven2/org/springframework/spring-web/6.1.6/spring-web-6.1.6.pom
2026-04-02 19:04:08,618 [Worker-12: Building] INFO  o.e.m.c.i.e.AbstractTransferListenerAdapter - Downloaded https://repo.maven.apache.org/maven2/org/springframework/spring-web/6.1.6/spring-web-6.1.6.pom
2026-04-02 19:04:08,661 [Worker-12: Building] INFO  o.e.m.c.i.e.AbstractTransferListenerAdapter - Downloading https://repo.maven.apache.org/maven2/com/fasterxml/jackson/core/jackson-databind/2.15.4/jackson-databind-2.15.4.pom
2026-04-02 19:04:08,694 [Worker-12: Building] INFO  o.e.m.c.i.e.AbstractTransferListenerAdapter - Downloaded https://repo.maven.apache.org/maven2/com/fasterxml/jackson/core/jackson-databind/2.15.4/jackson-databind-2.15.4.pom
2026-04-02 19:04:08,847 [Worker-12: Building] INFO  o.e.m.c.i.e.AbstractTransferListenerAdapter - Downloading https://repo.maven.apache.org/maven2/com/fasterxml/jackson/jackson-base/2.15.4/jackson-base-2.15.4.pom
2026-04-02 19:04:08,921 [Worker-12: Building] INFO  o.e.m.c.i.e.AbstractTransferListenerAdapter - Downloaded https://repo.maven.apache.org/maven2/com/fasterxml/jackson/jackson-base/2.15.4/jackson-base-2.15.4.pom
2026-04-02 19:04:09,089 [Worker-12: Building] INFO  o.e.m.c.i.e.AbstractTransferListenerAdapter - Downloading https://repo.maven.apache.org/maven2/org/junit/junit-bom/5.9.2/junit-bom-5.9.2.pom
2026-04-02 19:04:09,115 [Worker-12: Building] INFO  o.e.m.c.i.e.AbstractTransferListenerAdapter - Downloaded https://repo.maven.apache.org/maven2/org/junit/junit-bom/5.9.2/junit-bom-5.9.2.pom
2026-04-02 19:04:09,158 [Worker-12: Building] INFO  o.e.m.c.i.e.AbstractTransferListenerAdapter - Downloading https://repo.maven.apache.org/maven2/com/fasterxml/jackson/core/jackson-annotations/2.15.4/jackson-annotations-2.15.4.pom
2026-04-02 19:04:09,171 [Worker-12: Building] INFO  o.e.m.c.i.e.AbstractTransferListenerAdapter - Downloaded https://repo.maven.apache.org/maven2/com/fasterxml/jackson/core/jackson-annotations/2.15.4/jackson-annotations-2.15.4.pom
2026-04-02 19:04:09,246 [Worker-12: Building] INFO  o.e.m.c.i.e.AbstractTransferListenerAdapter - Downloading https://repo.maven.apache.org/maven2/com/fasterxml/jackson/core/jackson-core/2.15.4/jackson-core-2.15.4.pom
2026-04-02 19:04:09,274 [Worker-12: Building] INFO  o.e.m.c.i.e.AbstractTransferListenerAdapter - Downloaded https://repo.maven.apache.org/maven2/com/fasterxml/jackson/core/jackson-core/2.15.4/jackson-core-2.15.4.pom
2026-04-02 19:04:09,339 [Worker-12: Building] INFO  o.e.m.c.i.e.AbstractTransferListenerAdapter - Downloading https://repo.maven.apache.org/maven2/com/fasterxml/jackson/datatype/jackson-datatype-jdk8/2.15.4/jackson-datatype-jdk8-2.15.4.pom
2026-04-02 19:04:09,348 [Worker-12: Building] INFO  o.e.m.c.i.e.AbstractTransferListenerAdapter - Downloaded https://repo.maven.apache.org/maven2/com/fasterxml/jackson/datatype/jackson-datatype-jdk8/2.15.4/jackson-datatype-jdk8-2.15.4.pom
2026-04-02 19:04:09,397 [Worker-12: Building] INFO  o.e.m.c.i.e.AbstractTransferListenerAdapter - Downloading https://repo.maven.apache.org/maven2/com/fasterxml/jackson/module/jackson-modules-java8/2.15.4/jackson-modules-java8-2.15.4.pom
2026-04-02 19:04:09,403 [Worker-12: Building] INFO  o.e.m.c.i.e.AbstractTransferListenerAdapter - Downloaded https://repo.maven.apache.org/maven2/com/fasterxml/jackson/module/jackson-modules-java8/2.15.4/jackson-modules-java8-2.15.4.pom
2026-04-02 19:04:09,463 [Worker-12: Building] INFO  o.e.m.c.i.e.AbstractTransferListenerAdapter - Downloading https://repo.maven.apache.org/maven2/com/fasterxml/jackson/datatype/jackson-datatype-jsr310/2.15.4/jackson-datatype-jsr310-2.15.4.pom
2026-04-02 19:04:09,481 [Worker-12: Building] INFO  o.e.m.c.i.e.AbstractTransferListenerAdapter - Downloaded https://repo.maven.apache.org/maven2/com/fasterxml/jackson/datatype/jackson-datatype-jsr310/2.15.4/jackson-datatype-jsr310-2.15.4.pom
2026-04-02 19:04:09,530 [Worker-12: Building] INFO  o.e.m.c.i.e.AbstractTransferListenerAdapter - Downloading https://repo.maven.apache.org/maven2/com/fasterxml/jackson/module/jackson-module-parameter-names/2.15.4/jackson-module-parameter-names-2.15.4.pom
2026-04-02 19:04:09,583 [Worker-12: Building] INFO  o.e.m.c.i.e.AbstractTransferListenerAdapter - Downloaded https://repo.maven.apache.org/maven2/com/fasterxml/jackson/module/jackson-module-parameter-names/2.15.4/jackson-module-parameter-names-2.15.4.pom
2026-04-02 19:04:09,712 [Worker-12: Building] INFO  o.e.m.c.i.e.AbstractTransferListenerAdapter - Downloading https://repo.maven.apache.org/maven2/org/springframework/boot/spring-boot-starter-tomcat/3.2.5/spring-boot-starter-tomcat-3.2.5.pom
2026-04-02 19:04:09,747 [Worker-12: Building] INFO  o.e.m.c.i.e.AbstractTransferListenerAdapter - Downloaded https://repo.maven.apache.org/maven2/org/springframework/boot/spring-boot-starter-tomcat/3.2.5/spring-boot-starter-tomcat-3.2.5.pom
2026-04-02 19:04:09,772 [Worker-12: Building] INFO  o.e.m.c.i.e.AbstractTransferListenerAdapter - Downloading https://repo.maven.apache.org/maven2/org/apache/tomcat/embed/tomcat-embed-core/10.1.20/tomcat-embed-core-10.1.20.pom
2026-04-02 19:04:09,801 [Worker-12: Building] INFO  o.e.m.c.i.e.AbstractTransferListenerAdapter - Downloaded https://repo.maven.apache.org/maven2/org/apache/tomcat/embed/tomcat-embed-core/10.1.20/tomcat-embed-core-10.1.20.pom
2026-04-02 19:04:09,824 [Worker-12: Building] INFO  o.e.m.c.i.e.AbstractTransferListenerAdapter - Downloading https://repo.maven.apache.org/maven2/org/apache/tomcat/embed/tomcat-embed-el/10.1.20/tomcat-embed-el-10.1.20.pom
2026-04-02 19:04:09,855 [Worker-12: Building] INFO  o.e.m.c.i.e.AbstractTransferListenerAdapter - Downloaded https://repo.maven.apache.org/maven2/org/apache/tomcat/embed/tomcat-embed-el/10.1.20/tomcat-embed-el-10.1.20.pom
2026-04-02 19:04:09,910 [Worker-12: Building] INFO  o.e.m.c.i.e.AbstractTransferListenerAdapter - Downloading https://repo.maven.apache.org/maven2/org/apache/tomcat/embed/tomcat-embed-websocket/10.1.20/tomcat-embed-websocket-10.1.20.pom
2026-04-02 19:04:09,962 [Worker-12: Building] INFO  o.e.m.c.i.e.AbstractTransferListenerAdapter - Downloaded https://repo.maven.apache.org/maven2/org/apache/tomcat/embed/tomcat-embed-websocket/10.1.20/tomcat-embed-websocket-10.1.20.pom
2026-04-02 19:04:10,026 [Worker-12: Building] INFO  o.e.m.c.i.e.AbstractTransferListenerAdapter - Downloading https://repo.maven.apache.org/maven2/org/springframework/spring-webmvc/6.1.6/spring-webmvc-6.1.6.pom
2026-04-02 19:04:10,038 [Worker-12: Building] INFO  o.e.m.c.i.e.AbstractTransferListenerAdapter - Downloaded https://repo.maven.apache.org/maven2/org/springframework/spring-webmvc/6.1.6/spring-webmvc-6.1.6.pom
2026-04-02 19:04:10,094 [Worker-12: Building] INFO  o.e.m.c.i.e.AbstractTransferListenerAdapter - Downloading https://repo.maven.apache.org/maven2/org/springframework/boot/spring-boot-starter-security/3.2.5/spring-boot-starter-security-3.2.5.pom
2026-04-02 19:04:10,202 [Worker-12: Building] INFO  o.e.m.c.i.e.AbstractTransferListenerAdapter - Downloaded https://repo.maven.apache.org/maven2/org/springframework/boot/spring-boot-starter-security/3.2.5/spring-boot-starter-security-3.2.5.pom
2026-04-02 19:04:10,225 [Worker-12: Building] INFO  o.e.m.c.i.e.AbstractTransferListenerAdapter - Downloading https://repo.maven.apache.org/maven2/org/springframework/security/spring-security-config/6.2.4/spring-security-config-6.2.4.pom
2026-04-02 19:04:10,270 [Worker-12: Building] INFO  o.e.m.c.i.e.AbstractTransferListenerAdapter - Downloaded https://repo.maven.apache.org/maven2/org/springframework/security/spring-security-config/6.2.4/spring-security-config-6.2.4.pom
2026-04-02 19:04:10,329 [Worker-12: Building] INFO  o.e.m.c.i.e.AbstractTransferListenerAdapter - Downloading https://repo.maven.apache.org/maven2/org/springframework/security/spring-security-core/6.2.4/spring-security-core-6.2.4.pom
2026-04-02 19:04:10,335 [Worker-12: Building] INFO  o.e.m.c.i.e.AbstractTransferListenerAdapter - Downloaded https://repo.maven.apache.org/maven2/org/springframework/security/spring-security-core/6.2.4/spring-security-core-6.2.4.pom
2026-04-02 19:04:10,383 [Worker-12: Building] INFO  o.e.m.c.i.e.AbstractTransferListenerAdapter - Downloading https://repo.maven.apache.org/maven2/org/springframework/security/spring-security-crypto/6.2.4/spring-security-crypto-6.2.4.pom
2026-04-02 19:04:10,390 [Worker-12: Building] INFO  o.e.m.c.i.e.AbstractTransferListenerAdapter - Downloaded https://repo.maven.apache.org/maven2/org/springframework/security/spring-security-crypto/6.2.4/spring-security-crypto-6.2.4.pom
2026-04-02 19:04:10,434 [Worker-12: Building] INFO  o.e.m.c.i.e.AbstractTransferListenerAdapter - Downloading https://repo.maven.apache.org/maven2/org/springframework/security/spring-security-web/6.2.4/spring-security-web-6.2.4.pom
2026-04-02 19:04:10,465 [Worker-12: Building] INFO  o.e.m.c.i.e.AbstractTransferListenerAdapter - Downloaded https://repo.maven.apache.org/maven2/org/springframework/security/spring-security-web/6.2.4/spring-security-web-6.2.4.pom
2026-04-02 19:04:10,488 [Worker-12: Building] INFO  o.e.m.c.i.e.AbstractTransferListenerAdapter - Downloading https://repo.maven.apache.org/maven2/org/springframework/boot/spring-boot-starter-data-jpa/3.2.5/spring-boot-starter-data-jpa-3.2.5.pom
2026-04-02 19:04:10,519 [Worker-12: Building] INFO  o.e.m.c.i.e.AbstractTransferListenerAdapter - Downloaded https://repo.maven.apache.org/maven2/org/springframework/boot/spring-boot-starter-data-jpa/3.2.5/spring-boot-starter-data-jpa-3.2.5.pom
2026-04-02 19:04:10,539 [Worker-12: Building] INFO  o.e.m.c.i.e.AbstractTransferListenerAdapter - Downloading https://repo.maven.apache.org/maven2/org/springframework/boot/spring-boot-starter-aop/3.2.5/spring-boot-starter-aop-3.2.5.pom
2026-04-02 19:04:10,570 [Worker-12: Building] INFO  o.e.m.c.i.e.AbstractTransferListenerAdapter - Downloaded https://repo.maven.apache.org/maven2/org/springframework/boot/spring-boot-starter-aop/3.2.5/spring-boot-starter-aop-3.2.5.pom
2026-04-02 19:04:10,617 [Worker-12: Building] INFO  o.e.m.c.i.e.AbstractTransferListenerAdapter - Downloading https://repo.maven.apache.org/maven2/org/aspectj/aspectjweaver/1.9.22/aspectjweaver-1.9.22.pom
2026-04-02 19:04:10,624 [Worker-12: Building] INFO  o.e.m.c.i.e.AbstractTransferListenerAdapter - Downloaded https://repo.maven.apache.org/maven2/org/aspectj/aspectjweaver/1.9.22/aspectjweaver-1.9.22.pom
2026-04-02 19:04:10,666 [Worker-12: Building] INFO  o.e.m.c.i.e.AbstractTransferListenerAdapter - Downloading https://repo.maven.apache.org/maven2/org/springframework/boot/spring-boot-starter-jdbc/3.2.5/spring-boot-starter-jdbc-3.2.5.pom
2026-04-02 19:04:10,724 [Worker-12: Building] INFO  o.e.m.c.i.e.AbstractTransferListenerAdapter - Downloaded https://repo.maven.apache.org/maven2/org/springframework/boot/spring-boot-starter-jdbc/3.2.5/spring-boot-starter-jdbc-3.2.5.pom
2026-04-02 19:04:10,748 [Worker-12: Building] INFO  o.e.m.c.i.e.AbstractTransferListenerAdapter - Downloading https://repo.maven.apache.org/maven2/com/zaxxer/HikariCP/5.0.1/HikariCP-5.0.1.pom
2026-04-02 19:04:10,776 [Worker-12: Building] INFO  o.e.m.c.i.e.AbstractTransferListenerAdapter - Downloaded https://repo.maven.apache.org/maven2/com/zaxxer/HikariCP/5.0.1/HikariCP-5.0.1.pom
2026-04-02 19:04:10,804 [Worker-12: Building] INFO  o.e.m.c.i.e.AbstractTransferListenerAdapter - Downloading https://repo.maven.apache.org/maven2/org/springframework/spring-jdbc/6.1.6/spring-jdbc-6.1.6.pom
2026-04-02 19:04:10,836 [Worker-12: Building] INFO  o.e.m.c.i.e.AbstractTransferListenerAdapter - Downloaded https://repo.maven.apache.org/maven2/org/springframework/spring-jdbc/6.1.6/spring-jdbc-6.1.6.pom
2026-04-02 19:04:10,904 [Worker-12: Building] INFO  o.e.m.c.i.e.AbstractTransferListenerAdapter - Downloading https://repo.maven.apache.org/maven2/org/springframework/spring-tx/6.1.6/spring-tx-6.1.6.pom
2026-04-02 19:04:10,913 [Worker-12: Building] INFO  o.e.m.c.i.e.AbstractTransferListenerAdapter - Downloaded https://repo.maven.apache.org/maven2/org/springframework/spring-tx/6.1.6/spring-tx-6.1.6.pom
2026-04-02 19:04:10,961 [Worker-12: Building] INFO  o.e.m.c.i.e.AbstractTransferListenerAdapter - Downloading https://repo.maven.apache.org/maven2/org/hibernate/orm/hibernate-core/6.4.4.Final/hibernate-core-6.4.4.Final.pom
2026-04-02 19:04:10,990 [Worker-12: Building] INFO  o.e.m.c.i.e.AbstractTransferListenerAdapter - Downloaded https://repo.maven.apache.org/maven2/org/hibernate/orm/hibernate-core/6.4.4.Final/hibernate-core-6.4.4.Final.pom
2026-04-02 19:04:11,064 [Worker-12: Building] INFO  o.e.m.c.i.e.AbstractTransferListenerAdapter - Downloading https://repo.maven.apache.org/maven2/com/fasterxml/classmate/1.6.0/classmate-1.6.0.pom
2026-04-02 19:04:11,071 [Worker-12: Building] INFO  o.e.m.c.i.e.AbstractTransferListenerAdapter - Downloaded https://repo.maven.apache.org/maven2/com/fasterxml/classmate/1.6.0/classmate-1.6.0.pom
2026-04-02 19:04:11,094 [Worker-12: Building] INFO  o.e.m.c.i.e.AbstractTransferListenerAdapter - Downloading https://repo.maven.apache.org/maven2/com/fasterxml/oss-parent/55/oss-parent-55.pom
2026-04-02 19:04:11,123 [Worker-12: Building] INFO  o.e.m.c.i.e.AbstractTransferListenerAdapter - Downloaded https://repo.maven.apache.org/maven2/com/fasterxml/oss-parent/55/oss-parent-55.pom
2026-04-02 19:04:11,173 [Worker-12: Building] INFO  o.e.m.c.i.e.AbstractTransferListenerAdapter - Downloading https://repo.maven.apache.org/maven2/net/bytebuddy/byte-buddy/1.14.13/byte-buddy-1.14.13.pom
2026-04-02 19:04:11,179 [Worker-12: Building] INFO  o.e.m.c.i.e.AbstractTransferListenerAdapter - Downloaded https://repo.maven.apache.org/maven2/net/bytebuddy/byte-buddy/1.14.13/byte-buddy-1.14.13.pom
2026-04-02 19:04:11,225 [Worker-12: Building] INFO  o.e.m.c.i.e.AbstractTransferListenerAdapter - Downloading https://repo.maven.apache.org/maven2/net/bytebuddy/byte-buddy-parent/1.14.13/byte-buddy-parent-1.14.13.pom
2026-04-02 19:04:11,233 [Worker-12: Building] INFO  o.e.m.c.i.e.AbstractTransferListenerAdapter - Downloaded https://repo.maven.apache.org/maven2/net/bytebuddy/byte-buddy-parent/1.14.13/byte-buddy-parent-1.14.13.pom
2026-04-02 19:04:11,360 [Worker-12: Building] INFO  o.e.m.c.i.e.AbstractTransferListenerAdapter - Downloading https://repo.maven.apache.org/maven2/org/springframework/data/spring-data-jpa/3.2.5/spring-data-jpa-3.2.5.pom
2026-04-02 19:04:11,365 [Worker-12: Building] INFO  o.e.m.c.i.e.AbstractTransferListenerAdapter - Downloaded https://repo.maven.apache.org/maven2/org/springframework/data/spring-data-jpa/3.2.5/spring-data-jpa-3.2.5.pom
2026-04-02 19:04:11,409 [Worker-12: Building] INFO  o.e.m.c.i.e.AbstractTransferListenerAdapter - Downloading https://repo.maven.apache.org/maven2/org/springframework/data/spring-data-jpa-parent/3.2.5/spring-data-jpa-parent-3.2.5.pom
2026-04-02 19:04:11,440 [Worker-12: Building] INFO  o.e.m.c.i.e.AbstractTransferListenerAdapter - Downloaded https://repo.maven.apache.org/maven2/org/springframework/data/spring-data-jpa-parent/3.2.5/spring-data-jpa-parent-3.2.5.pom
2026-04-02 19:04:11,573 [Worker-12: Building] INFO  o.e.m.c.i.e.AbstractTransferListenerAdapter - Downloading https://repo.maven.apache.org/maven2/org/springframework/data/build/spring-data-parent/3.2.5/spring-data-parent-3.2.5.pom
2026-04-02 19:04:11,863 [Worker-12: Building] INFO  o.e.m.c.i.e.AbstractTransferListenerAdapter - Downloaded https://repo.maven.apache.org/maven2/org/springframework/data/build/spring-data-parent/3.2.5/spring-data-parent-3.2.5.pom
2026-04-02 19:04:11,951 [Worker-12: Building] INFO  o.e.m.c.i.e.AbstractTransferListenerAdapter - Downloading https://repo.maven.apache.org/maven2/org/springframework/data/build/spring-data-build/3.2.5/spring-data-build-3.2.5.pom
2026-04-02 19:04:12,113 [Worker-12: Building] INFO  o.e.m.c.i.e.AbstractTransferListenerAdapter - Downloaded https://repo.maven.apache.org/maven2/org/springframework/data/build/spring-data-build/3.2.5/spring-data-build-3.2.5.pom
2026-04-02 19:04:12,152 [Worker-12: Building] INFO  o.e.m.c.i.e.AbstractTransferListenerAdapter - Downloading https://repo.maven.apache.org/maven2/org/springframework/data/spring-data-commons/3.2.5/spring-data-commons-3.2.5.pom
2026-04-02 19:04:12,185 [Worker-12: Building] INFO  o.e.m.c.i.e.AbstractTransferListenerAdapter - Downloaded https://repo.maven.apache.org/maven2/org/springframework/data/spring-data-commons/3.2.5/spring-data-commons-3.2.5.pom
2026-04-02 19:04:12,254 [Worker-12: Building] INFO  o.e.m.c.i.e.AbstractTransferListenerAdapter - Downloading https://repo.maven.apache.org/maven2/org/springframework/spring-orm/6.1.6/spring-orm-6.1.6.pom
2026-04-02 19:04:12,262 [Worker-12: Building] INFO  o.e.m.c.i.e.AbstractTransferListenerAdapter - Downloaded https://repo.maven.apache.org/maven2/org/springframework/spring-orm/6.1.6/spring-orm-6.1.6.pom
2026-04-02 19:04:12,300 [Worker-12: Building] INFO  o.e.m.c.i.e.AbstractTransferListenerAdapter - Downloading https://repo.maven.apache.org/maven2/org/springframework/spring-aspects/6.1.6/spring-aspects-6.1.6.pom
2026-04-02 19:04:12,337 [Worker-12: Building] INFO  o.e.m.c.i.e.AbstractTransferListenerAdapter - Downloaded https://repo.maven.apache.org/maven2/org/springframework/spring-aspects/6.1.6/spring-aspects-6.1.6.pom
2026-04-02 19:04:12,382 [Worker-12: Building] INFO  o.e.m.c.i.e.AbstractTransferListenerAdapter - Downloading https://repo.maven.apache.org/maven2/org/springframework/boot/spring-boot-starter-validation/3.2.5/spring-boot-starter-validation-3.2.5.pom
2026-04-02 19:04:12,391 [Worker-12: Building] INFO  o.e.m.c.i.e.AbstractTransferListenerAdapter - Downloaded https://repo.maven.apache.org/maven2/org/springframework/boot/spring-boot-starter-validation/3.2.5/spring-boot-starter-validation-3.2.5.pom
2026-04-02 19:04:12,430 [Worker-12: Building] INFO  o.e.m.c.i.e.AbstractTransferListenerAdapter - Downloading https://repo.maven.apache.org/maven2/org/hibernate/validator/hibernate-validator/8.0.1.Final/hibernate-validator-8.0.1.Final.pom
2026-04-02 19:04:12,438 [Worker-12: Building] INFO  o.e.m.c.i.e.AbstractTransferListenerAdapter - Downloaded https://repo.maven.apache.org/maven2/org/hibernate/validator/hibernate-validator/8.0.1.Final/hibernate-validator-8.0.1.Final.pom
2026-04-02 19:04:12,482 [Worker-12: Building] INFO  o.e.m.c.i.e.AbstractTransferListenerAdapter - Downloading https://repo.maven.apache.org/maven2/org/hibernate/validator/hibernate-validator-parent/8.0.1.Final/hibernate-validator-parent-8.0.1.Final.pom
2026-04-02 19:04:12,499 [Worker-12: Building] INFO  o.e.m.c.i.e.AbstractTransferListenerAdapter - Downloaded https://repo.maven.apache.org/maven2/org/hibernate/validator/hibernate-validator-parent/8.0.1.Final/hibernate-validator-parent-8.0.1.Final.pom
2026-04-02 19:04:12,555 [Worker-12: Building] INFO  o.e.m.c.i.e.AbstractTransferListenerAdapter - Downloading https://repo.maven.apache.org/maven2/org/jboss/arquillian/arquillian-bom/1.7.0.Alpha10/arquillian-bom-1.7.0.Alpha10.pom
2026-04-02 19:04:12,585 [Worker-12: Building] INFO  o.e.m.c.i.e.AbstractTransferListenerAdapter - Downloaded https://repo.maven.apache.org/maven2/org/jboss/arquillian/arquillian-bom/1.7.0.Alpha10/arquillian-bom-1.7.0.Alpha10.pom
2026-04-02 19:04:12,637 [Worker-12: Building] INFO  o.e.m.c.i.e.AbstractTransferListenerAdapter - Downloading https://repo.maven.apache.org/maven2/org/jboss/shrinkwrap/shrinkwrap-bom/1.2.6/shrinkwrap-bom-1.2.6.pom
2026-04-02 19:04:12,644 [Worker-12: Building] INFO  o.e.m.c.i.e.AbstractTransferListenerAdapter - Downloaded https://repo.maven.apache.org/maven2/org/jboss/shrinkwrap/shrinkwrap-bom/1.2.6/shrinkwrap-bom-1.2.6.pom
2026-04-02 19:04:12,690 [Worker-12: Building] INFO  o.e.m.c.i.e.AbstractTransferListenerAdapter - Downloading https://repo.maven.apache.org/maven2/org/jboss/shrinkwrap/resolver/shrinkwrap-resolver-bom/3.1.4/shrinkwrap-resolver-bom-3.1.4.pom
2026-04-02 19:04:12,767 [Worker-12: Building] INFO  o.e.m.c.i.e.AbstractTransferListenerAdapter - Downloaded https://repo.maven.apache.org/maven2/org/jboss/shrinkwrap/resolver/shrinkwrap-resolver-bom/3.1.4/shrinkwrap-resolver-bom-3.1.4.pom
2026-04-02 19:04:12,791 [Worker-12: Building] INFO  o.e.m.c.i.e.AbstractTransferListenerAdapter - Downloading https://repo.maven.apache.org/maven2/org/apache/maven/maven/3.6.3/maven-3.6.3.pom
2026-04-02 19:04:12,984 [Worker-12: Building] INFO  o.e.m.c.i.e.AbstractTransferListenerAdapter - Downloaded https://repo.maven.apache.org/maven2/org/apache/maven/maven/3.6.3/maven-3.6.3.pom
2026-04-02 19:04:13,028 [Worker-12: Building] INFO  o.e.m.c.i.e.AbstractTransferListenerAdapter - Downloading https://repo.maven.apache.org/maven2/org/apache/maven/maven-parent/33/maven-parent-33.pom
2026-04-02 19:04:13,041 [Worker-12: Building] INFO  o.e.m.c.i.e.AbstractTransferListenerAdapter - Downloaded https://repo.maven.apache.org/maven2/org/apache/maven/maven-parent/33/maven-parent-33.pom
2026-04-02 19:04:13,066 [Worker-12: Building] INFO  o.e.m.c.i.e.AbstractTransferListenerAdapter - Downloading https://repo.maven.apache.org/maven2/org/apache/apache/21/apache-21.pom
2026-04-02 19:04:13,094 [Worker-12: Building] INFO  o.e.m.c.i.e.AbstractTransferListenerAdapter - Downloaded https://repo.maven.apache.org/maven2/org/apache/apache/21/apache-21.pom
2026-04-02 19:04:13,154 [Worker-12: Building] INFO  o.e.m.c.i.e.AbstractTransferListenerAdapter - Downloading https://repo.maven.apache.org/maven2/org/jboss/shrinkwrap/descriptors/shrinkwrap-descriptors-bom/2.0.0/shrinkwrap-descriptors-bom-2.0.0.pom
2026-04-02 19:04:13,165 [Worker-12: Building] INFO  o.e.m.c.i.e.AbstractTransferListenerAdapter - Downloaded https://repo.maven.apache.org/maven2/org/jboss/shrinkwrap/descriptors/shrinkwrap-descriptors-bom/2.0.0/shrinkwrap-descriptors-bom-2.0.0.pom
2026-04-02 19:04:13,214 [Worker-12: Building] INFO  o.e.m.c.i.e.AbstractTransferListenerAdapter - Downloading https://repo.maven.apache.org/maven2/jakarta/validation/jakarta.validation-api/3.0.2/jakarta.validation-api-3.0.2.pom
2026-04-02 19:04:13,224 [Worker-12: Building] INFO  o.e.m.c.i.e.AbstractTransferListenerAdapter - Downloaded https://repo.maven.apache.org/maven2/jakarta/validation/jakarta.validation-api/3.0.2/jakarta.validation-api-3.0.2.pom
2026-04-02 19:04:13,280 [Worker-12: Building] INFO  o.e.m.c.i.e.AbstractTransferListenerAdapter - Downloading https://repo.maven.apache.org/maven2/org/mariadb/jdbc/mariadb-java-client/3.3.3/mariadb-java-client-3.3.3.pom
2026-04-02 19:04:13,306 [Worker-12: Building] INFO  o.e.m.c.i.e.AbstractTransferListenerAdapter - Downloaded https://repo.maven.apache.org/maven2/org/mariadb/jdbc/mariadb-java-client/3.3.3/mariadb-java-client-3.3.3.pom
2026-04-02 19:04:13,327 [Worker-12: Building] INFO  o.e.m.c.i.e.AbstractTransferListenerAdapter - Downloading https://repo.maven.apache.org/maven2/org/junit/junit-bom/5.7.0/junit-bom-5.7.0.pom
2026-04-02 19:04:13,358 [Worker-12: Building] INFO  o.e.m.c.i.e.AbstractTransferListenerAdapter - Downloaded https://repo.maven.apache.org/maven2/org/junit/junit-bom/5.7.0/junit-bom-5.7.0.pom
2026-04-02 19:04:13,384 [Worker-12: Building] INFO  o.e.m.c.i.e.AbstractTransferListenerAdapter - Downloading https://repo.maven.apache.org/maven2/software/amazon/awssdk/bom/2.21.1/bom-2.21.1.pom
2026-04-02 19:04:13,419 [Worker-12: Building] INFO  o.e.m.c.i.e.AbstractTransferListenerAdapter - Downloaded https://repo.maven.apache.org/maven2/software/amazon/awssdk/bom/2.21.1/bom-2.21.1.pom
2026-04-02 19:04:13,444 [Worker-12: Building] INFO  o.e.m.c.i.e.AbstractTransferListenerAdapter - Downloading https://repo.maven.apache.org/maven2/software/amazon/awssdk/aws-sdk-java-pom/2.21.1/aws-sdk-java-pom-2.21.1.pom
2026-04-02 19:04:13,461 [Worker-12: Building] INFO  o.e.m.c.i.e.AbstractTransferListenerAdapter - Downloaded https://repo.maven.apache.org/maven2/software/amazon/awssdk/aws-sdk-java-pom/2.21.1/aws-sdk-java-pom-2.21.1.pom
2026-04-02 19:04:13,512 [Worker-12: Building] INFO  o.e.m.c.i.e.AbstractTransferListenerAdapter - Downloading https://repo.maven.apache.org/maven2/com/github/waffle/waffle-jna/3.3.0/waffle-jna-3.3.0.pom
2026-04-02 19:04:13,521 [Worker-12: Building] INFO  o.e.m.c.i.e.AbstractTransferListenerAdapter - Downloaded https://repo.maven.apache.org/maven2/com/github/waffle/waffle-jna/3.3.0/waffle-jna-3.3.0.pom
2026-04-02 19:04:13,571 [Worker-12: Building] INFO  o.e.m.c.i.e.AbstractTransferListenerAdapter - Downloading https://repo.maven.apache.org/maven2/com/github/waffle/waffle-parent/3.3.0/waffle-parent-3.3.0.pom
2026-04-02 19:04:13,608 [Worker-12: Building] INFO  o.e.m.c.i.e.AbstractTransferListenerAdapter - Downloaded https://repo.maven.apache.org/maven2/com/github/waffle/waffle-parent/3.3.0/waffle-parent-3.3.0.pom
2026-04-02 19:04:13,631 [Worker-12: Building] INFO  o.e.m.c.i.e.AbstractTransferListenerAdapter - Downloading https://repo.maven.apache.org/maven2/net/java/dev/jna/jna/5.13.0/jna-5.13.0.pom
2026-04-02 19:04:13,658 [Worker-12: Building] INFO  o.e.m.c.i.e.AbstractTransferListenerAdapter - Downloaded https://repo.maven.apache.org/maven2/net/java/dev/jna/jna/5.13.0/jna-5.13.0.pom
2026-04-02 19:04:13,676 [Worker-12: Building] INFO  o.e.m.c.i.e.AbstractTransferListenerAdapter - Downloading https://repo.maven.apache.org/maven2/net/java/dev/jna/jna-platform/5.13.0/jna-platform-5.13.0.pom
2026-04-02 19:04:13,683 [Worker-12: Building] INFO  o.e.m.c.i.e.AbstractTransferListenerAdapter - Downloaded https://repo.maven.apache.org/maven2/net/java/dev/jna/jna-platform/5.13.0/jna-platform-5.13.0.pom
2026-04-02 19:04:13,722 [Worker-12: Building] INFO  o.e.m.c.i.e.AbstractTransferListenerAdapter - Downloading https://repo.maven.apache.org/maven2/org/slf4j/jcl-over-slf4j/2.0.13/jcl-over-slf4j-2.0.13.pom
2026-04-02 19:04:13,728 [Worker-12: Building] INFO  o.e.m.c.i.e.AbstractTransferListenerAdapter - Downloaded https://repo.maven.apache.org/maven2/org/slf4j/jcl-over-slf4j/2.0.13/jcl-over-slf4j-2.0.13.pom
2026-04-02 19:04:13,768 [Worker-12: Building] INFO  o.e.m.c.i.e.AbstractTransferListenerAdapter - Downloading https://repo.maven.apache.org/maven2/com/github/ben-manes/caffeine/caffeine/3.1.8/caffeine-3.1.8.pom
2026-04-02 19:04:13,777 [Worker-12: Building] INFO  o.e.m.c.i.e.AbstractTransferListenerAdapter - Downloaded https://repo.maven.apache.org/maven2/com/github/ben-manes/caffeine/caffeine/3.1.8/caffeine-3.1.8.pom
2026-04-02 19:04:13,817 [Worker-12: Building] INFO  o.e.m.c.i.e.AbstractTransferListenerAdapter - Downloading https://repo.maven.apache.org/maven2/org/checkerframework/checker-qual/3.37.0/checker-qual-3.37.0.pom
2026-04-02 19:04:13,823 [Worker-12: Building] INFO  o.e.m.c.i.e.AbstractTransferListenerAdapter - Downloaded https://repo.maven.apache.org/maven2/org/checkerframework/checker-qual/3.37.0/checker-qual-3.37.0.pom
2026-04-02 19:04:13,868 [Worker-12: Building] INFO  o.e.m.c.i.e.AbstractTransferListenerAdapter - Downloading https://repo.maven.apache.org/maven2/com/google/errorprone/error_prone_annotations/2.21.1/error_prone_annotations-2.21.1.pom
2026-04-02 19:04:13,876 [Worker-12: Building] INFO  o.e.m.c.i.e.AbstractTransferListenerAdapter - Downloaded https://repo.maven.apache.org/maven2/com/google/errorprone/error_prone_annotations/2.21.1/error_prone_annotations-2.21.1.pom
2026-04-02 19:04:13,917 [Worker-12: Building] INFO  o.e.m.c.i.e.AbstractTransferListenerAdapter - Downloading https://repo.maven.apache.org/maven2/com/google/errorprone/error_prone_parent/2.21.1/error_prone_parent-2.21.1.pom
2026-04-02 19:04:13,926 [Worker-12: Building] INFO  o.e.m.c.i.e.AbstractTransferListenerAdapter - Downloaded https://repo.maven.apache.org/maven2/com/google/errorprone/error_prone_parent/2.21.1/error_prone_parent-2.21.1.pom
2026-04-02 19:04:13,947 [Worker-12: Building] INFO  o.e.m.c.i.e.AbstractTransferListenerAdapter - Downloading https://repo.maven.apache.org/maven2/org/checkerframework/checker-qual/3.32.0/checker-qual-3.32.0.pom
2026-04-02 19:04:13,974 [Worker-12: Building] INFO  o.e.m.c.i.e.AbstractTransferListenerAdapter - Downloaded https://repo.maven.apache.org/maven2/org/checkerframework/checker-qual/3.32.0/checker-qual-3.32.0.pom
2026-04-02 19:04:14,017 [Worker-12: Building] INFO  o.e.m.c.i.e.AbstractTransferListenerAdapter - Downloading https://repo.maven.apache.org/maven2/io/jsonwebtoken/jjwt-api/0.12.5/jjwt-api-0.12.5.pom
2026-04-02 19:04:14,025 [Worker-12: Building] INFO  o.e.m.c.i.e.AbstractTransferListenerAdapter - Downloaded https://repo.maven.apache.org/maven2/io/jsonwebtoken/jjwt-api/0.12.5/jjwt-api-0.12.5.pom
2026-04-02 19:04:14,068 [Worker-12: Building] INFO  o.e.m.c.i.e.AbstractTransferListenerAdapter - Downloading https://repo.maven.apache.org/maven2/io/jsonwebtoken/jjwt-root/0.12.5/jjwt-root-0.12.5.pom
2026-04-02 19:04:14,101 [Worker-12: Building] INFO  o.e.m.c.i.e.AbstractTransferListenerAdapter - Downloaded https://repo.maven.apache.org/maven2/io/jsonwebtoken/jjwt-root/0.12.5/jjwt-root-0.12.5.pom
2026-04-02 19:04:14,128 [Worker-12: Building] INFO  o.e.m.c.i.e.AbstractTransferListenerAdapter - Downloading https://repo.maven.apache.org/maven2/io/jsonwebtoken/jjwt-impl/0.12.5/jjwt-impl-0.12.5.pom
2026-04-02 19:04:14,136 [Worker-12: Building] INFO  o.e.m.c.i.e.AbstractTransferListenerAdapter - Downloaded https://repo.maven.apache.org/maven2/io/jsonwebtoken/jjwt-impl/0.12.5/jjwt-impl-0.12.5.pom
2026-04-02 19:04:14,358 [Worker-12: Building] INFO  o.e.m.c.i.e.AbstractTransferListenerAdapter - Downloading https://repo.maven.apache.org/maven2/io/jsonwebtoken/jjwt-jackson/0.12.5/jjwt-jackson-0.12.5.pom
2026-04-02 19:04:14,366 [Worker-12: Building] INFO  o.e.m.c.i.e.AbstractTransferListenerAdapter - Downloaded https://repo.maven.apache.org/maven2/io/jsonwebtoken/jjwt-jackson/0.12.5/jjwt-jackson-0.12.5.pom
2026-04-02 19:04:14,410 [Worker-12: Building] INFO  o.e.m.c.i.e.AbstractTransferListenerAdapter - Downloading https://repo.maven.apache.org/maven2/org/projectlombok/lombok/1.18.32/lombok-1.18.32.pom
2026-04-02 19:04:14,415 [Worker-12: Building] INFO  o.e.m.c.i.e.AbstractTransferListenerAdapter - Downloaded https://repo.maven.apache.org/maven2/org/projectlombok/lombok/1.18.32/lombok-1.18.32.pom
2026-04-02 19:04:14,481 [Worker-12: Building] INFO  o.e.m.c.i.e.AbstractTransferListenerAdapter - Downloading https://repo.maven.apache.org/maven2/org/springframework/boot/spring-boot-starter-test/3.2.5/spring-boot-starter-test-3.2.5.pom
2026-04-02 19:04:14,488 [Worker-12: Building] INFO  o.e.m.c.i.e.AbstractTransferListenerAdapter - Downloaded https://repo.maven.apache.org/maven2/org/springframework/boot/spring-boot-starter-test/3.2.5/spring-boot-starter-test-3.2.5.pom
2026-04-02 19:04:14,556 [Worker-12: Building] INFO  o.e.m.c.i.e.AbstractTransferListenerAdapter - Downloading https://repo.maven.apache.org/maven2/org/springframework/boot/spring-boot-test/3.2.5/spring-boot-test-3.2.5.pom
2026-04-02 19:04:14,563 [Worker-12: Building] INFO  o.e.m.c.i.e.AbstractTransferListenerAdapter - Downloaded https://repo.maven.apache.org/maven2/org/springframework/boot/spring-boot-test/3.2.5/spring-boot-test-3.2.5.pom
2026-04-02 19:04:14,629 [Worker-12: Building] INFO  o.e.m.c.i.e.AbstractTransferListenerAdapter - Downloading https://repo.maven.apache.org/maven2/org/springframework/boot/spring-boot-test-autoconfigure/3.2.5/spring-boot-test-autoconfigure-3.2.5.pom
2026-04-02 19:04:14,637 [Worker-12: Building] INFO  o.e.m.c.i.e.AbstractTransferListenerAdapter - Downloaded https://repo.maven.apache.org/maven2/org/springframework/boot/spring-boot-test-autoconfigure/3.2.5/spring-boot-test-autoconfigure-3.2.5.pom
2026-04-02 19:04:14,694 [Worker-12: Building] INFO  o.e.m.c.i.e.AbstractTransferListenerAdapter - Downloading https://repo.maven.apache.org/maven2/org/assertj/assertj-core/3.24.2/assertj-core-3.24.2.pom
2026-04-02 19:04:14,700 [Worker-12: Building] INFO  o.e.m.c.i.e.AbstractTransferListenerAdapter - Downloaded https://repo.maven.apache.org/maven2/org/assertj/assertj-core/3.24.2/assertj-core-3.24.2.pom
2026-04-02 19:04:14,741 [Worker-12: Building] INFO  o.e.m.c.i.e.AbstractTransferListenerAdapter - Downloading https://repo.maven.apache.org/maven2/org/assertj/assertj-parent/3.24.2/assertj-parent-3.24.2.pom
2026-04-02 19:04:14,748 [Worker-12: Building] INFO  o.e.m.c.i.e.AbstractTransferListenerAdapter - Downloaded https://repo.maven.apache.org/maven2/org/assertj/assertj-parent/3.24.2/assertj-parent-3.24.2.pom
2026-04-02 19:04:14,791 [Worker-12: Building] INFO  o.e.m.c.i.e.AbstractTransferListenerAdapter - Downloading https://repo.maven.apache.org/maven2/org/assertj/assertj-build/3.24.2/assertj-build-3.24.2.pom
2026-04-02 19:04:14,817 [Worker-12: Building] INFO  o.e.m.c.i.e.AbstractTransferListenerAdapter - Downloaded https://repo.maven.apache.org/maven2/org/assertj/assertj-build/3.24.2/assertj-build-3.24.2.pom
2026-04-02 19:04:14,836 [Worker-12: Building] INFO  o.e.m.c.i.e.AbstractTransferListenerAdapter - Downloading https://repo.maven.apache.org/maven2/org/junit/junit-bom/5.9.1/junit-bom-5.9.1.pom
2026-04-02 19:04:14,864 [Worker-12: Building] INFO  o.e.m.c.i.e.AbstractTransferListenerAdapter - Downloaded https://repo.maven.apache.org/maven2/org/junit/junit-bom/5.9.1/junit-bom-5.9.1.pom
2026-04-02 19:04:14,885 [Worker-12: Building] INFO  o.e.m.c.i.e.AbstractTransferListenerAdapter - Downloading https://repo.maven.apache.org/maven2/org/awaitility/awaitility/4.2.1/awaitility-4.2.1.pom
2026-04-02 19:04:14,913 [Worker-12: Building] INFO  o.e.m.c.i.e.AbstractTransferListenerAdapter - Downloaded https://repo.maven.apache.org/maven2/org/awaitility/awaitility/4.2.1/awaitility-4.2.1.pom
2026-04-02 19:04:14,937 [Worker-12: Building] INFO  o.e.m.c.i.e.AbstractTransferListenerAdapter - Downloading https://repo.maven.apache.org/maven2/org/awaitility/awaitility-parent/4.2.1/awaitility-parent-4.2.1.pom
2026-04-02 19:04:14,968 [Worker-12: Building] INFO  o.e.m.c.i.e.AbstractTransferListenerAdapter - Downloaded https://repo.maven.apache.org/maven2/org/awaitility/awaitility-parent/4.2.1/awaitility-parent-4.2.1.pom
2026-04-02 19:04:14,995 [Worker-12: Building] INFO  o.e.m.c.i.e.AbstractTransferListenerAdapter - Downloading https://repo.maven.apache.org/maven2/org/junit/jupiter/junit-jupiter/5.10.2/junit-jupiter-5.10.2.pom
2026-04-02 19:04:15,042 [Worker-12: Building] INFO  o.e.m.c.i.e.AbstractTransferListenerAdapter - Downloaded https://repo.maven.apache.org/maven2/org/junit/jupiter/junit-jupiter/5.10.2/junit-jupiter-5.10.2.pom
2026-04-02 19:04:15,063 [Worker-12: Building] INFO  o.e.m.c.i.e.AbstractTransferListenerAdapter - Downloading https://repo.maven.apache.org/maven2/org/junit/jupiter/junit-jupiter-api/5.10.2/junit-jupiter-api-5.10.2.pom
2026-04-02 19:04:15,089 [Worker-12: Building] INFO  o.e.m.c.i.e.AbstractTransferListenerAdapter - Downloaded https://repo.maven.apache.org/maven2/org/junit/jupiter/junit-jupiter-api/5.10.2/junit-jupiter-api-5.10.2.pom
2026-04-02 19:04:15,113 [Worker-12: Building] INFO  o.e.m.c.i.e.AbstractTransferListenerAdapter - Downloading https://repo.maven.apache.org/maven2/org/junit/platform/junit-platform-commons/1.10.2/junit-platform-commons-1.10.2.pom
2026-04-02 19:04:15,138 [Worker-12: Building] INFO  o.e.m.c.i.e.AbstractTransferListenerAdapter - Downloaded https://repo.maven.apache.org/maven2/org/junit/platform/junit-platform-commons/1.10.2/junit-platform-commons-1.10.2.pom
2026-04-02 19:04:15,164 [Worker-12: Building] INFO  o.e.m.c.i.e.AbstractTransferListenerAdapter - Downloading https://repo.maven.apache.org/maven2/org/junit/jupiter/junit-jupiter-params/5.10.2/junit-jupiter-params-5.10.2.pom
2026-04-02 19:04:15,193 [Worker-12: Building] INFO  o.e.m.c.i.e.AbstractTransferListenerAdapter - Downloaded https://repo.maven.apache.org/maven2/org/junit/jupiter/junit-jupiter-params/5.10.2/junit-jupiter-params-5.10.2.pom
2026-04-02 19:04:15,215 [Worker-12: Building] INFO  o.e.m.c.i.e.AbstractTransferListenerAdapter - Downloading https://repo.maven.apache.org/maven2/org/junit/jupiter/junit-jupiter-engine/5.10.2/junit-jupiter-engine-5.10.2.pom
2026-04-02 19:04:15,241 [Worker-12: Building] INFO  o.e.m.c.i.e.AbstractTransferListenerAdapter - Downloaded https://repo.maven.apache.org/maven2/org/junit/jupiter/junit-jupiter-engine/5.10.2/junit-jupiter-engine-5.10.2.pom
2026-04-02 19:04:15,260 [Worker-12: Building] INFO  o.e.m.c.i.e.AbstractTransferListenerAdapter - Downloading https://repo.maven.apache.org/maven2/org/junit/platform/junit-platform-engine/1.10.2/junit-platform-engine-1.10.2.pom
2026-04-02 19:04:15,286 [Worker-12: Building] INFO  o.e.m.c.i.e.AbstractTransferListenerAdapter - Downloaded https://repo.maven.apache.org/maven2/org/junit/platform/junit-platform-engine/1.10.2/junit-platform-engine-1.10.2.pom
2026-04-02 19:04:15,304 [Worker-12: Building] INFO  o.e.m.c.i.e.AbstractTransferListenerAdapter - Downloading https://repo.maven.apache.org/maven2/org/mockito/mockito-core/5.7.0/mockito-core-5.7.0.pom
2026-04-02 19:04:15,330 [Worker-12: Building] INFO  o.e.m.c.i.e.AbstractTransferListenerAdapter - Downloaded https://repo.maven.apache.org/maven2/org/mockito/mockito-core/5.7.0/mockito-core-5.7.0.pom
2026-04-02 19:04:15,351 [Worker-12: Building] INFO  o.e.m.c.i.e.AbstractTransferListenerAdapter - Downloading https://repo.maven.apache.org/maven2/net/bytebuddy/byte-buddy-agent/1.14.13/byte-buddy-agent-1.14.13.pom
2026-04-02 19:04:15,380 [Worker-12: Building] INFO  o.e.m.c.i.e.AbstractTransferListenerAdapter - Downloaded https://repo.maven.apache.org/maven2/net/bytebuddy/byte-buddy-agent/1.14.13/byte-buddy-agent-1.14.13.pom
2026-04-02 19:04:15,408 [Worker-12: Building] INFO  o.e.m.c.i.e.AbstractTransferListenerAdapter - Downloading https://repo.maven.apache.org/maven2/org/mockito/mockito-junit-jupiter/5.7.0/mockito-junit-jupiter-5.7.0.pom
2026-04-02 19:04:15,435 [Worker-12: Building] INFO  o.e.m.c.i.e.AbstractTransferListenerAdapter - Downloaded https://repo.maven.apache.org/maven2/org/mockito/mockito-junit-jupiter/5.7.0/mockito-junit-jupiter-5.7.0.pom
2026-04-02 19:04:15,458 [Worker-12: Building] INFO  o.e.m.c.i.e.AbstractTransferListenerAdapter - Downloading https://repo.maven.apache.org/maven2/org/skyscreamer/jsonassert/1.5.1/jsonassert-1.5.1.pom
2026-04-02 19:04:15,488 [Worker-12: Building] INFO  o.e.m.c.i.e.AbstractTransferListenerAdapter - Downloaded https://repo.maven.apache.org/maven2/org/skyscreamer/jsonassert/1.5.1/jsonassert-1.5.1.pom
2026-04-02 19:04:15,509 [Worker-12: Building] INFO  o.e.m.c.i.e.AbstractTransferListenerAdapter - Downloading https://repo.maven.apache.org/maven2/org/springframework/spring-test/6.1.6/spring-test-6.1.6.pom
2026-04-02 19:04:15,653 [Worker-12: Building] INFO  o.e.m.c.i.e.AbstractTransferListenerAdapter - Downloaded https://repo.maven.apache.org/maven2/org/springframework/spring-test/6.1.6/spring-test-6.1.6.pom
2026-04-02 19:04:15,829 [BasicRepositoryConnector-repo.maven.apache.org-0-3] INFO  o.e.m.c.i.e.AbstractTransferListenerAdapter - Downloading https://repo.maven.apache.org/maven2/org/springframework/boot/spring-boot-autoconfigure/3.2.5/spring-boot-autoconfigure-3.2.5.jar
2026-04-02 19:04:15,851 [BasicRepositoryConnector-repo.maven.apache.org-0-4] INFO  o.e.m.c.i.e.AbstractTransferListenerAdapter - Downloading https://repo.maven.apache.org/maven2/org/springframework/boot/spring-boot-starter-logging/3.2.5/spring-boot-starter-logging-3.2.5.jar
2026-04-02 19:04:15,857 [BasicRepositoryConnector-repo.maven.apache.org-0-0] INFO  o.e.m.c.i.e.AbstractTransferListenerAdapter - Downloading https://repo.maven.apache.org/maven2/org/springframework/boot/spring-boot-starter-web/3.2.5/spring-boot-starter-web-3.2.5.jar
2026-04-02 19:04:15,859 [BasicRepositoryConnector-repo.maven.apache.org-0-2] INFO  o.e.m.c.i.e.AbstractTransferListenerAdapter - Downloading https://repo.maven.apache.org/maven2/org/springframework/boot/spring-boot/3.2.5/spring-boot-3.2.5.jar
2026-04-02 19:04:15,859 [BasicRepositoryConnector-repo.maven.apache.org-0-4] INFO  o.e.m.c.i.e.AbstractTransferListenerAdapter - Downloaded https://repo.maven.apache.org/maven2/org/springframework/boot/spring-boot-starter-logging/3.2.5/spring-boot-starter-logging-3.2.5.jar
2026-04-02 19:04:15,859 [BasicRepositoryConnector-repo.maven.apache.org-0-1] INFO  o.e.m.c.i.e.AbstractTransferListenerAdapter - Downloading https://repo.maven.apache.org/maven2/org/springframework/boot/spring-boot-starter/3.2.5/spring-boot-starter-3.2.5.jar
2026-04-02 19:04:15,864 [BasicRepositoryConnector-repo.maven.apache.org-0-0] INFO  o.e.m.c.i.e.AbstractTransferListenerAdapter - Downloaded https://repo.maven.apache.org/maven2/org/springframework/boot/spring-boot-starter-web/3.2.5/spring-boot-starter-web-3.2.5.jar
2026-04-02 19:04:15,865 [BasicRepositoryConnector-repo.maven.apache.org-0-1] INFO  o.e.m.c.i.e.AbstractTransferListenerAdapter - Downloaded https://repo.maven.apache.org/maven2/org/springframework/boot/spring-boot-starter/3.2.5/spring-boot-starter-3.2.5.jar
2026-04-02 19:04:15,888 [BasicRepositoryConnector-repo.maven.apache.org-0-4] INFO  o.e.m.c.i.e.AbstractTransferListenerAdapter - Downloading https://repo.maven.apache.org/maven2/ch/qos/logback/logback-classic/1.4.14/logback-classic-1.4.14.jar
2026-04-02 19:04:15,892 [BasicRepositoryConnector-repo.maven.apache.org-0-1] INFO  o.e.m.c.i.e.AbstractTransferListenerAdapter - Downloading https://repo.maven.apache.org/maven2/org/apache/logging/log4j/log4j-to-slf4j/2.21.1/log4j-to-slf4j-2.21.1.jar
2026-04-02 19:04:15,892 [BasicRepositoryConnector-repo.maven.apache.org-0-0] INFO  o.e.m.c.i.e.AbstractTransferListenerAdapter - Downloading https://repo.maven.apache.org/maven2/ch/qos/logback/logback-core/1.4.14/logback-core-1.4.14.jar
2026-04-02 19:04:15,910 [BasicRepositoryConnector-repo.maven.apache.org-0-4] INFO  o.e.m.c.i.e.AbstractTransferListenerAdapter - Downloaded https://repo.maven.apache.org/maven2/ch/qos/logback/logback-classic/1.4.14/logback-classic-1.4.14.jar
2026-04-02 19:04:15,916 [BasicRepositoryConnector-repo.maven.apache.org-0-3] INFO  o.e.m.c.i.e.AbstractTransferListenerAdapter - Downloaded https://repo.maven.apache.org/maven2/org/springframework/boot/spring-boot-autoconfigure/3.2.5/spring-boot-autoconfigure-3.2.5.jar
2026-04-02 19:04:15,919 [BasicRepositoryConnector-repo.maven.apache.org-0-2] INFO  o.e.m.c.i.e.AbstractTransferListenerAdapter - Downloaded https://repo.maven.apache.org/maven2/org/springframework/boot/spring-boot/3.2.5/spring-boot-3.2.5.jar
2026-04-02 19:04:15,919 [BasicRepositoryConnector-repo.maven.apache.org-0-0] INFO  o.e.m.c.i.e.AbstractTransferListenerAdapter - Downloaded https://repo.maven.apache.org/maven2/ch/qos/logback/logback-core/1.4.14/logback-core-1.4.14.jar
2026-04-02 19:04:15,925 [BasicRepositoryConnector-repo.maven.apache.org-0-1] INFO  o.e.m.c.i.e.AbstractTransferListenerAdapter - Downloaded https://repo.maven.apache.org/maven2/org/apache/logging/log4j/log4j-to-slf4j/2.21.1/log4j-to-slf4j-2.21.1.jar
2026-04-02 19:04:15,931 [BasicRepositoryConnector-repo.maven.apache.org-0-3] INFO  o.e.m.c.i.e.AbstractTransferListenerAdapter - Downloading https://repo.maven.apache.org/maven2/org/slf4j/jul-to-slf4j/2.0.13/jul-to-slf4j-2.0.13.jar
2026-04-02 19:04:15,931 [BasicRepositoryConnector-repo.maven.apache.org-0-4] INFO  o.e.m.c.i.e.AbstractTransferListenerAdapter - Downloading https://repo.maven.apache.org/maven2/org/apache/logging/log4j/log4j-api/2.21.1/log4j-api-2.21.1.jar
2026-04-02 19:04:16,060 [BasicRepositoryConnector-repo.maven.apache.org-0-2] INFO  o.e.m.c.i.e.AbstractTransferListenerAdapter - Downloading https://repo.maven.apache.org/maven2/org/springframework/boot/spring-boot-starter-json/3.2.5/spring-boot-starter-json-3.2.5.jar
2026-04-02 19:04:16,060 [BasicRepositoryConnector-repo.maven.apache.org-0-1] INFO  o.e.m.c.i.e.AbstractTransferListenerAdapter - Downloading https://repo.maven.apache.org/maven2/com/fasterxml/jackson/datatype/jackson-datatype-jsr310/2.15.4/jackson-datatype-jsr310-2.15.4.jar
2026-04-02 19:04:16,061 [BasicRepositoryConnector-repo.maven.apache.org-0-0] INFO  o.e.m.c.i.e.AbstractTransferListenerAdapter - Downloading https://repo.maven.apache.org/maven2/com/fasterxml/jackson/datatype/jackson-datatype-jdk8/2.15.4/jackson-datatype-jdk8-2.15.4.jar
2026-04-02 19:04:16,069 [BasicRepositoryConnector-repo.maven.apache.org-0-4] INFO  o.e.m.c.i.e.AbstractTransferListenerAdapter - Downloaded https://repo.maven.apache.org/maven2/org/apache/logging/log4j/log4j-api/2.21.1/log4j-api-2.21.1.jar
2026-04-02 19:04:16,070 [BasicRepositoryConnector-repo.maven.apache.org-0-0] INFO  o.e.m.c.i.e.AbstractTransferListenerAdapter - Downloaded https://repo.maven.apache.org/maven2/com/fasterxml/jackson/datatype/jackson-datatype-jdk8/2.15.4/jackson-datatype-jdk8-2.15.4.jar
2026-04-02 19:04:16,083 [BasicRepositoryConnector-repo.maven.apache.org-0-4] INFO  o.e.m.c.i.e.AbstractTransferListenerAdapter - Downloading https://repo.maven.apache.org/maven2/com/fasterxml/jackson/module/jackson-module-parameter-names/2.15.4/jackson-module-parameter-names-2.15.4.jar
2026-04-02 19:04:16,163 [BasicRepositoryConnector-repo.maven.apache.org-0-0] INFO  o.e.m.c.i.e.AbstractTransferListenerAdapter - Downloading https://repo.maven.apache.org/maven2/org/springframework/boot/spring-boot-starter-tomcat/3.2.5/spring-boot-starter-tomcat-3.2.5.jar
2026-04-02 19:04:16,163 [BasicRepositoryConnector-repo.maven.apache.org-0-2] INFO  o.e.m.c.i.e.AbstractTransferListenerAdapter - Downloaded https://repo.maven.apache.org/maven2/org/springframework/boot/spring-boot-starter-json/3.2.5/spring-boot-starter-json-3.2.5.jar
2026-04-02 19:04:16,163 [BasicRepositoryConnector-repo.maven.apache.org-0-3] INFO  o.e.m.c.i.e.AbstractTransferListenerAdapter - Downloaded https://repo.maven.apache.org/maven2/org/slf4j/jul-to-slf4j/2.0.13/jul-to-slf4j-2.0.13.jar
2026-04-02 19:04:16,169 [BasicRepositoryConnector-repo.maven.apache.org-0-4] INFO  o.e.m.c.i.e.AbstractTransferListenerAdapter - Downloaded https://repo.maven.apache.org/maven2/com/fasterxml/jackson/module/jackson-module-parameter-names/2.15.4/jackson-module-parameter-names-2.15.4.jar
2026-04-02 19:04:16,169 [BasicRepositoryConnector-repo.maven.apache.org-0-0] INFO  o.e.m.c.i.e.AbstractTransferListenerAdapter - Downloaded https://repo.maven.apache.org/maven2/org/springframework/boot/spring-boot-starter-tomcat/3.2.5/spring-boot-starter-tomcat-3.2.5.jar
2026-04-02 19:04:16,170 [BasicRepositoryConnector-repo.maven.apache.org-0-1] INFO  o.e.m.c.i.e.AbstractTransferListenerAdapter - Downloaded https://repo.maven.apache.org/maven2/com/fasterxml/jackson/datatype/jackson-datatype-jsr310/2.15.4/jackson-datatype-jsr310-2.15.4.jar
2026-04-02 19:04:16,177 [BasicRepositoryConnector-repo.maven.apache.org-0-2] INFO  o.e.m.c.i.e.AbstractTransferListenerAdapter - Downloading https://repo.maven.apache.org/maven2/org/apache/tomcat/embed/tomcat-embed-core/10.1.20/tomcat-embed-core-10.1.20.jar
2026-04-02 19:04:16,184 [BasicRepositoryConnector-repo.maven.apache.org-0-3] INFO  o.e.m.c.i.e.AbstractTransferListenerAdapter - Downloading https://repo.maven.apache.org/maven2/org/apache/tomcat/embed/tomcat-embed-websocket/10.1.20/tomcat-embed-websocket-10.1.20.jar
2026-04-02 19:04:16,188 [BasicRepositoryConnector-repo.maven.apache.org-0-4] INFO  o.e.m.c.i.e.AbstractTransferListenerAdapter - Downloading https://repo.maven.apache.org/maven2/org/springframework/spring-web/6.1.6/spring-web-6.1.6.jar
2026-04-02 19:04:16,195 [BasicRepositoryConnector-repo.maven.apache.org-0-1] INFO  o.e.m.c.i.e.AbstractTransferListenerAdapter - Downloading https://repo.maven.apache.org/maven2/io/micrometer/micrometer-observation/1.12.5/micrometer-observation-1.12.5.jar
2026-04-02 19:04:16,281 [BasicRepositoryConnector-repo.maven.apache.org-0-0] INFO  o.e.m.c.i.e.AbstractTransferListenerAdapter - Downloading https://repo.maven.apache.org/maven2/org/springframework/spring-beans/6.1.6/spring-beans-6.1.6.jar
2026-04-02 19:04:16,301 [BasicRepositoryConnector-repo.maven.apache.org-0-1] INFO  o.e.m.c.i.e.AbstractTransferListenerAdapter - Downloaded https://repo.maven.apache.org/maven2/io/micrometer/micrometer-observation/1.12.5/micrometer-observation-1.12.5.jar
2026-04-02 19:04:16,349 [BasicRepositoryConnector-repo.maven.apache.org-0-1] INFO  o.e.m.c.i.e.AbstractTransferListenerAdapter - Downloading https://repo.maven.apache.org/maven2/io/micrometer/micrometer-commons/1.12.5/micrometer-commons-1.12.5.jar
2026-04-02 19:04:16,350 [BasicRepositoryConnector-repo.maven.apache.org-0-3] INFO  o.e.m.c.i.e.AbstractTransferListenerAdapter - Downloaded https://repo.maven.apache.org/maven2/org/apache/tomcat/embed/tomcat-embed-websocket/10.1.20/tomcat-embed-websocket-10.1.20.jar
2026-04-02 19:04:16,390 [BasicRepositoryConnector-repo.maven.apache.org-0-3] INFO  o.e.m.c.i.e.AbstractTransferListenerAdapter - Downloading https://repo.maven.apache.org/maven2/org/springframework/spring-webmvc/6.1.6/spring-webmvc-6.1.6.jar
2026-04-02 19:04:16,392 [BasicRepositoryConnector-repo.maven.apache.org-0-0] INFO  o.e.m.c.i.e.AbstractTransferListenerAdapter - Downloaded https://repo.maven.apache.org/maven2/org/springframework/spring-beans/6.1.6/spring-beans-6.1.6.jar
2026-04-02 19:04:16,397 [BasicRepositoryConnector-repo.maven.apache.org-0-1] INFO  o.e.m.c.i.e.AbstractTransferListenerAdapter - Downloaded https://repo.maven.apache.org/maven2/io/micrometer/micrometer-commons/1.12.5/micrometer-commons-1.12.5.jar
2026-04-02 19:04:16,403 [BasicRepositoryConnector-repo.maven.apache.org-0-2] INFO  o.e.m.c.i.e.AbstractTransferListenerAdapter - Downloaded https://repo.maven.apache.org/maven2/org/apache/tomcat/embed/tomcat-embed-core/10.1.20/tomcat-embed-core-10.1.20.jar
2026-04-02 19:04:16,406 [BasicRepositoryConnector-repo.maven.apache.org-0-4] INFO  o.e.m.c.i.e.AbstractTransferListenerAdapter - Downloaded https://repo.maven.apache.org/maven2/org/springframework/spring-web/6.1.6/spring-web-6.1.6.jar
2026-04-02 19:04:16,409 [BasicRepositoryConnector-repo.maven.apache.org-0-0] INFO  o.e.m.c.i.e.AbstractTransferListenerAdapter - Downloading https://repo.maven.apache.org/maven2/org/springframework/spring-context/6.1.6/spring-context-6.1.6.jar
2026-04-02 19:04:16,412 [BasicRepositoryConnector-repo.maven.apache.org-0-1] INFO  o.e.m.c.i.e.AbstractTransferListenerAdapter - Downloading https://repo.maven.apache.org/maven2/org/springframework/spring-expression/6.1.6/spring-expression-6.1.6.jar
2026-04-02 19:04:16,414 [BasicRepositoryConnector-repo.maven.apache.org-0-3] INFO  o.e.m.c.i.e.AbstractTransferListenerAdapter - Downloaded https://repo.maven.apache.org/maven2/org/springframework/spring-webmvc/6.1.6/spring-webmvc-6.1.6.jar
2026-04-02 19:04:16,426 [BasicRepositoryConnector-repo.maven.apache.org-0-4] INFO  o.e.m.c.i.e.AbstractTransferListenerAdapter - Downloading https://repo.maven.apache.org/maven2/org/springframework/spring-aop/6.1.6/spring-aop-6.1.6.jar
2026-04-02 19:04:16,428 [BasicRepositoryConnector-repo.maven.apache.org-0-2] INFO  o.e.m.c.i.e.AbstractTransferListenerAdapter - Downloading https://repo.maven.apache.org/maven2/org/springframework/boot/spring-boot-starter-security/3.2.5/spring-boot-starter-security-3.2.5.jar
2026-04-02 19:04:16,470 [BasicRepositoryConnector-repo.maven.apache.org-0-2] INFO  o.e.m.c.i.e.AbstractTransferListenerAdapter - Downloaded https://repo.maven.apache.org/maven2/org/springframework/boot/spring-boot-starter-security/3.2.5/spring-boot-starter-security-3.2.5.jar
2026-04-02 19:04:16,476 [BasicRepositoryConnector-repo.maven.apache.org-0-3] INFO  o.e.m.c.i.e.AbstractTransferListenerAdapter - Downloading https://repo.maven.apache.org/maven2/org/springframework/security/spring-security-config/6.2.4/spring-security-config-6.2.4.jar
2026-04-02 19:04:16,481 [BasicRepositoryConnector-repo.maven.apache.org-0-0] INFO  o.e.m.c.i.e.AbstractTransferListenerAdapter - Downloaded https://repo.maven.apache.org/maven2/org/springframework/spring-context/6.1.6/spring-context-6.1.6.jar
2026-04-02 19:04:16,489 [BasicRepositoryConnector-repo.maven.apache.org-0-2] INFO  o.e.m.c.i.e.AbstractTransferListenerAdapter - Downloading https://repo.maven.apache.org/maven2/org/springframework/security/spring-security-core/6.2.4/spring-security-core-6.2.4.jar
2026-04-02 19:04:16,500 [BasicRepositoryConnector-repo.maven.apache.org-0-1] INFO  o.e.m.c.i.e.AbstractTransferListenerAdapter - Downloaded https://repo.maven.apache.org/maven2/org/springframework/spring-expression/6.1.6/spring-expression-6.1.6.jar
2026-04-02 19:04:16,512 [BasicRepositoryConnector-repo.maven.apache.org-0-3] INFO  o.e.m.c.i.e.AbstractTransferListenerAdapter - Downloaded https://repo.maven.apache.org/maven2/org/springframework/security/spring-security-config/6.2.4/spring-security-config-6.2.4.jar
2026-04-02 19:04:16,512 [BasicRepositoryConnector-repo.maven.apache.org-0-0] INFO  o.e.m.c.i.e.AbstractTransferListenerAdapter - Downloading https://repo.maven.apache.org/maven2/org/springframework/security/spring-security-web/6.2.4/spring-security-web-6.2.4.jar
2026-04-02 19:04:16,515 [BasicRepositoryConnector-repo.maven.apache.org-0-2] INFO  o.e.m.c.i.e.AbstractTransferListenerAdapter - Downloaded https://repo.maven.apache.org/maven2/org/springframework/security/spring-security-core/6.2.4/spring-security-core-6.2.4.jar
2026-04-02 19:04:16,522 [BasicRepositoryConnector-repo.maven.apache.org-0-1] INFO  o.e.m.c.i.e.AbstractTransferListenerAdapter - Downloading https://repo.maven.apache.org/maven2/org/springframework/boot/spring-boot-starter-data-jpa/3.2.5/spring-boot-starter-data-jpa-3.2.5.jar
2026-04-02 19:04:16,529 [BasicRepositoryConnector-repo.maven.apache.org-0-1] INFO  o.e.m.c.i.e.AbstractTransferListenerAdapter - Downloaded https://repo.maven.apache.org/maven2/org/springframework/boot/spring-boot-starter-data-jpa/3.2.5/spring-boot-starter-data-jpa-3.2.5.jar
2026-04-02 19:04:16,529 [BasicRepositoryConnector-repo.maven.apache.org-0-2] INFO  o.e.m.c.i.e.AbstractTransferListenerAdapter - Downloading https://repo.maven.apache.org/maven2/org/aspectj/aspectjweaver/1.9.22/aspectjweaver-1.9.22.jar
2026-04-02 19:04:16,534 [BasicRepositoryConnector-repo.maven.apache.org-0-3] INFO  o.e.m.c.i.e.AbstractTransferListenerAdapter - Downloading https://repo.maven.apache.org/maven2/org/springframework/boot/spring-boot-starter-aop/3.2.5/spring-boot-starter-aop-3.2.5.jar
2026-04-02 19:04:16,540 [BasicRepositoryConnector-repo.maven.apache.org-0-3] INFO  o.e.m.c.i.e.AbstractTransferListenerAdapter - Downloaded https://repo.maven.apache.org/maven2/org/springframework/boot/spring-boot-starter-aop/3.2.5/spring-boot-starter-aop-3.2.5.jar
2026-04-02 19:04:16,542 [BasicRepositoryConnector-repo.maven.apache.org-0-0] INFO  o.e.m.c.i.e.AbstractTransferListenerAdapter - Downloaded https://repo.maven.apache.org/maven2/org/springframework/security/spring-security-web/6.2.4/spring-security-web-6.2.4.jar
2026-04-02 19:04:16,554 [BasicRepositoryConnector-repo.maven.apache.org-0-1] INFO  o.e.m.c.i.e.AbstractTransferListenerAdapter - Downloading https://repo.maven.apache.org/maven2/org/springframework/boot/spring-boot-starter-jdbc/3.2.5/spring-boot-starter-jdbc-3.2.5.jar
2026-04-02 19:04:16,560 [BasicRepositoryConnector-repo.maven.apache.org-0-0] INFO  o.e.m.c.i.e.AbstractTransferListenerAdapter - Downloading https://repo.maven.apache.org/maven2/org/springframework/spring-jdbc/6.1.6/spring-jdbc-6.1.6.jar
2026-04-02 19:04:16,561 [BasicRepositoryConnector-repo.maven.apache.org-0-1] INFO  o.e.m.c.i.e.AbstractTransferListenerAdapter - Downloaded https://repo.maven.apache.org/maven2/org/springframework/boot/spring-boot-starter-jdbc/3.2.5/spring-boot-starter-jdbc-3.2.5.jar
2026-04-02 19:04:16,576 [BasicRepositoryConnector-repo.maven.apache.org-0-3] INFO  o.e.m.c.i.e.AbstractTransferListenerAdapter - Downloading https://repo.maven.apache.org/maven2/com/zaxxer/HikariCP/5.0.1/HikariCP-5.0.1.jar
2026-04-02 19:04:16,585 [BasicRepositoryConnector-repo.maven.apache.org-0-1] INFO  o.e.m.c.i.e.AbstractTransferListenerAdapter - Downloading https://repo.maven.apache.org/maven2/org/hibernate/orm/hibernate-core/6.4.4.Final/hibernate-core-6.4.4.Final.jar
2026-04-02 19:04:16,589 [BasicRepositoryConnector-repo.maven.apache.org-0-0] INFO  o.e.m.c.i.e.AbstractTransferListenerAdapter - Downloaded https://repo.maven.apache.org/maven2/org/springframework/spring-jdbc/6.1.6/spring-jdbc-6.1.6.jar
2026-04-02 19:04:16,590 [BasicRepositoryConnector-repo.maven.apache.org-0-3] INFO  o.e.m.c.i.e.AbstractTransferListenerAdapter - Downloaded https://repo.maven.apache.org/maven2/com/zaxxer/HikariCP/5.0.1/HikariCP-5.0.1.jar
2026-04-02 19:04:16,600 [BasicRepositoryConnector-repo.maven.apache.org-0-2] INFO  o.e.m.c.i.e.AbstractTransferListenerAdapter - Downloaded https://repo.maven.apache.org/maven2/org/aspectj/aspectjweaver/1.9.22/aspectjweaver-1.9.22.jar
2026-04-02 19:04:16,615 [BasicRepositoryConnector-repo.maven.apache.org-0-3] INFO  o.e.m.c.i.e.AbstractTransferListenerAdapter - Downloading https://repo.maven.apache.org/maven2/net/bytebuddy/byte-buddy/1.14.13/byte-buddy-1.14.13.jar
2026-04-02 19:04:16,617 [BasicRepositoryConnector-repo.maven.apache.org-0-0] INFO  o.e.m.c.i.e.AbstractTransferListenerAdapter - Downloading https://repo.maven.apache.org/maven2/com/fasterxml/classmate/1.6.0/classmate-1.6.0.jar
2026-04-02 19:04:16,627 [BasicRepositoryConnector-repo.maven.apache.org-0-0] INFO  o.e.m.c.i.e.AbstractTransferListenerAdapter - Downloaded https://repo.maven.apache.org/maven2/com/fasterxml/classmate/1.6.0/classmate-1.6.0.jar
2026-04-02 19:04:16,659 [BasicRepositoryConnector-repo.maven.apache.org-0-0] INFO  o.e.m.c.i.e.AbstractTransferListenerAdapter - Downloading https://repo.maven.apache.org/maven2/org/springframework/data/spring-data-commons/3.2.5/spring-data-commons-3.2.5.jar
2026-04-02 19:04:16,729 [BasicRepositoryConnector-repo.maven.apache.org-0-4] INFO  o.e.m.c.i.e.AbstractTransferListenerAdapter - Downloaded https://repo.maven.apache.org/maven2/org/springframework/spring-aop/6.1.6/spring-aop-6.1.6.jar
2026-04-02 19:04:16,738 [BasicRepositoryConnector-repo.maven.apache.org-0-2] INFO  o.e.m.c.i.e.AbstractTransferListenerAdapter - Downloading https://repo.maven.apache.org/maven2/org/springframework/data/spring-data-jpa/3.2.5/spring-data-jpa-3.2.5.jar
2026-04-02 19:04:16,771 [BasicRepositoryConnector-repo.maven.apache.org-0-4] INFO  o.e.m.c.i.e.AbstractTransferListenerAdapter - Downloading https://repo.maven.apache.org/maven2/org/springframework/spring-orm/6.1.6/spring-orm-6.1.6.jar
2026-04-02 19:04:16,787 [BasicRepositoryConnector-repo.maven.apache.org-0-4] INFO  o.e.m.c.i.e.AbstractTransferListenerAdapter - Downloaded https://repo.maven.apache.org/maven2/org/springframework/spring-orm/6.1.6/spring-orm-6.1.6.jar
2026-04-02 19:04:16,801 [BasicRepositoryConnector-repo.maven.apache.org-0-2] INFO  o.e.m.c.i.e.AbstractTransferListenerAdapter - Downloaded https://repo.maven.apache.org/maven2/org/springframework/data/spring-data-jpa/3.2.5/spring-data-jpa-3.2.5.jar
2026-04-02 19:04:16,806 [BasicRepositoryConnector-repo.maven.apache.org-0-4] INFO  o.e.m.c.i.e.AbstractTransferListenerAdapter - Downloading https://repo.maven.apache.org/maven2/org/springframework/spring-tx/6.1.6/spring-tx-6.1.6.jar
2026-04-02 19:04:16,821 [BasicRepositoryConnector-repo.maven.apache.org-0-2] INFO  o.e.m.c.i.e.AbstractTransferListenerAdapter - Downloading https://repo.maven.apache.org/maven2/org/slf4j/slf4j-api/2.0.13/slf4j-api-2.0.13.jar
2026-04-02 19:04:16,836 [BasicRepositoryConnector-repo.maven.apache.org-0-2] INFO  o.e.m.c.i.e.AbstractTransferListenerAdapter - Downloaded https://repo.maven.apache.org/maven2/org/slf4j/slf4j-api/2.0.13/slf4j-api-2.0.13.jar
2026-04-02 19:04:16,840 [BasicRepositoryConnector-repo.maven.apache.org-0-4] INFO  o.e.m.c.i.e.AbstractTransferListenerAdapter - Downloaded https://repo.maven.apache.org/maven2/org/springframework/spring-tx/6.1.6/spring-tx-6.1.6.jar
2026-04-02 19:04:16,856 [BasicRepositoryConnector-repo.maven.apache.org-0-2] INFO  o.e.m.c.i.e.AbstractTransferListenerAdapter - Downloading https://repo.maven.apache.org/maven2/org/springframework/spring-aspects/6.1.6/spring-aspects-6.1.6.jar
2026-04-02 19:04:16,861 [BasicRepositoryConnector-repo.maven.apache.org-0-4] INFO  o.e.m.c.i.e.AbstractTransferListenerAdapter - Downloading https://repo.maven.apache.org/maven2/org/springframework/boot/spring-boot-starter-validation/3.2.5/spring-boot-starter-validation-3.2.5.jar
2026-04-02 19:04:16,868 [BasicRepositoryConnector-repo.maven.apache.org-0-4] INFO  o.e.m.c.i.e.AbstractTransferListenerAdapter - Downloaded https://repo.maven.apache.org/maven2/org/springframework/boot/spring-boot-starter-validation/3.2.5/spring-boot-starter-validation-3.2.5.jar
2026-04-02 19:04:16,868 [BasicRepositoryConnector-repo.maven.apache.org-0-2] INFO  o.e.m.c.i.e.AbstractTransferListenerAdapter - Downloaded https://repo.maven.apache.org/maven2/org/springframework/spring-aspects/6.1.6/spring-aspects-6.1.6.jar
2026-04-02 19:04:16,885 [BasicRepositoryConnector-repo.maven.apache.org-0-3] INFO  o.e.m.c.i.e.AbstractTransferListenerAdapter - Downloaded https://repo.maven.apache.org/maven2/net/bytebuddy/byte-buddy/1.14.13/byte-buddy-1.14.13.jar
2026-04-02 19:04:16,887 [BasicRepositoryConnector-repo.maven.apache.org-0-4] INFO  o.e.m.c.i.e.AbstractTransferListenerAdapter - Downloading https://repo.maven.apache.org/maven2/org/apache/tomcat/embed/tomcat-embed-el/10.1.20/tomcat-embed-el-10.1.20.jar
2026-04-02 19:04:16,894 [BasicRepositoryConnector-repo.maven.apache.org-0-2] INFO  o.e.m.c.i.e.AbstractTransferListenerAdapter - Downloading https://repo.maven.apache.org/maven2/org/hibernate/validator/hibernate-validator/8.0.1.Final/hibernate-validator-8.0.1.Final.jar
2026-04-02 19:04:16,979 [BasicRepositoryConnector-repo.maven.apache.org-0-3] INFO  o.e.m.c.i.e.AbstractTransferListenerAdapter - Downloading https://repo.maven.apache.org/maven2/jakarta/validation/jakarta.validation-api/3.0.2/jakarta.validation-api-3.0.2.jar
2026-04-02 19:04:16,984 [BasicRepositoryConnector-repo.maven.apache.org-0-4] INFO  o.e.m.c.i.e.AbstractTransferListenerAdapter - Downloaded https://repo.maven.apache.org/maven2/org/apache/tomcat/embed/tomcat-embed-el/10.1.20/tomcat-embed-el-10.1.20.jar
2026-04-02 19:04:17,049 [BasicRepositoryConnector-repo.maven.apache.org-0-4] INFO  o.e.m.c.i.e.AbstractTransferListenerAdapter - Downloading https://repo.maven.apache.org/maven2/org/mariadb/jdbc/mariadb-java-client/3.3.3/mariadb-java-client-3.3.3.jar
2026-04-02 19:04:17,050 [BasicRepositoryConnector-repo.maven.apache.org-0-3] INFO  o.e.m.c.i.e.AbstractTransferListenerAdapter - Downloaded https://repo.maven.apache.org/maven2/jakarta/validation/jakarta.validation-api/3.0.2/jakarta.validation-api-3.0.2.jar
2026-04-02 19:04:17,060 [BasicRepositoryConnector-repo.maven.apache.org-0-0] INFO  o.e.m.c.i.e.AbstractTransferListenerAdapter - Downloaded https://repo.maven.apache.org/maven2/org/springframework/data/spring-data-commons/3.2.5/spring-data-commons-3.2.5.jar
2026-04-02 19:04:17,063 [BasicRepositoryConnector-repo.maven.apache.org-0-1] INFO  o.e.m.c.i.e.AbstractTransferListenerAdapter - Downloaded https://repo.maven.apache.org/maven2/org/hibernate/orm/hibernate-core/6.4.4.Final/hibernate-core-6.4.4.Final.jar
2026-04-02 19:04:17,072 [BasicRepositoryConnector-repo.maven.apache.org-0-3] INFO  o.e.m.c.i.e.AbstractTransferListenerAdapter - Downloading https://repo.maven.apache.org/maven2/com/github/waffle/waffle-jna/3.3.0/waffle-jna-3.3.0.jar
2026-04-02 19:04:17,073 [BasicRepositoryConnector-repo.maven.apache.org-0-0] INFO  o.e.m.c.i.e.AbstractTransferListenerAdapter - Downloading https://repo.maven.apache.org/maven2/net/java/dev/jna/jna/5.13.0/jna-5.13.0.jar
2026-04-02 19:04:17,077 [BasicRepositoryConnector-repo.maven.apache.org-0-2] INFO  o.e.m.c.i.e.AbstractTransferListenerAdapter - Downloaded https://repo.maven.apache.org/maven2/org/hibernate/validator/hibernate-validator/8.0.1.Final/hibernate-validator-8.0.1.Final.jar
2026-04-02 19:04:17,077 [BasicRepositoryConnector-repo.maven.apache.org-0-1] INFO  o.e.m.c.i.e.AbstractTransferListenerAdapter - Downloading https://repo.maven.apache.org/maven2/net/java/dev/jna/jna-platform/5.13.0/jna-platform-5.13.0.jar
2026-04-02 19:04:17,082 [BasicRepositoryConnector-repo.maven.apache.org-0-3] INFO  o.e.m.c.i.e.AbstractTransferListenerAdapter - Downloaded https://repo.maven.apache.org/maven2/com/github/waffle/waffle-jna/3.3.0/waffle-jna-3.3.0.jar
2026-04-02 19:04:17,108 [BasicRepositoryConnector-repo.maven.apache.org-0-3] INFO  o.e.m.c.i.e.AbstractTransferListenerAdapter - Downloading https://repo.maven.apache.org/maven2/com/github/ben-manes/caffeine/caffeine/3.1.8/caffeine-3.1.8.jar
2026-04-02 19:04:17,134 [BasicRepositoryConnector-repo.maven.apache.org-0-2] INFO  o.e.m.c.i.e.AbstractTransferListenerAdapter - Downloading https://repo.maven.apache.org/maven2/org/slf4j/jcl-over-slf4j/2.0.13/jcl-over-slf4j-2.0.13.jar
2026-04-02 19:04:17,248 [BasicRepositoryConnector-repo.maven.apache.org-0-4] INFO  o.e.m.c.i.e.AbstractTransferListenerAdapter - Downloaded https://repo.maven.apache.org/maven2/org/mariadb/jdbc/mariadb-java-client/3.3.3/mariadb-java-client-3.3.3.jar
2026-04-02 19:04:17,251 [BasicRepositoryConnector-repo.maven.apache.org-0-2] INFO  o.e.m.c.i.e.AbstractTransferListenerAdapter - Downloaded https://repo.maven.apache.org/maven2/org/slf4j/jcl-over-slf4j/2.0.13/jcl-over-slf4j-2.0.13.jar
2026-04-02 19:04:17,256 [BasicRepositoryConnector-repo.maven.apache.org-0-3] INFO  o.e.m.c.i.e.AbstractTransferListenerAdapter - Downloaded https://repo.maven.apache.org/maven2/com/github/ben-manes/caffeine/caffeine/3.1.8/caffeine-3.1.8.jar
2026-04-02 19:04:17,256 [BasicRepositoryConnector-repo.maven.apache.org-0-0] INFO  o.e.m.c.i.e.AbstractTransferListenerAdapter - Downloaded https://repo.maven.apache.org/maven2/net/java/dev/jna/jna/5.13.0/jna-5.13.0.jar
2026-04-02 19:04:17,258 [BasicRepositoryConnector-repo.maven.apache.org-0-1] INFO  o.e.m.c.i.e.AbstractTransferListenerAdapter - Downloaded https://repo.maven.apache.org/maven2/net/java/dev/jna/jna-platform/5.13.0/jna-platform-5.13.0.jar
2026-04-02 19:04:17,263 [BasicRepositoryConnector-repo.maven.apache.org-0-4] INFO  o.e.m.c.i.e.AbstractTransferListenerAdapter - Downloading https://repo.maven.apache.org/maven2/com/google/errorprone/error_prone_annotations/2.21.1/error_prone_annotations-2.21.1.jar
2026-04-02 19:04:17,272 [BasicRepositoryConnector-repo.maven.apache.org-0-4] INFO  o.e.m.c.i.e.AbstractTransferListenerAdapter - Downloaded https://repo.maven.apache.org/maven2/com/google/errorprone/error_prone_annotations/2.21.1/error_prone_annotations-2.21.1.jar
2026-04-02 19:04:17,272 [BasicRepositoryConnector-repo.maven.apache.org-0-1] INFO  o.e.m.c.i.e.AbstractTransferListenerAdapter - Downloading https://repo.maven.apache.org/maven2/io/jsonwebtoken/jjwt-impl/0.12.5/jjwt-impl-0.12.5.jar
2026-04-02 19:04:17,357 [BasicRepositoryConnector-repo.maven.apache.org-0-0] INFO  o.e.m.c.i.e.AbstractTransferListenerAdapter - Downloading https://repo.maven.apache.org/maven2/io/jsonwebtoken/jjwt-api/0.12.5/jjwt-api-0.12.5.jar
2026-04-02 19:04:17,357 [BasicRepositoryConnector-repo.maven.apache.org-0-2] INFO  o.e.m.c.i.e.AbstractTransferListenerAdapter - Downloading https://repo.maven.apache.org/maven2/org/checkerframework/checker-qual/3.32.0/checker-qual-3.32.0.jar
2026-04-02 19:04:17,357 [BasicRepositoryConnector-repo.maven.apache.org-0-3] INFO  o.e.m.c.i.e.AbstractTransferListenerAdapter - Downloading https://repo.maven.apache.org/maven2/org/springframework/security/spring-security-crypto/6.2.4/spring-security-crypto-6.2.4.jar
2026-04-02 19:04:17,358 [BasicRepositoryConnector-repo.maven.apache.org-0-4] INFO  o.e.m.c.i.e.AbstractTransferListenerAdapter - Downloading https://repo.maven.apache.org/maven2/io/jsonwebtoken/jjwt-jackson/0.12.5/jjwt-jackson-0.12.5.jar
2026-04-02 19:04:17,467 [BasicRepositoryConnector-repo.maven.apache.org-0-1] INFO  o.e.m.c.i.e.AbstractTransferListenerAdapter - Downloaded https://repo.maven.apache.org/maven2/io/jsonwebtoken/jjwt-impl/0.12.5/jjwt-impl-0.12.5.jar
2026-04-02 19:04:17,470 [BasicRepositoryConnector-repo.maven.apache.org-0-4] INFO  o.e.m.c.i.e.AbstractTransferListenerAdapter - Downloaded https://repo.maven.apache.org/maven2/io/jsonwebtoken/jjwt-jackson/0.12.5/jjwt-jackson-0.12.5.jar
2026-04-02 19:04:17,470 [BasicRepositoryConnector-repo.maven.apache.org-0-3] INFO  o.e.m.c.i.e.AbstractTransferListenerAdapter - Downloaded https://repo.maven.apache.org/maven2/org/springframework/security/spring-security-crypto/6.2.4/spring-security-crypto-6.2.4.jar
2026-04-02 19:04:17,470 [BasicRepositoryConnector-repo.maven.apache.org-0-0] INFO  o.e.m.c.i.e.AbstractTransferListenerAdapter - Downloaded https://repo.maven.apache.org/maven2/io/jsonwebtoken/jjwt-api/0.12.5/jjwt-api-0.12.5.jar
2026-04-02 19:04:17,473 [BasicRepositoryConnector-repo.maven.apache.org-0-2] INFO  o.e.m.c.i.e.AbstractTransferListenerAdapter - Downloaded https://repo.maven.apache.org/maven2/org/checkerframework/checker-qual/3.32.0/checker-qual-3.32.0.jar
2026-04-02 19:04:17,486 [BasicRepositoryConnector-repo.maven.apache.org-0-4] INFO  o.e.m.c.i.e.AbstractTransferListenerAdapter - Downloading https://repo.maven.apache.org/maven2/com/fasterxml/jackson/core/jackson-annotations/2.15.4/jackson-annotations-2.15.4.jar
2026-04-02 19:04:17,488 [BasicRepositoryConnector-repo.maven.apache.org-0-1] INFO  o.e.m.c.i.e.AbstractTransferListenerAdapter - Downloading https://repo.maven.apache.org/maven2/com/fasterxml/jackson/core/jackson-databind/2.15.4/jackson-databind-2.15.4.jar
2026-04-02 19:04:17,488 [BasicRepositoryConnector-repo.maven.apache.org-0-2] INFO  o.e.m.c.i.e.AbstractTransferListenerAdapter - Downloading https://repo.maven.apache.org/maven2/org/springframework/boot/spring-boot-starter-test/3.2.5/spring-boot-starter-test-3.2.5.jar
2026-04-02 19:04:17,490 [BasicRepositoryConnector-repo.maven.apache.org-0-3] INFO  o.e.m.c.i.e.AbstractTransferListenerAdapter - Downloading https://repo.maven.apache.org/maven2/com/fasterxml/jackson/core/jackson-core/2.15.4/jackson-core-2.15.4.jar
2026-04-02 19:04:17,492 [BasicRepositoryConnector-repo.maven.apache.org-0-0] INFO  o.e.m.c.i.e.AbstractTransferListenerAdapter - Downloading https://repo.maven.apache.org/maven2/org/projectlombok/lombok/1.18.32/lombok-1.18.32.jar
2026-04-02 19:04:17,574 [BasicRepositoryConnector-repo.maven.apache.org-0-2] INFO  o.e.m.c.i.e.AbstractTransferListenerAdapter - Downloaded https://repo.maven.apache.org/maven2/org/springframework/boot/spring-boot-starter-test/3.2.5/spring-boot-starter-test-3.2.5.jar
2026-04-02 19:04:17,575 [BasicRepositoryConnector-repo.maven.apache.org-0-4] INFO  o.e.m.c.i.e.AbstractTransferListenerAdapter - Downloaded https://repo.maven.apache.org/maven2/com/fasterxml/jackson/core/jackson-annotations/2.15.4/jackson-annotations-2.15.4.jar
2026-04-02 19:04:17,586 [BasicRepositoryConnector-repo.maven.apache.org-0-1] INFO  o.e.m.c.i.e.AbstractTransferListenerAdapter - Downloaded https://repo.maven.apache.org/maven2/com/fasterxml/jackson/core/jackson-databind/2.15.4/jackson-databind-2.15.4.jar
2026-04-02 19:04:17,593 [BasicRepositoryConnector-repo.maven.apache.org-0-4] INFO  o.e.m.c.i.e.AbstractTransferListenerAdapter - Downloading https://repo.maven.apache.org/maven2/org/springframework/boot/spring-boot-test-autoconfigure/3.2.5/spring-boot-test-autoconfigure-3.2.5.jar
2026-04-02 19:04:17,671 [BasicRepositoryConnector-repo.maven.apache.org-0-2] INFO  o.e.m.c.i.e.AbstractTransferListenerAdapter - Downloading https://repo.maven.apache.org/maven2/org/springframework/boot/spring-boot-test/3.2.5/spring-boot-test-3.2.5.jar
2026-04-02 19:04:17,672 [BasicRepositoryConnector-repo.maven.apache.org-0-1] INFO  o.e.m.c.i.e.AbstractTransferListenerAdapter - Downloading https://repo.maven.apache.org/maven2/org/assertj/assertj-core/3.24.2/assertj-core-3.24.2.jar
2026-04-02 19:04:17,792 [BasicRepositoryConnector-repo.maven.apache.org-0-4] INFO  o.e.m.c.i.e.AbstractTransferListenerAdapter - Downloaded https://repo.maven.apache.org/maven2/org/springframework/boot/spring-boot-test-autoconfigure/3.2.5/spring-boot-test-autoconfigure-3.2.5.jar
2026-04-02 19:04:17,796 [BasicRepositoryConnector-repo.maven.apache.org-0-2] INFO  o.e.m.c.i.e.AbstractTransferListenerAdapter - Downloaded https://repo.maven.apache.org/maven2/org/springframework/boot/spring-boot-test/3.2.5/spring-boot-test-3.2.5.jar
2026-04-02 19:04:17,797 [BasicRepositoryConnector-repo.maven.apache.org-0-3] INFO  o.e.m.c.i.e.AbstractTransferListenerAdapter - Downloaded https://repo.maven.apache.org/maven2/com/fasterxml/jackson/core/jackson-core/2.15.4/jackson-core-2.15.4.jar
2026-04-02 19:04:17,799 [BasicRepositoryConnector-repo.maven.apache.org-0-0] INFO  o.e.m.c.i.e.AbstractTransferListenerAdapter - Downloaded https://repo.maven.apache.org/maven2/org/projectlombok/lombok/1.18.32/lombok-1.18.32.jar
2026-04-02 19:04:17,801 [BasicRepositoryConnector-repo.maven.apache.org-0-1] INFO  o.e.m.c.i.e.AbstractTransferListenerAdapter - Downloaded https://repo.maven.apache.org/maven2/org/assertj/assertj-core/3.24.2/assertj-core-3.24.2.jar
2026-04-02 19:04:17,806 [BasicRepositoryConnector-repo.maven.apache.org-0-4] INFO  o.e.m.c.i.e.AbstractTransferListenerAdapter - Downloading https://repo.maven.apache.org/maven2/org/awaitility/awaitility/4.2.1/awaitility-4.2.1.jar
2026-04-02 19:04:17,815 [BasicRepositoryConnector-repo.maven.apache.org-0-1] INFO  o.e.m.c.i.e.AbstractTransferListenerAdapter - Downloading https://repo.maven.apache.org/maven2/org/junit/jupiter/junit-jupiter-params/5.10.2/junit-jupiter-params-5.10.2.jar
2026-04-02 19:04:17,815 [BasicRepositoryConnector-repo.maven.apache.org-0-0] INFO  o.e.m.c.i.e.AbstractTransferListenerAdapter - Downloading https://repo.maven.apache.org/maven2/org/junit/platform/junit-platform-commons/1.10.2/junit-platform-commons-1.10.2.jar
2026-04-02 19:04:17,816 [BasicRepositoryConnector-repo.maven.apache.org-0-4] INFO  o.e.m.c.i.e.AbstractTransferListenerAdapter - Downloaded https://repo.maven.apache.org/maven2/org/awaitility/awaitility/4.2.1/awaitility-4.2.1.jar
2026-04-02 19:04:17,819 [BasicRepositoryConnector-repo.maven.apache.org-0-3] INFO  o.e.m.c.i.e.AbstractTransferListenerAdapter - Downloading https://repo.maven.apache.org/maven2/org/junit/jupiter/junit-jupiter-api/5.10.2/junit-jupiter-api-5.10.2.jar
2026-04-02 19:04:18,220 [BasicRepositoryConnector-repo.maven.apache.org-0-2] INFO  o.e.m.c.i.e.AbstractTransferListenerAdapter - Downloading https://repo.maven.apache.org/maven2/org/junit/jupiter/junit-jupiter/5.10.2/junit-jupiter-5.10.2.jar
2026-04-02 19:04:18,220 [BasicRepositoryConnector-repo.maven.apache.org-0-4] INFO  o.e.m.c.i.e.AbstractTransferListenerAdapter - Downloading https://repo.maven.apache.org/maven2/org/junit/jupiter/junit-jupiter-engine/5.10.2/junit-jupiter-engine-5.10.2.jar
2026-04-02 19:04:18,225 [BasicRepositoryConnector-repo.maven.apache.org-0-0] INFO  o.e.m.c.i.e.AbstractTransferListenerAdapter - Downloaded https://repo.maven.apache.org/maven2/org/junit/platform/junit-platform-commons/1.10.2/junit-platform-commons-1.10.2.jar
2026-04-02 19:04:18,227 [BasicRepositoryConnector-repo.maven.apache.org-0-2] INFO  o.e.m.c.i.e.AbstractTransferListenerAdapter - Downloaded https://repo.maven.apache.org/maven2/org/junit/jupiter/junit-jupiter/5.10.2/junit-jupiter-5.10.2.jar
2026-04-02 19:04:18,229 [BasicRepositoryConnector-repo.maven.apache.org-0-3] INFO  o.e.m.c.i.e.AbstractTransferListenerAdapter - Downloaded https://repo.maven.apache.org/maven2/org/junit/jupiter/junit-jupiter-api/5.10.2/junit-jupiter-api-5.10.2.jar
2026-04-02 19:04:18,231 [BasicRepositoryConnector-repo.maven.apache.org-0-1] INFO  o.e.m.c.i.e.AbstractTransferListenerAdapter - Downloaded https://repo.maven.apache.org/maven2/org/junit/jupiter/junit-jupiter-params/5.10.2/junit-jupiter-params-5.10.2.jar
2026-04-02 19:04:18,818 [BasicRepositoryConnector-repo.maven.apache.org-0-3] INFO  o.e.m.c.i.e.AbstractTransferListenerAdapter - Downloading https://repo.maven.apache.org/maven2/net/bytebuddy/byte-buddy-agent/1.14.13/byte-buddy-agent-1.14.13.jar
2026-04-02 19:04:18,818 [BasicRepositoryConnector-repo.maven.apache.org-0-0] INFO  o.e.m.c.i.e.AbstractTransferListenerAdapter - Downloading https://repo.maven.apache.org/maven2/org/junit/platform/junit-platform-engine/1.10.2/junit-platform-engine-1.10.2.jar
2026-04-02 19:04:18,818 [BasicRepositoryConnector-repo.maven.apache.org-0-2] INFO  o.e.m.c.i.e.AbstractTransferListenerAdapter - Downloading https://repo.maven.apache.org/maven2/org/mockito/mockito-core/5.7.0/mockito-core-5.7.0.jar
2026-04-02 19:04:18,818 [BasicRepositoryConnector-repo.maven.apache.org-0-1] INFO  o.e.m.c.i.e.AbstractTransferListenerAdapter - Downloading https://repo.maven.apache.org/maven2/org/mockito/mockito-junit-jupiter/5.7.0/mockito-junit-jupiter-5.7.0.jar
2026-04-02 19:04:18,895 [BasicRepositoryConnector-repo.maven.apache.org-0-4] INFO  o.e.m.c.i.e.AbstractTransferListenerAdapter - Downloaded https://repo.maven.apache.org/maven2/org/junit/jupiter/junit-jupiter-engine/5.10.2/junit-jupiter-engine-5.10.2.jar
2026-04-02 19:04:18,916 [BasicRepositoryConnector-repo.maven.apache.org-0-4] INFO  o.e.m.c.i.e.AbstractTransferListenerAdapter - Downloading https://repo.maven.apache.org/maven2/org/skyscreamer/jsonassert/1.5.1/jsonassert-1.5.1.jar
2026-04-02 19:04:19,061 [BasicRepositoryConnector-repo.maven.apache.org-0-1] INFO  o.e.m.c.i.e.AbstractTransferListenerAdapter - Downloaded https://repo.maven.apache.org/maven2/org/mockito/mockito-junit-jupiter/5.7.0/mockito-junit-jupiter-5.7.0.jar
2026-04-02 19:04:19,061 [BasicRepositoryConnector-repo.maven.apache.org-0-3] INFO  o.e.m.c.i.e.AbstractTransferListenerAdapter - Downloaded https://repo.maven.apache.org/maven2/net/bytebuddy/byte-buddy-agent/1.14.13/byte-buddy-agent-1.14.13.jar
2026-04-02 19:04:19,062 [BasicRepositoryConnector-repo.maven.apache.org-0-0] INFO  o.e.m.c.i.e.AbstractTransferListenerAdapter - Downloaded https://repo.maven.apache.org/maven2/org/junit/platform/junit-platform-engine/1.10.2/junit-platform-engine-1.10.2.jar
2026-04-02 19:04:19,064 [BasicRepositoryConnector-repo.maven.apache.org-0-2] INFO  o.e.m.c.i.e.AbstractTransferListenerAdapter - Downloaded https://repo.maven.apache.org/maven2/org/mockito/mockito-core/5.7.0/mockito-core-5.7.0.jar
2026-04-02 19:04:19,076 [BasicRepositoryConnector-repo.maven.apache.org-0-3] INFO  o.e.m.c.i.e.AbstractTransferListenerAdapter - Downloading https://repo.maven.apache.org/maven2/org/springframework/spring-jcl/6.1.6/spring-jcl-6.1.6.jar
2026-04-02 19:04:19,078 [BasicRepositoryConnector-repo.maven.apache.org-0-0] INFO  o.e.m.c.i.e.AbstractTransferListenerAdapter - Downloading https://repo.maven.apache.org/maven2/org/springframework/spring-test/6.1.6/spring-test-6.1.6.jar
2026-04-02 19:04:19,081 [BasicRepositoryConnector-repo.maven.apache.org-0-1] INFO  o.e.m.c.i.e.AbstractTransferListenerAdapter - Downloading https://repo.maven.apache.org/maven2/org/springframework/spring-core/6.1.6/spring-core-6.1.6.jar
2026-04-02 19:04:19,085 [BasicRepositoryConnector-repo.maven.apache.org-0-3] INFO  o.e.m.c.i.e.AbstractTransferListenerAdapter - Downloaded https://repo.maven.apache.org/maven2/org/springframework/spring-jcl/6.1.6/spring-jcl-6.1.6.jar
2026-04-02 19:04:19,126 [BasicRepositoryConnector-repo.maven.apache.org-0-0] INFO  o.e.m.c.i.e.AbstractTransferListenerAdapter - Downloaded https://repo.maven.apache.org/maven2/org/springframework/spring-test/6.1.6/spring-test-6.1.6.jar
2026-04-02 19:04:19,151 [BasicRepositoryConnector-repo.maven.apache.org-0-4] INFO  o.e.m.c.i.e.AbstractTransferListenerAdapter - Downloaded https://repo.maven.apache.org/maven2/org/skyscreamer/jsonassert/1.5.1/jsonassert-1.5.1.jar
2026-04-02 19:04:19,168 [BasicRepositoryConnector-repo.maven.apache.org-0-1] INFO  o.e.m.c.i.e.AbstractTransferListenerAdapter - Downloaded https://repo.maven.apache.org/maven2/org/springframework/spring-core/6.1.6/spring-core-6.1.6.jar
2026-04-02 19:04:20,188 [Worker-12: Building] INFO  o.e.m.c.i.e.AbstractTransferListenerAdapter - Downloading https://repo.maven.apache.org/maven2/org/springframework/boot/spring-boot-maven-plugin/3.2.5/spring-boot-maven-plugin-3.2.5.pom
2026-04-02 19:04:20,227 [Worker-12: Building] INFO  o.e.m.c.i.e.AbstractTransferListenerAdapter - Downloaded https://repo.maven.apache.org/maven2/org/springframework/boot/spring-boot-maven-plugin/3.2.5/spring-boot-maven-plugin-3.2.5.pom
2026-04-02 19:04:20,285 [Worker-12: Building] INFO  o.e.m.c.i.e.AbstractTransferListenerAdapter - Downloading https://repo.maven.apache.org/maven2/org/springframework/boot/spring-boot-maven-plugin/3.2.5/spring-boot-maven-plugin-3.2.5.jar
2026-04-02 19:04:20,297 [Worker-12: Building] INFO  o.e.m.c.i.e.AbstractTransferListenerAdapter - Downloaded https://repo.maven.apache.org/maven2/org/springframework/boot/spring-boot-maven-plugin/3.2.5/spring-boot-maven-plugin-3.2.5.jar
2026-04-02 19:04:20,413 [Worker-12: Building] INFO  o.e.m.c.i.e.AbstractTransferListenerAdapter - Downloading https://repo.maven.apache.org/maven2/org/apache/maven/plugins/maven-compiler-plugin/3.11.0/maven-compiler-plugin-3.11.0.jar
2026-04-02 19:04:20,426 [Worker-12: Building] INFO  o.e.m.c.i.e.AbstractTransferListenerAdapter - Downloaded https://repo.maven.apache.org/maven2/org/apache/maven/plugins/maven-compiler-plugin/3.11.0/maven-compiler-plugin-3.11.0.jar
2026-04-02 19:04:20,466 [Worker-12: Building] INFO  o.e.m.c.i.e.AbstractTransferListenerAdapter - Downloading https://repo.maven.apache.org/maven2/org/apache/maven/plugins/maven-surefire-plugin/3.1.2/maven-surefire-plugin-3.1.2.jar
2026-04-02 19:04:20,475 [Worker-12: Building] INFO  o.e.m.c.i.e.AbstractTransferListenerAdapter - Downloaded https://repo.maven.apache.org/maven2/org/apache/maven/plugins/maven-surefire-plugin/3.1.2/maven-surefire-plugin-3.1.2.jar
2026-04-02 19:04:20,513 [Worker-12: Building] INFO  o.e.m.c.i.e.AbstractTransferListenerAdapter - Downloading https://repo.maven.apache.org/maven2/org/apache/maven/plugins/maven-jar-plugin/3.3.0/maven-jar-plugin-3.3.0.jar
2026-04-02 19:04:20,521 [Worker-12: Building] INFO  o.e.m.c.i.e.AbstractTransferListenerAdapter - Downloaded https://repo.maven.apache.org/maven2/org/apache/maven/plugins/maven-jar-plugin/3.3.0/maven-jar-plugin-3.3.0.jar
2026-04-02 19:04:20,563 [Worker-12: Building] INFO  o.e.m.c.i.e.AbstractTransferListenerAdapter - Downloading https://repo.maven.apache.org/maven2/org/apache/maven/plugins/maven-install-plugin/3.1.1/maven-install-plugin-3.1.1.jar
2026-04-02 19:04:20,575 [Worker-12: Building] INFO  o.e.m.c.i.e.AbstractTransferListenerAdapter - Downloaded https://repo.maven.apache.org/maven2/org/apache/maven/plugins/maven-install-plugin/3.1.1/maven-install-plugin-3.1.1.jar
2026-04-02 19:04:20,617 [Worker-12: Building] INFO  o.e.m.c.i.e.AbstractTransferListenerAdapter - Downloading https://repo.maven.apache.org/maven2/org/apache/maven/plugins/maven-deploy-plugin/3.1.1/maven-deploy-plugin-3.1.1.jar
2026-04-02 19:04:20,631 [Worker-12: Building] INFO  o.e.m.c.i.e.AbstractTransferListenerAdapter - Downloaded https://repo.maven.apache.org/maven2/org/apache/maven/plugins/maven-deploy-plugin/3.1.1/maven-deploy-plugin-3.1.1.jar
2026-04-02 19:04:20,681 [Worker-12: Building] INFO  o.e.m.c.i.e.AbstractTransferListenerAdapter - Downloading https://repo.maven.apache.org/maven2/org/apache/maven/plugins/maven-compiler-plugin/3.11.0/maven-compiler-plugin-3.11.0.pom
2026-04-02 19:04:20,689 [Worker-12: Building] INFO  o.e.m.c.i.e.AbstractTransferListenerAdapter - Downloaded https://repo.maven.apache.org/maven2/org/apache/maven/plugins/maven-compiler-plugin/3.11.0/maven-compiler-plugin-3.11.0.pom
2026-04-02 19:04:20,737 [Worker-12: Building] INFO  o.e.m.c.i.e.AbstractTransferListenerAdapter - Downloading https://repo.maven.apache.org/maven2/org/apache/maven/shared/maven-shared-utils/3.3.4/maven-shared-utils-3.3.4.pom
2026-04-02 19:04:20,745 [Worker-12: Building] INFO  o.e.m.c.i.e.AbstractTransferListenerAdapter - Downloaded https://repo.maven.apache.org/maven2/org/apache/maven/shared/maven-shared-utils/3.3.4/maven-shared-utils-3.3.4.pom
2026-04-02 19:04:20,776 [Worker-12: Building] INFO  o.e.m.c.i.e.AbstractTransferListenerAdapter - Downloading https://repo.maven.apache.org/maven2/org/apache/maven/shared/maven-shared-components/34/maven-shared-components-34.pom
2026-04-02 19:04:20,783 [Worker-12: Building] INFO  o.e.m.c.i.e.AbstractTransferListenerAdapter - Downloaded https://repo.maven.apache.org/maven2/org/apache/maven/shared/maven-shared-components/34/maven-shared-components-34.pom
2026-04-02 19:04:20,819 [Worker-12: Building] INFO  o.e.m.c.i.e.AbstractTransferListenerAdapter - Downloading https://repo.maven.apache.org/maven2/org/apache/maven/maven-parent/34/maven-parent-34.pom
2026-04-02 19:04:20,847 [Worker-12: Building] INFO  o.e.m.c.i.e.AbstractTransferListenerAdapter - Downloaded https://repo.maven.apache.org/maven2/org/apache/maven/maven-parent/34/maven-parent-34.pom
2026-04-02 19:04:20,890 [Worker-12: Building] INFO  o.e.m.c.i.e.AbstractTransferListenerAdapter - Downloading https://repo.maven.apache.org/maven2/commons-io/commons-io/2.6/commons-io-2.6.pom
2026-04-02 19:04:20,900 [Worker-12: Building] INFO  o.e.m.c.i.e.AbstractTransferListenerAdapter - Downloaded https://repo.maven.apache.org/maven2/commons-io/commons-io/2.6/commons-io-2.6.pom
2026-04-02 19:04:20,940 [Worker-12: Building] INFO  o.e.m.c.i.e.AbstractTransferListenerAdapter - Downloading https://repo.maven.apache.org/maven2/org/apache/commons/commons-parent/42/commons-parent-42.pom
2026-04-02 19:04:20,956 [Worker-12: Building] INFO  o.e.m.c.i.e.AbstractTransferListenerAdapter - Downloaded https://repo.maven.apache.org/maven2/org/apache/commons/commons-parent/42/commons-parent-42.pom
2026-04-02 19:04:21,009 [Worker-12: Building] INFO  o.e.m.c.i.e.AbstractTransferListenerAdapter - Downloading https://repo.maven.apache.org/maven2/org/apache/apache/18/apache-18.pom
2026-04-02 19:04:21,055 [Worker-12: Building] INFO  o.e.m.c.i.e.AbstractTransferListenerAdapter - Downloaded https://repo.maven.apache.org/maven2/org/apache/apache/18/apache-18.pom
2026-04-02 19:04:21,107 [Worker-12: Building] INFO  o.e.m.c.i.e.AbstractTransferListenerAdapter - Downloading https://repo.maven.apache.org/maven2/org/codehaus/plexus/plexus-component-annotations/1.5.5/plexus-component-annotations-1.5.5.pom
2026-04-02 19:04:21,113 [Worker-12: Building] INFO  o.e.m.c.i.e.AbstractTransferListenerAdapter - Downloaded https://repo.maven.apache.org/maven2/org/codehaus/plexus/plexus-component-annotations/1.5.5/plexus-component-annotations-1.5.5.pom
2026-04-02 19:04:21,144 [Worker-12: Building] INFO  o.e.m.c.i.e.AbstractTransferListenerAdapter - Downloading https://repo.maven.apache.org/maven2/org/codehaus/plexus/plexus-containers/1.5.5/plexus-containers-1.5.5.pom
2026-04-02 19:04:21,149 [Worker-12: Building] INFO  o.e.m.c.i.e.AbstractTransferListenerAdapter - Downloaded https://repo.maven.apache.org/maven2/org/codehaus/plexus/plexus-containers/1.5.5/plexus-containers-1.5.5.pom
2026-04-02 19:04:21,184 [Worker-12: Building] INFO  o.e.m.c.i.e.AbstractTransferListenerAdapter - Downloading https://repo.maven.apache.org/maven2/org/codehaus/plexus/plexus/2.0.7/plexus-2.0.7.pom
2026-04-02 19:04:21,192 [Worker-12: Building] INFO  o.e.m.c.i.e.AbstractTransferListenerAdapter - Downloaded https://repo.maven.apache.org/maven2/org/codehaus/plexus/plexus/2.0.7/plexus-2.0.7.pom
2026-04-02 19:04:21,224 [Worker-12: Building] INFO  o.e.m.c.i.e.AbstractTransferListenerAdapter - Downloading https://repo.maven.apache.org/maven2/org/codehaus/plexus/plexus-java/1.1.2/plexus-java-1.1.2.pom
2026-04-02 19:04:21,229 [Worker-12: Building] INFO  o.e.m.c.i.e.AbstractTransferListenerAdapter - Downloaded https://repo.maven.apache.org/maven2/org/codehaus/plexus/plexus-java/1.1.2/plexus-java-1.1.2.pom
2026-04-02 19:04:21,263 [Worker-12: Building] INFO  o.e.m.c.i.e.AbstractTransferListenerAdapter - Downloading https://repo.maven.apache.org/maven2/org/codehaus/plexus/plexus-languages/1.1.2/plexus-languages-1.1.2.pom
2026-04-02 19:04:21,268 [Worker-12: Building] INFO  o.e.m.c.i.e.AbstractTransferListenerAdapter - Downloaded https://repo.maven.apache.org/maven2/org/codehaus/plexus/plexus-languages/1.1.2/plexus-languages-1.1.2.pom
2026-04-02 19:04:21,302 [Worker-12: Building] INFO  o.e.m.c.i.e.AbstractTransferListenerAdapter - Downloading https://repo.maven.apache.org/maven2/org/ow2/asm/asm/9.4/asm-9.4.pom
2026-04-02 19:04:21,307 [Worker-12: Building] INFO  o.e.m.c.i.e.AbstractTransferListenerAdapter - Downloaded https://repo.maven.apache.org/maven2/org/ow2/asm/asm/9.4/asm-9.4.pom
2026-04-02 19:04:21,344 [Worker-12: Building] INFO  o.e.m.c.i.e.AbstractTransferListenerAdapter - Downloading https://repo.maven.apache.org/maven2/org/codehaus/plexus/plexus-compiler-api/2.13.0/plexus-compiler-api-2.13.0.pom
2026-04-02 19:04:21,351 [Worker-12: Building] INFO  o.e.m.c.i.e.AbstractTransferListenerAdapter - Downloaded https://repo.maven.apache.org/maven2/org/codehaus/plexus/plexus-compiler-api/2.13.0/plexus-compiler-api-2.13.0.pom
2026-04-02 19:04:21,381 [Worker-12: Building] INFO  o.e.m.c.i.e.AbstractTransferListenerAdapter - Downloading https://repo.maven.apache.org/maven2/org/codehaus/plexus/plexus-compiler/2.13.0/plexus-compiler-2.13.0.pom
2026-04-02 19:04:21,387 [Worker-12: Building] INFO  o.e.m.c.i.e.AbstractTransferListenerAdapter - Downloaded https://repo.maven.apache.org/maven2/org/codehaus/plexus/plexus-compiler/2.13.0/plexus-compiler-2.13.0.pom
2026-04-02 19:04:21,420 [Worker-12: Building] INFO  o.e.m.c.i.e.AbstractTransferListenerAdapter - Downloading https://repo.maven.apache.org/maven2/org/codehaus/plexus/plexus-components/10.0/plexus-components-10.0.pom
2026-04-02 19:04:21,426 [Worker-12: Building] INFO  o.e.m.c.i.e.AbstractTransferListenerAdapter - Downloaded https://repo.maven.apache.org/maven2/org/codehaus/plexus/plexus-components/10.0/plexus-components-10.0.pom
2026-04-02 19:04:21,463 [Worker-12: Building] INFO  o.e.m.c.i.e.AbstractTransferListenerAdapter - Downloading https://repo.maven.apache.org/maven2/org/codehaus/plexus/plexus-compiler-manager/2.13.0/plexus-compiler-manager-2.13.0.pom
2026-04-02 19:04:21,480 [Worker-12: Building] INFO  o.e.m.c.i.e.AbstractTransferListenerAdapter - Downloaded https://repo.maven.apache.org/maven2/org/codehaus/plexus/plexus-compiler-manager/2.13.0/plexus-compiler-manager-2.13.0.pom
2026-04-02 19:04:21,498 [Worker-12: Building] INFO  o.e.m.c.i.e.AbstractTransferListenerAdapter - Downloading https://repo.maven.apache.org/maven2/org/codehaus/plexus/plexus-component-annotations/2.1.1/plexus-component-annotations-2.1.1.pom
2026-04-02 19:04:21,517 [Worker-12: Building] INFO  o.e.m.c.i.e.AbstractTransferListenerAdapter - Downloaded https://repo.maven.apache.org/maven2/org/codehaus/plexus/plexus-component-annotations/2.1.1/plexus-component-annotations-2.1.1.pom
2026-04-02 19:04:21,535 [Worker-12: Building] INFO  o.e.m.c.i.e.AbstractTransferListenerAdapter - Downloading https://repo.maven.apache.org/maven2/org/codehaus/plexus/plexus-containers/2.1.1/plexus-containers-2.1.1.pom
2026-04-02 19:04:21,553 [Worker-12: Building] INFO  o.e.m.c.i.e.AbstractTransferListenerAdapter - Downloaded https://repo.maven.apache.org/maven2/org/codehaus/plexus/plexus-containers/2.1.1/plexus-containers-2.1.1.pom
2026-04-02 19:04:21,571 [Worker-12: Building] INFO  o.e.m.c.i.e.AbstractTransferListenerAdapter - Downloading https://repo.maven.apache.org/maven2/org/codehaus/plexus/plexus/6.5/plexus-6.5.pom
2026-04-02 19:04:21,581 [Worker-12: Building] INFO  o.e.m.c.i.e.AbstractTransferListenerAdapter - Downloaded https://repo.maven.apache.org/maven2/org/codehaus/plexus/plexus/6.5/plexus-6.5.pom
2026-04-02 19:04:21,614 [Worker-12: Building] INFO  o.e.m.c.i.e.AbstractTransferListenerAdapter - Downloading https://repo.maven.apache.org/maven2/org/codehaus/plexus/plexus-compiler-javac/2.13.0/plexus-compiler-javac-2.13.0.pom
2026-04-02 19:04:21,641 [Worker-12: Building] INFO  o.e.m.c.i.e.AbstractTransferListenerAdapter - Downloaded https://repo.maven.apache.org/maven2/org/codehaus/plexus/plexus-compiler-javac/2.13.0/plexus-compiler-javac-2.13.0.pom
2026-04-02 19:04:21,659 [Worker-12: Building] INFO  o.e.m.c.i.e.AbstractTransferListenerAdapter - Downloading https://repo.maven.apache.org/maven2/org/codehaus/plexus/plexus-compilers/2.13.0/plexus-compilers-2.13.0.pom
2026-04-02 19:04:21,680 [Worker-12: Building] INFO  o.e.m.c.i.e.AbstractTransferListenerAdapter - Downloaded https://repo.maven.apache.org/maven2/org/codehaus/plexus/plexus-compilers/2.13.0/plexus-compilers-2.13.0.pom
2026-04-02 19:04:21,706 [BasicRepositoryConnector-repo.maven.apache.org-1-0] INFO  o.e.m.c.i.e.AbstractTransferListenerAdapter - Downloading https://repo.maven.apache.org/maven2/org/apache/maven/shared/maven-shared-utils/3.3.4/maven-shared-utils-3.3.4.jar
2026-04-02 19:04:21,721 [BasicRepositoryConnector-repo.maven.apache.org-1-0] INFO  o.e.m.c.i.e.AbstractTransferListenerAdapter - Downloaded https://repo.maven.apache.org/maven2/org/apache/maven/shared/maven-shared-utils/3.3.4/maven-shared-utils-3.3.4.jar
2026-04-02 19:04:21,723 [BasicRepositoryConnector-repo.maven.apache.org-1-4] INFO  o.e.m.c.i.e.AbstractTransferListenerAdapter - Downloading https://repo.maven.apache.org/maven2/org/ow2/asm/asm/9.4/asm-9.4.jar
2026-04-02 19:04:21,725 [BasicRepositoryConnector-repo.maven.apache.org-1-2] INFO  o.e.m.c.i.e.AbstractTransferListenerAdapter - Downloading https://repo.maven.apache.org/maven2/org/codehaus/plexus/plexus-component-annotations/1.5.5/plexus-component-annotations-1.5.5.jar
2026-04-02 19:04:21,726 [BasicRepositoryConnector-repo.maven.apache.org-1-3] INFO  o.e.m.c.i.e.AbstractTransferListenerAdapter - Downloading https://repo.maven.apache.org/maven2/org/codehaus/plexus/plexus-java/1.1.2/plexus-java-1.1.2.jar
2026-04-02 19:04:21,726 [BasicRepositoryConnector-repo.maven.apache.org-1-1] INFO  o.e.m.c.i.e.AbstractTransferListenerAdapter - Downloading https://repo.maven.apache.org/maven2/commons-io/commons-io/2.6/commons-io-2.6.jar
2026-04-02 19:04:21,734 [BasicRepositoryConnector-repo.maven.apache.org-1-2] INFO  o.e.m.c.i.e.AbstractTransferListenerAdapter - Downloaded https://repo.maven.apache.org/maven2/org/codehaus/plexus/plexus-component-annotations/1.5.5/plexus-component-annotations-1.5.5.jar
2026-04-02 19:04:21,734 [BasicRepositoryConnector-repo.maven.apache.org-1-0] INFO  o.e.m.c.i.e.AbstractTransferListenerAdapter - Downloading https://repo.maven.apache.org/maven2/org/codehaus/plexus/plexus-compiler-api/2.13.0/plexus-compiler-api-2.13.0.jar
2026-04-02 19:04:21,736 [BasicRepositoryConnector-repo.maven.apache.org-1-3] INFO  o.e.m.c.i.e.AbstractTransferListenerAdapter - Downloaded https://repo.maven.apache.org/maven2/org/codehaus/plexus/plexus-java/1.1.2/plexus-java-1.1.2.jar
2026-04-02 19:04:21,738 [BasicRepositoryConnector-repo.maven.apache.org-1-4] INFO  o.e.m.c.i.e.AbstractTransferListenerAdapter - Downloaded https://repo.maven.apache.org/maven2/org/ow2/asm/asm/9.4/asm-9.4.jar
2026-04-02 19:04:21,743 [BasicRepositoryConnector-repo.maven.apache.org-1-0] INFO  o.e.m.c.i.e.AbstractTransferListenerAdapter - Downloaded https://repo.maven.apache.org/maven2/org/codehaus/plexus/plexus-compiler-api/2.13.0/plexus-compiler-api-2.13.0.jar
2026-04-02 19:04:21,747 [BasicRepositoryConnector-repo.maven.apache.org-1-1] INFO  o.e.m.c.i.e.AbstractTransferListenerAdapter - Downloaded https://repo.maven.apache.org/maven2/commons-io/commons-io/2.6/commons-io-2.6.jar
2026-04-02 19:04:21,747 [BasicRepositoryConnector-repo.maven.apache.org-1-2] INFO  o.e.m.c.i.e.AbstractTransferListenerAdapter - Downloading https://repo.maven.apache.org/maven2/org/codehaus/plexus/plexus-utils/3.5.0/plexus-utils-3.5.0.jar
2026-04-02 19:04:21,751 [BasicRepositoryConnector-repo.maven.apache.org-1-4] INFO  o.e.m.c.i.e.AbstractTransferListenerAdapter - Downloading https://repo.maven.apache.org/maven2/org/codehaus/plexus/plexus-compiler-javac/2.13.0/plexus-compiler-javac-2.13.0.jar
2026-04-02 19:04:21,759 [BasicRepositoryConnector-repo.maven.apache.org-1-3] INFO  o.e.m.c.i.e.AbstractTransferListenerAdapter - Downloading https://repo.maven.apache.org/maven2/org/codehaus/plexus/plexus-compiler-manager/2.13.0/plexus-compiler-manager-2.13.0.jar
2026-04-02 19:04:21,761 [BasicRepositoryConnector-repo.maven.apache.org-1-4] INFO  o.e.m.c.i.e.AbstractTransferListenerAdapter - Downloaded https://repo.maven.apache.org/maven2/org/codehaus/plexus/plexus-compiler-javac/2.13.0/plexus-compiler-javac-2.13.0.jar
2026-04-02 19:04:21,762 [BasicRepositoryConnector-repo.maven.apache.org-1-2] INFO  o.e.m.c.i.e.AbstractTransferListenerAdapter - Downloaded https://repo.maven.apache.org/maven2/org/codehaus/plexus/plexus-utils/3.5.0/plexus-utils-3.5.0.jar
2026-04-02 19:04:21,766 [BasicRepositoryConnector-repo.maven.apache.org-1-3] INFO  o.e.m.c.i.e.AbstractTransferListenerAdapter - Downloaded https://repo.maven.apache.org/maven2/org/codehaus/plexus/plexus-compiler-manager/2.13.0/plexus-compiler-manager-2.13.0.jar
2026-04-02 19:04:21,856 [Worker-12: Building] INFO  o.e.m.c.i.l.LifecycleMappingFactory - Using org.eclipse.m2e.jdt.JarLifecycleMapping lifecycle mapping for MavenProject: poormoney:poormoney:0.0.1-SNAPSHOT @ C:\Users\user\Desktop\내지갑지키미\workspace\poormoney\pom.xml.
2026-04-02 19:04:21,956 [Worker-12: Building] INFO  o.e.m.c.i.e.AbstractTransferListenerAdapter - Downloading https://repo.maven.apache.org/maven2/org/apache/maven/plugins/maven-surefire-plugin/3.1.2/maven-surefire-plugin-3.1.2.pom
2026-04-02 19:04:21,965 [Worker-12: Building] INFO  o.e.m.c.i.e.AbstractTransferListenerAdapter - Downloaded https://repo.maven.apache.org/maven2/org/apache/maven/plugins/maven-surefire-plugin/3.1.2/maven-surefire-plugin-3.1.2.pom
2026-04-02 19:04:21,987 [Worker-12: Building] INFO  o.e.m.c.i.e.AbstractTransferListenerAdapter - Downloading https://repo.maven.apache.org/maven2/org/apache/maven/surefire/surefire/3.1.2/surefire-3.1.2.pom
2026-04-02 19:04:21,998 [Worker-12: Building] INFO  o.e.m.c.i.e.AbstractTransferListenerAdapter - Downloaded https://repo.maven.apache.org/maven2/org/apache/maven/surefire/surefire/3.1.2/surefire-3.1.2.pom
2026-04-02 19:04:22,023 [Worker-12: Building] INFO  o.e.m.c.i.e.AbstractTransferListenerAdapter - Downloading https://repo.maven.apache.org/maven2/org/apache/maven/plugins/maven-jar-plugin/3.3.0/maven-jar-plugin-3.3.0.pom
2026-04-02 19:04:22,043 [Worker-12: Building] INFO  o.e.m.c.i.e.AbstractTransferListenerAdapter - Downloaded https://repo.maven.apache.org/maven2/org/apache/maven/plugins/maven-jar-plugin/3.3.0/maven-jar-plugin-3.3.0.pom
2026-04-02 19:04:22,062 [Worker-12: Building] INFO  o.e.m.c.i.e.AbstractTransferListenerAdapter - Downloading https://repo.maven.apache.org/maven2/org/apache/maven/plugins/maven-plugins/37/maven-plugins-37.pom
2026-04-02 19:04:22,071 [Worker-12: Building] INFO  o.e.m.c.i.e.AbstractTransferListenerAdapter - Downloaded https://repo.maven.apache.org/maven2/org/apache/maven/plugins/maven-plugins/37/maven-plugins-37.pom
2026-04-02 19:04:22,113 [Worker-12: Building] INFO  o.e.m.c.i.e.AbstractTransferListenerAdapter - Downloading https://repo.maven.apache.org/maven2/org/apache/maven/maven-parent/37/maven-parent-37.pom
2026-04-02 19:04:22,126 [Worker-12: Building] INFO  o.e.m.c.i.e.AbstractTransferListenerAdapter - Downloaded https://repo.maven.apache.org/maven2/org/apache/maven/maven-parent/37/maven-parent-37.pom
2026-04-02 19:04:22,204 [Worker-12: Building] INFO  o.e.m.c.i.e.AbstractTransferListenerAdapter - Downloading https://repo.maven.apache.org/maven2/org/codehaus/plexus/plexus-utils/3.3.0/plexus-utils-3.3.0.pom
2026-04-02 19:04:22,222 [Worker-12: Building] INFO  o.e.m.c.i.e.AbstractTransferListenerAdapter - Downloaded https://repo.maven.apache.org/maven2/org/codehaus/plexus/plexus-utils/3.3.0/plexus-utils-3.3.0.pom
2026-04-02 19:04:22,267 [Worker-12: Building] INFO  o.e.m.c.i.e.AbstractTransferListenerAdapter - Downloading https://repo.maven.apache.org/maven2/org/apache/maven/maven-archiver/3.6.0/maven-archiver-3.6.0.pom
2026-04-02 19:04:22,294 [Worker-12: Building] INFO  o.e.m.c.i.e.AbstractTransferListenerAdapter - Downloaded https://repo.maven.apache.org/maven2/org/apache/maven/maven-archiver/3.6.0/maven-archiver-3.6.0.pom
2026-04-02 19:04:22,312 [Worker-12: Building] INFO  o.e.m.c.i.e.AbstractTransferListenerAdapter - Downloading https://repo.maven.apache.org/maven2/org/codehaus/plexus/plexus-io/3.4.0/plexus-io-3.4.0.pom
2026-04-02 19:04:22,331 [Worker-12: Building] INFO  o.e.m.c.i.e.AbstractTransferListenerAdapter - Downloaded https://repo.maven.apache.org/maven2/org/codehaus/plexus/plexus-io/3.4.0/plexus-io-3.4.0.pom
2026-04-02 19:04:22,381 [Worker-12: Building] INFO  o.e.m.c.i.e.AbstractTransferListenerAdapter - Downloading https://repo.maven.apache.org/maven2/org/codehaus/plexus/plexus-archiver/4.4.0/plexus-archiver-4.4.0.pom
2026-04-02 19:04:22,398 [Worker-12: Building] INFO  o.e.m.c.i.e.AbstractTransferListenerAdapter - Downloaded https://repo.maven.apache.org/maven2/org/codehaus/plexus/plexus-archiver/4.4.0/plexus-archiver-4.4.0.pom
2026-04-02 19:04:22,420 [Worker-12: Building] INFO  o.e.m.c.i.e.AbstractTransferListenerAdapter - Downloading https://repo.maven.apache.org/maven2/org/apache/commons/commons-compress/1.21/commons-compress-1.21.pom
2026-04-02 19:04:22,429 [Worker-12: Building] INFO  o.e.m.c.i.e.AbstractTransferListenerAdapter - Downloaded https://repo.maven.apache.org/maven2/org/apache/commons/commons-compress/1.21/commons-compress-1.21.pom
2026-04-02 19:04:22,475 [Worker-12: Building] INFO  o.e.m.c.i.e.AbstractTransferListenerAdapter - Downloading https://repo.maven.apache.org/maven2/org/codehaus/plexus/plexus-utils/3.4.2/plexus-utils-3.4.2.pom
2026-04-02 19:04:22,494 [Worker-12: Building] INFO  o.e.m.c.i.e.AbstractTransferListenerAdapter - Downloaded https://repo.maven.apache.org/maven2/org/codehaus/plexus/plexus-utils/3.4.2/plexus-utils-3.4.2.pom
2026-04-02 19:04:22,515 [Worker-12: Building] INFO  o.e.m.c.i.e.AbstractTransferListenerAdapter - Downloading https://repo.maven.apache.org/maven2/org/codehaus/plexus/plexus/8/plexus-8.pom
2026-04-02 19:04:22,525 [Worker-12: Building] INFO  o.e.m.c.i.e.AbstractTransferListenerAdapter - Downloaded https://repo.maven.apache.org/maven2/org/codehaus/plexus/plexus/8/plexus-8.pom
2026-04-02 19:04:22,580 [BasicRepositoryConnector-repo.maven.apache.org-2-0] INFO  o.e.m.c.i.e.AbstractTransferListenerAdapter - Downloading https://repo.maven.apache.org/maven2/org/apache/maven/maven-archiver/3.6.0/maven-archiver-3.6.0.jar
2026-04-02 19:04:22,581 [BasicRepositoryConnector-repo.maven.apache.org-2-2] INFO  o.e.m.c.i.e.AbstractTransferListenerAdapter - Downloading https://repo.maven.apache.org/maven2/org/codehaus/plexus/plexus-archiver/4.4.0/plexus-archiver-4.4.0.jar
2026-04-02 19:04:22,583 [BasicRepositoryConnector-repo.maven.apache.org-2-1] INFO  o.e.m.c.i.e.AbstractTransferListenerAdapter - Downloading https://repo.maven.apache.org/maven2/org/codehaus/plexus/plexus-io/3.4.0/plexus-io-3.4.0.jar
2026-04-02 19:04:22,584 [BasicRepositoryConnector-repo.maven.apache.org-2-4] INFO  o.e.m.c.i.e.AbstractTransferListenerAdapter - Downloading https://repo.maven.apache.org/maven2/org/codehaus/plexus/plexus-utils/3.4.2/plexus-utils-3.4.2.jar
2026-04-02 19:04:22,591 [BasicRepositoryConnector-repo.maven.apache.org-2-3] INFO  o.e.m.c.i.e.AbstractTransferListenerAdapter - Downloading https://repo.maven.apache.org/maven2/org/apache/commons/commons-compress/1.21/commons-compress-1.21.jar
2026-04-02 19:04:22,591 [BasicRepositoryConnector-repo.maven.apache.org-2-0] INFO  o.e.m.c.i.e.AbstractTransferListenerAdapter - Downloaded https://repo.maven.apache.org/maven2/org/apache/maven/maven-archiver/3.6.0/maven-archiver-3.6.0.jar
2026-04-02 19:04:22,595 [BasicRepositoryConnector-repo.maven.apache.org-2-1] INFO  o.e.m.c.i.e.AbstractTransferListenerAdapter - Downloaded https://repo.maven.apache.org/maven2/org/codehaus/plexus/plexus-io/3.4.0/plexus-io-3.4.0.jar
2026-04-02 19:04:22,598 [BasicRepositoryConnector-repo.maven.apache.org-2-2] INFO  o.e.m.c.i.e.AbstractTransferListenerAdapter - Downloaded https://repo.maven.apache.org/maven2/org/codehaus/plexus/plexus-archiver/4.4.0/plexus-archiver-4.4.0.jar
2026-04-02 19:04:22,605 [BasicRepositoryConnector-repo.maven.apache.org-2-4] INFO  o.e.m.c.i.e.AbstractTransferListenerAdapter - Downloaded https://repo.maven.apache.org/maven2/org/codehaus/plexus/plexus-utils/3.4.2/plexus-utils-3.4.2.jar
2026-04-02 19:04:22,632 [BasicRepositoryConnector-repo.maven.apache.org-2-3] INFO  o.e.m.c.i.e.AbstractTransferListenerAdapter - Downloaded https://repo.maven.apache.org/maven2/org/apache/commons/commons-compress/1.21/commons-compress-1.21.jar
2026-04-02 19:04:23,227 [Worker-12: Building] INFO  o.a.m.s.f.DefaultMavenResourcesFiltering - Copying 1 resource from src\main\resources to target\classes
2026-04-02 19:04:23,233 [Worker-12: Building] INFO  o.a.m.s.f.DefaultMavenResourcesFiltering - Copying 1 resource from src\main\resources to target\classes
2026-04-02 19:04:23,237 [Worker-12: Building] INFO  o.a.m.s.f.DefaultMavenResourcesFiltering - skip non existing resourceDirectory C:\Users\user\Desktop\내지갑지키미\workspace\poormoney\src\test\resources
2026-04-02 19:04:23,259 [Worker-12: Building] WARN  o.apache.maven.project.MavenProject - Plugin is modifying compileSourceRoots through clear(), which will not work in Maven 4.0.0. Use MavenProject.addCompileSourceRoot()/removeCompileSourceRoot() methods instead. If using a plugin, please upgrade to the latest version or report the issue to the plugin maintainer. To disable these warnings, set -Dmaven.project.sourceRoots.warningsDisabled=true on the command line, in the .mvn/maven.config file, or in project POM properties.
2026-04-02 19:04:23,260 [Worker-12: Building] WARN  o.apache.maven.project.MavenProject - Plugin is modifying compileSourceRoots through add(), which will not work in Maven 4.0.0. Use MavenProject.addCompileSourceRoot()/removeCompileSourceRoot() methods instead. If using a plugin, please upgrade to the latest version or report the issue to the plugin maintainer. To disable these warnings, set -Dmaven.project.sourceRoots.warningsDisabled=true on the command line, in the .mvn/maven.config file, or in project POM properties.
2026-04-02 19:04:23,261 [Worker-12: Building] WARN  o.apache.maven.project.MavenProject - Plugin is modifying testCompileSourceRoots through clear(), which will not work in Maven 4.0.0. Use MavenProject.addTestCompileSourceRoot()/removeTestCompileSourceRoot() methods instead. If using a plugin, please upgrade to the latest version or report the issue to the plugin maintainer. To disable these warnings, set -Dmaven.project.sourceRoots.warningsDisabled=true on the command line, in the .mvn/maven.config file, or in project POM properties.
2026-04-02 19:04:23,261 [Worker-12: Building] WARN  o.apache.maven.project.MavenProject - Plugin is modifying testCompileSourceRoots through add(), which will not work in Maven 4.0.0. Use MavenProject.addTestCompileSourceRoot()/removeTestCompileSourceRoot() methods instead. If using a plugin, please upgrade to the latest version or report the issue to the plugin maintainer. To disable these warnings, set -Dmaven.project.sourceRoots.warningsDisabled=true on the command line, in the .mvn/maven.config file, or in project POM properties.
2026-04-02 19:04:23,988 [Worker-1: Download sources and javadoc] INFO  o.e.m.c.i.e.AbstractTransferListenerAdapter - Downloading https://repo.maven.apache.org/maven2/org/springframework/boot/spring-boot-starter-web/3.2.5/spring-boot-starter-web-3.2.5-sources.jar
2026-04-02 19:04:24,013 [Worker-1: Download sources and javadoc] INFO  o.e.m.c.i.e.AbstractTransferListenerAdapter - Downloaded https://repo.maven.apache.org/maven2/org/springframework/boot/spring-boot-starter-web/3.2.5/spring-boot-starter-web-3.2.5-sources.jar
2026-04-02 19:04:24,018 [Worker-1: Download sources and javadoc] INFO  o.e.m.j.internal.DownloadSourcesJob - Downloaded sources for org.springframework.boot:spring-boot-starter-web:3.2.5
2026-04-02 19:04:24,061 [Worker-1: Download sources and javadoc] INFO  o.e.m.c.i.e.AbstractTransferListenerAdapter - Downloading https://repo.maven.apache.org/maven2/org/springframework/boot/spring-boot-starter/3.2.5/spring-boot-starter-3.2.5-sources.jar
2026-04-02 19:04:24,070 [Worker-1: Download sources and javadoc] INFO  o.e.m.c.i.e.AbstractTransferListenerAdapter - Downloaded https://repo.maven.apache.org/maven2/org/springframework/boot/spring-boot-starter/3.2.5/spring-boot-starter-3.2.5-sources.jar
2026-04-02 19:04:24,074 [Worker-1: Download sources and javadoc] INFO  o.e.m.j.internal.DownloadSourcesJob - Downloaded sources for org.springframework.boot:spring-boot-starter:3.2.5
2026-04-02 19:04:24,112 [Worker-1: Download sources and javadoc] INFO  o.e.m.c.i.e.AbstractTransferListenerAdapter - Downloading https://repo.maven.apache.org/maven2/org/springframework/boot/spring-boot/3.2.5/spring-boot-3.2.5-sources.jar
2026-04-02 19:04:24,152 [Worker-1: Download sources and javadoc] INFO  o.e.m.c.i.e.AbstractTransferListenerAdapter - Downloaded https://repo.maven.apache.org/maven2/org/springframework/boot/spring-boot/3.2.5/spring-boot-3.2.5-sources.jar
2026-04-02 19:04:24,158 [Worker-1: Download sources and javadoc] INFO  o.e.m.j.internal.DownloadSourcesJob - Downloaded sources for org.springframework.boot:spring-boot:3.2.5
2026-04-02 19:04:24,204 [Worker-1: Download sources and javadoc] INFO  o.e.m.c.i.e.AbstractTransferListenerAdapter - Downloading https://repo.maven.apache.org/maven2/org/springframework/boot/spring-boot-autoconfigure/3.2.5/spring-boot-autoconfigure-3.2.5-sources.jar
2026-04-02 19:04:24,271 [Worker-1: Download sources and javadoc] INFO  o.e.m.c.i.e.AbstractTransferListenerAdapter - Downloaded https://repo.maven.apache.org/maven2/org/springframework/boot/spring-boot-autoconfigure/3.2.5/spring-boot-autoconfigure-3.2.5-sources.jar
2026-04-02 19:04:24,276 [Worker-1: Download sources and javadoc] INFO  o.e.m.j.internal.DownloadSourcesJob - Downloaded sources for org.springframework.boot:spring-boot-autoconfigure:3.2.5
2026-04-02 19:04:24,309 [Worker-1: Download sources and javadoc] INFO  o.e.m.c.i.e.AbstractTransferListenerAdapter - Downloading https://repo.maven.apache.org/maven2/org/springframework/boot/spring-boot-starter-logging/3.2.5/spring-boot-starter-logging-3.2.5-sources.jar
2026-04-02 19:04:24,349 [Worker-1: Download sources and javadoc] INFO  o.e.m.c.i.e.AbstractTransferListenerAdapter - Downloaded https://repo.maven.apache.org/maven2/org/springframework/boot/spring-boot-starter-logging/3.2.5/spring-boot-starter-logging-3.2.5-sources.jar
2026-04-02 19:04:24,353 [Worker-1: Download sources and javadoc] INFO  o.e.m.j.internal.DownloadSourcesJob - Downloaded sources for org.springframework.boot:spring-boot-starter-logging:3.2.5
2026-04-02 19:04:24,386 [Worker-1: Download sources and javadoc] INFO  o.e.m.c.i.e.AbstractTransferListenerAdapter - Downloading https://repo.maven.apache.org/maven2/ch/qos/logback/logback-classic/1.4.14/logback-classic-1.4.14-sources.jar
2026-04-02 19:04:24,469 [Worker-1: Download sources and javadoc] INFO  o.e.m.c.i.e.AbstractTransferListenerAdapter - Downloaded https://repo.maven.apache.org/maven2/ch/qos/logback/logback-classic/1.4.14/logback-classic-1.4.14-sources.jar
2026-04-02 19:04:24,473 [Worker-1: Download sources and javadoc] INFO  o.e.m.j.internal.DownloadSourcesJob - Downloaded sources for ch.qos.logback:logback-classic:1.4.14
2026-04-02 19:04:24,506 [Worker-1: Download sources and javadoc] INFO  o.e.m.c.i.e.AbstractTransferListenerAdapter - Downloading https://repo.maven.apache.org/maven2/ch/qos/logback/logback-core/1.4.14/logback-core-1.4.14-sources.jar
2026-04-02 19:04:24,533 [Worker-1: Download sources and javadoc] INFO  o.e.m.c.i.e.AbstractTransferListenerAdapter - Downloaded https://repo.maven.apache.org/maven2/ch/qos/logback/logback-core/1.4.14/logback-core-1.4.14-sources.jar
2026-04-02 19:04:24,539 [Worker-1: Download sources and javadoc] INFO  o.e.m.j.internal.DownloadSourcesJob - Downloaded sources for ch.qos.logback:logback-core:1.4.14
2026-04-02 19:04:24,572 [Worker-1: Download sources and javadoc] INFO  o.e.m.c.i.e.AbstractTransferListenerAdapter - Downloading https://repo.maven.apache.org/maven2/org/apache/logging/log4j/log4j-to-slf4j/2.21.1/log4j-to-slf4j-2.21.1-sources.jar
2026-04-02 19:04:24,582 [Worker-1: Download sources and javadoc] INFO  o.e.m.c.i.e.AbstractTransferListenerAdapter - Downloaded https://repo.maven.apache.org/maven2/org/apache/logging/log4j/log4j-to-slf4j/2.21.1/log4j-to-slf4j-2.21.1-sources.jar
2026-04-02 19:04:24,586 [Worker-1: Download sources and javadoc] INFO  o.e.m.j.internal.DownloadSourcesJob - Downloaded sources for org.apache.logging.log4j:log4j-to-slf4j:2.21.1
2026-04-02 19:04:24,617 [Worker-1: Download sources and javadoc] INFO  o.e.m.c.i.e.AbstractTransferListenerAdapter - Downloading https://repo.maven.apache.org/maven2/org/apache/logging/log4j/log4j-api/2.21.1/log4j-api-2.21.1-sources.jar
2026-04-02 19:04:24,636 [Worker-1: Download sources and javadoc] INFO  o.e.m.c.i.e.AbstractTransferListenerAdapter - Downloaded https://repo.maven.apache.org/maven2/org/apache/logging/log4j/log4j-api/2.21.1/log4j-api-2.21.1-sources.jar
2026-04-02 19:04:24,642 [Worker-1: Download sources and javadoc] INFO  o.e.m.j.internal.DownloadSourcesJob - Downloaded sources for org.apache.logging.log4j:log4j-api:2.21.1
2026-04-02 19:04:24,673 [Worker-1: Download sources and javadoc] INFO  o.e.m.c.i.e.AbstractTransferListenerAdapter - Downloading https://repo.maven.apache.org/maven2/org/slf4j/jul-to-slf4j/2.0.13/jul-to-slf4j-2.0.13-sources.jar
2026-04-02 19:04:24,682 [Worker-1: Download sources and javadoc] INFO  o.e.m.c.i.e.AbstractTransferListenerAdapter - Downloaded https://repo.maven.apache.org/maven2/org/slf4j/jul-to-slf4j/2.0.13/jul-to-slf4j-2.0.13-sources.jar
2026-04-02 19:04:24,686 [Worker-1: Download sources and javadoc] INFO  o.e.m.j.internal.DownloadSourcesJob - Downloaded sources for org.slf4j:jul-to-slf4j:2.0.13
2026-04-02 19:04:24,715 [Worker-1: Download sources and javadoc] INFO  o.e.m.c.i.e.AbstractTransferListenerAdapter - Downloading https://repo.maven.apache.org/maven2/org/springframework/boot/spring-boot-starter-json/3.2.5/spring-boot-starter-json-3.2.5-sources.jar
2026-04-02 19:04:24,725 [Worker-1: Download sources and javadoc] INFO  o.e.m.c.i.e.AbstractTransferListenerAdapter - Downloaded https://repo.maven.apache.org/maven2/org/springframework/boot/spring-boot-starter-json/3.2.5/spring-boot-starter-json-3.2.5-sources.jar
2026-04-02 19:04:24,729 [Worker-1: Download sources and javadoc] INFO  o.e.m.j.internal.DownloadSourcesJob - Downloaded sources for org.springframework.boot:spring-boot-starter-json:3.2.5
2026-04-02 19:04:24,765 [Worker-1: Download sources and javadoc] INFO  o.e.m.c.i.e.AbstractTransferListenerAdapter - Downloading https://repo.maven.apache.org/maven2/com/fasterxml/jackson/datatype/jackson-datatype-jdk8/2.15.4/jackson-datatype-jdk8-2.15.4-sources.jar
2026-04-02 19:04:24,775 [Worker-1: Download sources and javadoc] INFO  o.e.m.c.i.e.AbstractTransferListenerAdapter - Downloaded https://repo.maven.apache.org/maven2/com/fasterxml/jackson/datatype/jackson-datatype-jdk8/2.15.4/jackson-datatype-jdk8-2.15.4-sources.jar
2026-04-02 19:04:24,779 [Worker-1: Download sources and javadoc] INFO  o.e.m.j.internal.DownloadSourcesJob - Downloaded sources for com.fasterxml.jackson.datatype:jackson-datatype-jdk8:2.15.4
2026-04-02 19:04:24,816 [Worker-1: Download sources and javadoc] INFO  o.e.m.c.i.e.AbstractTransferListenerAdapter - Downloading https://repo.maven.apache.org/maven2/com/fasterxml/jackson/datatype/jackson-datatype-jsr310/2.15.4/jackson-datatype-jsr310-2.15.4-sources.jar
2026-04-02 19:04:24,825 [Worker-1: Download sources and javadoc] INFO  o.e.m.c.i.e.AbstractTransferListenerAdapter - Downloaded https://repo.maven.apache.org/maven2/com/fasterxml/jackson/datatype/jackson-datatype-jsr310/2.15.4/jackson-datatype-jsr310-2.15.4-sources.jar
2026-04-02 19:04:24,829 [Worker-1: Download sources and javadoc] INFO  o.e.m.j.internal.DownloadSourcesJob - Downloaded sources for com.fasterxml.jackson.datatype:jackson-datatype-jsr310:2.15.4
2026-04-02 19:04:24,863 [Worker-1: Download sources and javadoc] INFO  o.e.m.c.i.e.AbstractTransferListenerAdapter - Downloading https://repo.maven.apache.org/maven2/com/fasterxml/jackson/module/jackson-module-parameter-names/2.15.4/jackson-module-parameter-names-2.15.4-sources.jar
2026-04-02 19:04:24,873 [Worker-1: Download sources and javadoc] INFO  o.e.m.c.i.e.AbstractTransferListenerAdapter - Downloaded https://repo.maven.apache.org/maven2/com/fasterxml/jackson/module/jackson-module-parameter-names/2.15.4/jackson-module-parameter-names-2.15.4-sources.jar
2026-04-02 19:04:24,877 [Worker-1: Download sources and javadoc] INFO  o.e.m.j.internal.DownloadSourcesJob - Downloaded sources for com.fasterxml.jackson.module:jackson-module-parameter-names:2.15.4
2026-04-02 19:04:24,914 [Worker-1: Download sources and javadoc] INFO  o.e.m.c.i.e.AbstractTransferListenerAdapter - Downloading https://repo.maven.apache.org/maven2/org/springframework/boot/spring-boot-starter-tomcat/3.2.5/spring-boot-starter-tomcat-3.2.5-sources.jar
2026-04-02 19:04:24,924 [Worker-1: Download sources and javadoc] INFO  o.e.m.c.i.e.AbstractTransferListenerAdapter - Downloaded https://repo.maven.apache.org/maven2/org/springframework/boot/spring-boot-starter-tomcat/3.2.5/spring-boot-starter-tomcat-3.2.5-sources.jar
2026-04-02 19:04:24,929 [Worker-1: Download sources and javadoc] INFO  o.e.m.j.internal.DownloadSourcesJob - Downloaded sources for org.springframework.boot:spring-boot-starter-tomcat:3.2.5
2026-04-02 19:04:24,963 [Worker-1: Download sources and javadoc] INFO  o.e.m.c.i.e.AbstractTransferListenerAdapter - Downloading https://repo.maven.apache.org/maven2/org/apache/tomcat/embed/tomcat-embed-core/10.1.20/tomcat-embed-core-10.1.20-sources.jar
2026-04-02 19:04:25,050 [Worker-1: Download sources and javadoc] INFO  o.e.m.c.i.e.AbstractTransferListenerAdapter - Downloaded https://repo.maven.apache.org/maven2/org/apache/tomcat/embed/tomcat-embed-core/10.1.20/tomcat-embed-core-10.1.20-sources.jar
2026-04-02 19:04:25,055 [Worker-1: Download sources and javadoc] INFO  o.e.m.j.internal.DownloadSourcesJob - Downloaded sources for org.apache.tomcat.embed:tomcat-embed-core:10.1.20
2026-04-02 19:04:25,088 [Worker-1: Download sources and javadoc] INFO  o.e.m.c.i.e.AbstractTransferListenerAdapter - Downloading https://repo.maven.apache.org/maven2/org/apache/tomcat/embed/tomcat-embed-websocket/10.1.20/tomcat-embed-websocket-10.1.20-sources.jar
2026-04-02 19:04:25,104 [Worker-1: Download sources and javadoc] INFO  o.e.m.c.i.e.AbstractTransferListenerAdapter - Downloaded https://repo.maven.apache.org/maven2/org/apache/tomcat/embed/tomcat-embed-websocket/10.1.20/tomcat-embed-websocket-10.1.20-sources.jar
2026-04-02 19:04:25,108 [Worker-1: Download sources and javadoc] INFO  o.e.m.j.internal.DownloadSourcesJob - Downloaded sources for org.apache.tomcat.embed:tomcat-embed-websocket:10.1.20
2026-04-02 19:04:25,145 [Worker-1: Download sources and javadoc] INFO  o.e.m.c.i.e.AbstractTransferListenerAdapter - Downloading https://repo.maven.apache.org/maven2/org/springframework/spring-web/6.1.6/spring-web-6.1.6-sources.jar
2026-04-02 19:04:25,188 [Worker-1: Download sources and javadoc] INFO  o.e.m.c.i.e.AbstractTransferListenerAdapter - Downloaded https://repo.maven.apache.org/maven2/org/springframework/spring-web/6.1.6/spring-web-6.1.6-sources.jar
2026-04-02 19:04:25,193 [Worker-1: Download sources and javadoc] INFO  o.e.m.j.internal.DownloadSourcesJob - Downloaded sources for org.springframework:spring-web:6.1.6
2026-04-02 19:04:25,223 [Worker-1: Download sources and javadoc] INFO  o.e.m.c.i.e.AbstractTransferListenerAdapter - Downloading https://repo.maven.apache.org/maven2/org/springframework/spring-beans/6.1.6/spring-beans-6.1.6-sources.jar
2026-04-02 19:04:25,261 [Worker-1: Download sources and javadoc] INFO  o.e.m.c.i.e.AbstractTransferListenerAdapter - Downloaded https://repo.maven.apache.org/maven2/org/springframework/spring-beans/6.1.6/spring-beans-6.1.6-sources.jar
2026-04-02 19:04:25,268 [Worker-1: Download sources and javadoc] INFO  o.e.m.j.internal.DownloadSourcesJob - Downloaded sources for org.springframework:spring-beans:6.1.6
2026-04-02 19:04:25,313 [Worker-1: Download sources and javadoc] INFO  o.e.m.c.i.e.AbstractTransferListenerAdapter - Downloading https://repo.maven.apache.org/maven2/io/micrometer/micrometer-observation/1.12.5/micrometer-observation-1.12.5-sources.jar
2026-04-02 19:04:25,325 [Worker-1: Download sources and javadoc] INFO  o.e.m.c.i.e.AbstractTransferListenerAdapter - Downloaded https://repo.maven.apache.org/maven2/io/micrometer/micrometer-observation/1.12.5/micrometer-observation-1.12.5-sources.jar
2026-04-02 19:04:25,330 [Worker-1: Download sources and javadoc] INFO  o.e.m.j.internal.DownloadSourcesJob - Downloaded sources for io.micrometer:micrometer-observation:1.12.5
2026-04-02 19:04:25,362 [Worker-1: Download sources and javadoc] INFO  o.e.m.c.i.e.AbstractTransferListenerAdapter - Downloading https://repo.maven.apache.org/maven2/io/micrometer/micrometer-commons/1.12.5/micrometer-commons-1.12.5-sources.jar
2026-04-02 19:04:25,374 [Worker-1: Download sources and javadoc] INFO  o.e.m.c.i.e.AbstractTransferListenerAdapter - Downloaded https://repo.maven.apache.org/maven2/io/micrometer/micrometer-commons/1.12.5/micrometer-commons-1.12.5-sources.jar
2026-04-02 19:04:25,378 [Worker-1: Download sources and javadoc] INFO  o.e.m.j.internal.DownloadSourcesJob - Downloaded sources for io.micrometer:micrometer-commons:1.12.5
2026-04-02 19:04:25,416 [Worker-1: Download sources and javadoc] INFO  o.e.m.c.i.e.AbstractTransferListenerAdapter - Downloading https://repo.maven.apache.org/maven2/org/springframework/spring-webmvc/6.1.6/spring-webmvc-6.1.6-sources.jar
2026-04-02 19:04:25,445 [Worker-1: Download sources and javadoc] INFO  o.e.m.c.i.e.AbstractTransferListenerAdapter - Downloaded https://repo.maven.apache.org/maven2/org/springframework/spring-webmvc/6.1.6/spring-webmvc-6.1.6-sources.jar
2026-04-02 19:04:25,450 [Worker-1: Download sources and javadoc] INFO  o.e.m.j.internal.DownloadSourcesJob - Downloaded sources for org.springframework:spring-webmvc:6.1.6
2026-04-02 19:04:25,489 [Worker-1: Download sources and javadoc] INFO  o.e.m.c.i.e.AbstractTransferListenerAdapter - Downloading https://repo.maven.apache.org/maven2/org/springframework/spring-context/6.1.6/spring-context-6.1.6-sources.jar
2026-04-02 19:04:25,535 [Worker-1: Download sources and javadoc] INFO  o.e.m.c.i.e.AbstractTransferListenerAdapter - Downloaded https://repo.maven.apache.org/maven2/org/springframework/spring-context/6.1.6/spring-context-6.1.6-sources.jar
2026-04-02 19:04:25,541 [Worker-1: Download sources and javadoc] INFO  o.e.m.j.internal.DownloadSourcesJob - Downloaded sources for org.springframework:spring-context:6.1.6
2026-04-02 19:04:25,583 [Worker-1: Download sources and javadoc] INFO  o.e.m.c.i.e.AbstractTransferListenerAdapter - Downloading https://repo.maven.apache.org/maven2/org/springframework/spring-expression/6.1.6/spring-expression-6.1.6-sources.jar
2026-04-02 19:04:25,600 [Worker-1: Download sources and javadoc] INFO  o.e.m.c.i.e.AbstractTransferListenerAdapter - Downloaded https://repo.maven.apache.org/maven2/org/springframework/spring-expression/6.1.6/spring-expression-6.1.6-sources.jar
2026-04-02 19:04:25,605 [Worker-1: Download sources and javadoc] INFO  o.e.m.j.internal.DownloadSourcesJob - Downloaded sources for org.springframework:spring-expression:6.1.6
2026-04-02 19:04:25,638 [Worker-1: Download sources and javadoc] INFO  o.e.m.c.i.e.AbstractTransferListenerAdapter - Downloading https://repo.maven.apache.org/maven2/org/springframework/boot/spring-boot-starter-security/3.2.5/spring-boot-starter-security-3.2.5-sources.jar
2026-04-02 19:04:25,649 [Worker-1: Download sources and javadoc] INFO  o.e.m.c.i.e.AbstractTransferListenerAdapter - Downloaded https://repo.maven.apache.org/maven2/org/springframework/boot/spring-boot-starter-security/3.2.5/spring-boot-starter-security-3.2.5-sources.jar
2026-04-02 19:04:25,656 [Worker-1: Download sources and javadoc] INFO  o.e.m.j.internal.DownloadSourcesJob - Downloaded sources for org.springframework.boot:spring-boot-starter-security:3.2.5
2026-04-02 19:04:25,706 [Worker-1: Download sources and javadoc] INFO  o.e.m.c.i.e.AbstractTransferListenerAdapter - Downloading https://repo.maven.apache.org/maven2/org/springframework/spring-aop/6.1.6/spring-aop-6.1.6-sources.jar
2026-04-02 19:04:25,732 [Worker-1: Download sources and javadoc] INFO  o.e.m.c.i.e.AbstractTransferListenerAdapter - Downloaded https://repo.maven.apache.org/maven2/org/springframework/spring-aop/6.1.6/spring-aop-6.1.6-sources.jar
2026-04-02 19:04:25,739 [Worker-1: Download sources and javadoc] INFO  o.e.m.j.internal.DownloadSourcesJob - Downloaded sources for org.springframework:spring-aop:6.1.6
2026-04-02 19:04:25,770 [Worker-1: Download sources and javadoc] INFO  o.e.m.c.i.e.AbstractTransferListenerAdapter - Downloading https://repo.maven.apache.org/maven2/org/springframework/security/spring-security-config/6.2.4/spring-security-config-6.2.4-sources.jar
2026-04-02 19:04:25,835 [Worker-6: Building] INFO  o.a.m.s.f.DefaultMavenResourcesFiltering - Copying 1 resource from src\main\resources to target\classes
2026-04-02 19:04:25,840 [Worker-6: Building] INFO  o.a.m.s.f.DefaultMavenResourcesFiltering - Copying 1 resource from src\main\resources to target\classes
2026-04-02 19:04:25,845 [Worker-6: Building] INFO  o.a.m.s.f.DefaultMavenResourcesFiltering - skip non existing resourceDirectory C:\Users\user\Desktop\내지갑지키미\workspace\poormoney\src\test\resources
2026-04-02 19:04:25,855 [Worker-1: Download sources and javadoc] INFO  o.e.m.c.i.e.AbstractTransferListenerAdapter - Downloaded https://repo.maven.apache.org/maven2/org/springframework/security/spring-security-config/6.2.4/spring-security-config-6.2.4-sources.jar
2026-04-02 19:04:25,859 [Worker-1: Download sources and javadoc] INFO  o.e.m.j.internal.DownloadSourcesJob - Downloaded sources for org.springframework.security:spring-security-config:6.2.4
2026-04-02 19:04:25,901 [Worker-1: Download sources and javadoc] INFO  o.e.m.c.i.e.AbstractTransferListenerAdapter - Downloading https://repo.maven.apache.org/maven2/org/springframework/security/spring-security-core/6.2.4/spring-security-core-6.2.4-sources.jar
2026-04-02 19:04:25,927 [Worker-6: Building] WARN  o.apache.maven.project.MavenProject - Plugin is modifying compileSourceRoots through clear(), which will not work in Maven 4.0.0. Use MavenProject.addCompileSourceRoot()/removeCompileSourceRoot() methods instead. If using a plugin, please upgrade to the latest version or report the issue to the plugin maintainer. To disable these warnings, set -Dmaven.project.sourceRoots.warningsDisabled=true on the command line, in the .mvn/maven.config file, or in project POM properties.
2026-04-02 19:04:25,928 [Worker-6: Building] WARN  o.apache.maven.project.MavenProject - Plugin is modifying compileSourceRoots through add(), which will not work in Maven 4.0.0. Use MavenProject.addCompileSourceRoot()/removeCompileSourceRoot() methods instead. If using a plugin, please upgrade to the latest version or report the issue to the plugin maintainer. To disable these warnings, set -Dmaven.project.sourceRoots.warningsDisabled=true on the command line, in the .mvn/maven.config file, or in project POM properties.
2026-04-02 19:04:25,929 [Worker-6: Building] WARN  o.apache.maven.project.MavenProject - Plugin is modifying testCompileSourceRoots through clear(), which will not work in Maven 4.0.0. Use MavenProject.addTestCompileSourceRoot()/removeTestCompileSourceRoot() methods instead. If using a plugin, please upgrade to the latest version or report the issue to the plugin maintainer. To disable these warnings, set -Dmaven.project.sourceRoots.warningsDisabled=true on the command line, in the .mvn/maven.config file, or in project POM properties.
2026-04-02 19:04:25,929 [Worker-6: Building] WARN  o.apache.maven.project.MavenProject - Plugin is modifying testCompileSourceRoots through add(), which will not work in Maven 4.0.0. Use MavenProject.addTestCompileSourceRoot()/removeTestCompileSourceRoot() methods instead. If using a plugin, please upgrade to the latest version or report the issue to the plugin maintainer. To disable these warnings, set -Dmaven.project.sourceRoots.warningsDisabled=true on the command line, in the .mvn/maven.config file, or in project POM properties.
2026-04-02 19:04:25,933 [Worker-1: Download sources and javadoc] INFO  o.e.m.c.i.e.AbstractTransferListenerAdapter - Downloaded https://repo.maven.apache.org/maven2/org/springframework/security/spring-security-core/6.2.4/spring-security-core-6.2.4-sources.jar
2026-04-02 19:04:25,936 [Worker-1: Download sources and javadoc] INFO  o.e.m.j.internal.DownloadSourcesJob - Downloaded sources for org.springframework.security:spring-security-core:6.2.4
2026-04-02 19:04:25,968 [Worker-1: Download sources and javadoc] INFO  o.e.m.c.i.e.AbstractTransferListenerAdapter - Downloading https://repo.maven.apache.org/maven2/org/springframework/security/spring-security-web/6.2.4/spring-security-web-6.2.4-sources.jar
2026-04-02 19:04:26,007 [Worker-1: Download sources and javadoc] INFO  o.e.m.c.i.e.AbstractTransferListenerAdapter - Downloaded https://repo.maven.apache.org/maven2/org/springframework/security/spring-security-web/6.2.4/spring-security-web-6.2.4-sources.jar
2026-04-02 19:04:26,011 [Worker-1: Download sources and javadoc] INFO  o.e.m.j.internal.DownloadSourcesJob - Downloaded sources for org.springframework.security:spring-security-web:6.2.4
2026-04-02 19:04:26,040 [Worker-1: Download sources and javadoc] INFO  o.e.m.c.i.e.AbstractTransferListenerAdapter - Downloading https://repo.maven.apache.org/maven2/org/springframework/boot/spring-boot-starter-data-jpa/3.2.5/spring-boot-starter-data-jpa-3.2.5-sources.jar
2026-04-02 19:04:26,048 [Worker-1: Download sources and javadoc] INFO  o.e.m.c.i.e.AbstractTransferListenerAdapter - Downloaded https://repo.maven.apache.org/maven2/org/springframework/boot/spring-boot-starter-data-jpa/3.2.5/spring-boot-starter-data-jpa-3.2.5-sources.jar
2026-04-02 19:04:26,053 [Worker-1: Download sources and javadoc] INFO  o.e.m.j.internal.DownloadSourcesJob - Downloaded sources for org.springframework.boot:spring-boot-starter-data-jpa:3.2.5
2026-04-02 19:04:26,082 [Worker-1: Download sources and javadoc] INFO  o.e.m.c.i.e.AbstractTransferListenerAdapter - Downloading https://repo.maven.apache.org/maven2/org/springframework/boot/spring-boot-starter-aop/3.2.5/spring-boot-starter-aop-3.2.5-sources.jar
2026-04-02 19:04:26,090 [Worker-1: Download sources and javadoc] INFO  o.e.m.c.i.e.AbstractTransferListenerAdapter - Downloaded https://repo.maven.apache.org/maven2/org/springframework/boot/spring-boot-starter-aop/3.2.5/spring-boot-starter-aop-3.2.5-sources.jar
2026-04-02 19:04:26,094 [Worker-1: Download sources and javadoc] INFO  o.e.m.j.internal.DownloadSourcesJob - Downloaded sources for org.springframework.boot:spring-boot-starter-aop:3.2.5
2026-04-02 19:04:26,123 [Worker-1: Download sources and javadoc] INFO  o.e.m.c.i.e.AbstractTransferListenerAdapter - Downloading https://repo.maven.apache.org/maven2/org/aspectj/aspectjweaver/1.9.22/aspectjweaver-1.9.22-sources.jar
2026-04-02 19:04:26,167 [Worker-1: Download sources and javadoc] INFO  o.e.m.c.i.e.AbstractTransferListenerAdapter - Downloaded https://repo.maven.apache.org/maven2/org/aspectj/aspectjweaver/1.9.22/aspectjweaver-1.9.22-sources.jar
2026-04-02 19:04:26,171 [Worker-1: Download sources and javadoc] INFO  o.e.m.j.internal.DownloadSourcesJob - Downloaded sources for org.aspectj:aspectjweaver:1.9.22
2026-04-02 19:04:26,205 [Worker-1: Download sources and javadoc] INFO  o.e.m.c.i.e.AbstractTransferListenerAdapter - Downloading https://repo.maven.apache.org/maven2/org/springframework/boot/spring-boot-starter-jdbc/3.2.5/spring-boot-starter-jdbc-3.2.5-sources.jar
2026-04-02 19:04:26,214 [Worker-1: Download sources and javadoc] INFO  o.e.m.c.i.e.AbstractTransferListenerAdapter - Downloaded https://repo.maven.apache.org/maven2/org/springframework/boot/spring-boot-starter-jdbc/3.2.5/spring-boot-starter-jdbc-3.2.5-sources.jar
2026-04-02 19:04:26,218 [Worker-1: Download sources and javadoc] INFO  o.e.m.j.internal.DownloadSourcesJob - Downloaded sources for org.springframework.boot:spring-boot-starter-jdbc:3.2.5
2026-04-02 19:04:26,258 [Worker-1: Download sources and javadoc] INFO  o.e.m.c.i.e.AbstractTransferListenerAdapter - Downloading https://repo.maven.apache.org/maven2/com/zaxxer/HikariCP/5.0.1/HikariCP-5.0.1-sources.jar
2026-04-02 19:04:26,280 [Worker-1: Download sources and javadoc] INFO  o.e.m.c.i.e.AbstractTransferListenerAdapter - Downloaded https://repo.maven.apache.org/maven2/com/zaxxer/HikariCP/5.0.1/HikariCP-5.0.1-sources.jar
2026-04-02 19:04:26,285 [Worker-1: Download sources and javadoc] INFO  o.e.m.j.internal.DownloadSourcesJob - Downloaded sources for com.zaxxer:HikariCP:5.0.1
2026-04-02 19:04:26,316 [Worker-1: Download sources and javadoc] INFO  o.e.m.c.i.e.AbstractTransferListenerAdapter - Downloading https://repo.maven.apache.org/maven2/org/springframework/spring-jdbc/6.1.6/spring-jdbc-6.1.6-sources.jar
2026-04-02 19:04:26,335 [Worker-1: Download sources and javadoc] INFO  o.e.m.c.i.e.AbstractTransferListenerAdapter - Downloaded https://repo.maven.apache.org/maven2/org/springframework/spring-jdbc/6.1.6/spring-jdbc-6.1.6-sources.jar
2026-04-02 19:04:26,340 [Worker-1: Download sources and javadoc] INFO  o.e.m.j.internal.DownloadSourcesJob - Downloaded sources for org.springframework:spring-jdbc:6.1.6
2026-04-02 19:04:26,370 [Worker-1: Download sources and javadoc] INFO  o.e.m.c.i.e.AbstractTransferListenerAdapter - Downloading https://repo.maven.apache.org/maven2/org/hibernate/orm/hibernate-core/6.4.4.Final/hibernate-core-6.4.4.Final-sources.jar
2026-04-02 19:04:26,525 [Worker-1: Download sources and javadoc] INFO  o.e.m.c.i.e.AbstractTransferListenerAdapter - Downloaded https://repo.maven.apache.org/maven2/org/hibernate/orm/hibernate-core/6.4.4.Final/hibernate-core-6.4.4.Final-sources.jar
2026-04-02 19:04:26,529 [Worker-1: Download sources and javadoc] INFO  o.e.m.j.internal.DownloadSourcesJob - Downloaded sources for org.hibernate.orm:hibernate-core:6.4.4.Final
2026-04-02 19:04:26,565 [Worker-1: Download sources and javadoc] INFO  o.e.m.c.i.e.AbstractTransferListenerAdapter - Downloading https://repo.maven.apache.org/maven2/com/fasterxml/classmate/1.6.0/classmate-1.6.0-sources.jar
2026-04-02 19:04:26,575 [Worker-1: Download sources and javadoc] INFO  o.e.m.c.i.e.AbstractTransferListenerAdapter - Downloaded https://repo.maven.apache.org/maven2/com/fasterxml/classmate/1.6.0/classmate-1.6.0-sources.jar
2026-04-02 19:04:26,579 [Worker-1: Download sources and javadoc] INFO  o.e.m.j.internal.DownloadSourcesJob - Downloaded sources for com.fasterxml:classmate:1.6.0
2026-04-02 19:04:26,613 [Worker-1: Download sources and javadoc] INFO  o.e.m.c.i.e.AbstractTransferListenerAdapter - Downloading https://repo.maven.apache.org/maven2/net/bytebuddy/byte-buddy/1.14.13/byte-buddy-1.14.13-sources.jar
2026-04-02 19:04:26,659 [Worker-1: Download sources and javadoc] INFO  o.e.m.c.i.e.AbstractTransferListenerAdapter - Downloaded https://repo.maven.apache.org/maven2/net/bytebuddy/byte-buddy/1.14.13/byte-buddy-1.14.13-sources.jar
2026-04-02 19:04:26,663 [Worker-1: Download sources and javadoc] INFO  o.e.m.j.internal.DownloadSourcesJob - Downloaded sources for net.bytebuddy:byte-buddy:1.14.13
2026-04-02 19:04:26,695 [Worker-1: Download sources and javadoc] INFO  o.e.m.c.i.e.AbstractTransferListenerAdapter - Downloading https://repo.maven.apache.org/maven2/org/springframework/data/spring-data-jpa/3.2.5/spring-data-jpa-3.2.5-sources.jar
2026-04-02 19:04:26,715 [Worker-1: Download sources and javadoc] INFO  o.e.m.c.i.e.AbstractTransferListenerAdapter - Downloaded https://repo.maven.apache.org/maven2/org/springframework/data/spring-data-jpa/3.2.5/spring-data-jpa-3.2.5-sources.jar
2026-04-02 19:04:26,719 [Worker-1: Download sources and javadoc] INFO  o.e.m.j.internal.DownloadSourcesJob - Downloaded sources for org.springframework.data:spring-data-jpa:3.2.5
2026-04-02 19:04:26,747 [Worker-1: Download sources and javadoc] INFO  o.e.m.c.i.e.AbstractTransferListenerAdapter - Downloading https://repo.maven.apache.org/maven2/org/springframework/data/spring-data-commons/3.2.5/spring-data-commons-3.2.5-sources.jar
2026-04-02 19:04:26,775 [Worker-1: Download sources and javadoc] INFO  o.e.m.c.i.e.AbstractTransferListenerAdapter - Downloaded https://repo.maven.apache.org/maven2/org/springframework/data/spring-data-commons/3.2.5/spring-data-commons-3.2.5-sources.jar
2026-04-02 19:04:26,778 [Worker-1: Download sources and javadoc] INFO  o.e.m.j.internal.DownloadSourcesJob - Downloaded sources for org.springframework.data:spring-data-commons:3.2.5
2026-04-02 19:04:26,805 [Worker-1: Download sources and javadoc] INFO  o.e.m.c.i.e.AbstractTransferListenerAdapter - Downloading https://repo.maven.apache.org/maven2/org/springframework/spring-orm/6.1.6/spring-orm-6.1.6-sources.jar
2026-04-02 19:04:26,818 [Worker-1: Download sources and javadoc] INFO  o.e.m.c.i.e.AbstractTransferListenerAdapter - Downloaded https://repo.maven.apache.org/maven2/org/springframework/spring-orm/6.1.6/spring-orm-6.1.6-sources.jar
2026-04-02 19:04:26,821 [Worker-1: Download sources and javadoc] INFO  o.e.m.j.internal.DownloadSourcesJob - Downloaded sources for org.springframework:spring-orm:6.1.6
2026-04-02 19:04:26,845 [Worker-1: Download sources and javadoc] INFO  o.e.m.c.i.e.AbstractTransferListenerAdapter - Downloading https://repo.maven.apache.org/maven2/org/springframework/spring-tx/6.1.6/spring-tx-6.1.6-sources.jar
2026-04-02 19:04:26,859 [Worker-1: Download sources and javadoc] INFO  o.e.m.c.i.e.AbstractTransferListenerAdapter - Downloaded https://repo.maven.apache.org/maven2/org/springframework/spring-tx/6.1.6/spring-tx-6.1.6-sources.jar
2026-04-02 19:04:26,862 [Worker-1: Download sources and javadoc] INFO  o.e.m.j.internal.DownloadSourcesJob - Downloaded sources for org.springframework:spring-tx:6.1.6
2026-04-02 19:04:26,890 [Worker-1: Download sources and javadoc] INFO  o.e.m.c.i.e.AbstractTransferListenerAdapter - Downloading https://repo.maven.apache.org/maven2/org/slf4j/slf4j-api/2.0.13/slf4j-api-2.0.13-sources.jar
2026-04-02 19:04:26,899 [Worker-1: Download sources and javadoc] INFO  o.e.m.c.i.e.AbstractTransferListenerAdapter - Downloaded https://repo.maven.apache.org/maven2/org/slf4j/slf4j-api/2.0.13/slf4j-api-2.0.13-sources.jar
2026-04-02 19:04:26,904 [Worker-1: Download sources and javadoc] INFO  o.e.m.j.internal.DownloadSourcesJob - Downloaded sources for org.slf4j:slf4j-api:2.0.13
2026-04-02 19:04:26,941 [Worker-1: Download sources and javadoc] INFO  o.e.m.c.i.e.AbstractTransferListenerAdapter - Downloading https://repo.maven.apache.org/maven2/org/springframework/spring-aspects/6.1.6/spring-aspects-6.1.6-sources.jar
2026-04-02 19:04:26,949 [Worker-1: Download sources and javadoc] INFO  o.e.m.c.i.e.AbstractTransferListenerAdapter - Downloaded https://repo.maven.apache.org/maven2/org/springframework/spring-aspects/6.1.6/spring-aspects-6.1.6-sources.jar
2026-04-02 19:04:26,953 [Worker-1: Download sources and javadoc] INFO  o.e.m.j.internal.DownloadSourcesJob - Downloaded sources for org.springframework:spring-aspects:6.1.6
2026-04-02 19:04:26,983 [Worker-1: Download sources and javadoc] INFO  o.e.m.c.i.e.AbstractTransferListenerAdapter - Downloading https://repo.maven.apache.org/maven2/org/springframework/boot/spring-boot-starter-validation/3.2.5/spring-boot-starter-validation-3.2.5-sources.jar
2026-04-02 19:04:26,990 [Worker-1: Download sources and javadoc] INFO  o.e.m.c.i.e.AbstractTransferListenerAdapter - Downloaded https://repo.maven.apache.org/maven2/org/springframework/boot/spring-boot-starter-validation/3.2.5/spring-boot-starter-validation-3.2.5-sources.jar
2026-04-02 19:04:26,993 [Worker-1: Download sources and javadoc] INFO  o.e.m.j.internal.DownloadSourcesJob - Downloaded sources for org.springframework.boot:spring-boot-starter-validation:3.2.5
2026-04-02 19:04:27,026 [Worker-1: Download sources and javadoc] INFO  o.e.m.c.i.e.AbstractTransferListenerAdapter - Downloading https://repo.maven.apache.org/maven2/org/apache/tomcat/embed/tomcat-embed-el/10.1.20/tomcat-embed-el-10.1.20-sources.jar
2026-04-02 19:04:27,038 [Worker-1: Download sources and javadoc] INFO  o.e.m.c.i.e.AbstractTransferListenerAdapter - Downloaded https://repo.maven.apache.org/maven2/org/apache/tomcat/embed/tomcat-embed-el/10.1.20/tomcat-embed-el-10.1.20-sources.jar
2026-04-02 19:04:27,042 [Worker-1: Download sources and javadoc] INFO  o.e.m.j.internal.DownloadSourcesJob - Downloaded sources for org.apache.tomcat.embed:tomcat-embed-el:10.1.20
2026-04-02 19:04:27,075 [Worker-1: Download sources and javadoc] INFO  o.e.m.c.i.e.AbstractTransferListenerAdapter - Downloading https://repo.maven.apache.org/maven2/org/hibernate/validator/hibernate-validator/8.0.1.Final/hibernate-validator-8.0.1.Final-sources.jar
2026-04-02 19:04:27,107 [Worker-1: Download sources and javadoc] INFO  o.e.m.c.i.e.AbstractTransferListenerAdapter - Downloaded https://repo.maven.apache.org/maven2/org/hibernate/validator/hibernate-validator/8.0.1.Final/hibernate-validator-8.0.1.Final-sources.jar
2026-04-02 19:04:27,111 [Worker-1: Download sources and javadoc] INFO  o.e.m.j.internal.DownloadSourcesJob - Downloaded sources for org.hibernate.validator:hibernate-validator:8.0.1.Final
2026-04-02 19:04:27,149 [Worker-1: Download sources and javadoc] INFO  o.e.m.c.i.e.AbstractTransferListenerAdapter - Downloading https://repo.maven.apache.org/maven2/jakarta/validation/jakarta.validation-api/3.0.2/jakarta.validation-api-3.0.2-sources.jar
2026-04-02 19:04:27,158 [Worker-1: Download sources and javadoc] INFO  o.e.m.c.i.e.AbstractTransferListenerAdapter - Downloaded https://repo.maven.apache.org/maven2/jakarta/validation/jakarta.validation-api/3.0.2/jakarta.validation-api-3.0.2-sources.jar
2026-04-02 19:04:27,162 [Worker-1: Download sources and javadoc] INFO  o.e.m.j.internal.DownloadSourcesJob - Downloaded sources for jakarta.validation:jakarta.validation-api:3.0.2
2026-04-02 19:04:27,201 [Worker-1: Download sources and javadoc] INFO  o.e.m.c.i.e.AbstractTransferListenerAdapter - Downloading https://repo.maven.apache.org/maven2/org/mariadb/jdbc/mariadb-java-client/3.3.3/mariadb-java-client-3.3.3-sources.jar
2026-04-02 19:04:27,219 [Worker-1: Download sources and javadoc] INFO  o.e.m.c.i.e.AbstractTransferListenerAdapter - Downloaded https://repo.maven.apache.org/maven2/org/mariadb/jdbc/mariadb-java-client/3.3.3/mariadb-java-client-3.3.3-sources.jar
2026-04-02 19:04:27,223 [Worker-1: Download sources and javadoc] INFO  o.e.m.j.internal.DownloadSourcesJob - Downloaded sources for org.mariadb.jdbc:mariadb-java-client:3.3.3
2026-04-02 19:04:27,254 [Worker-1: Download sources and javadoc] INFO  o.e.m.c.i.e.AbstractTransferListenerAdapter - Downloading https://repo.maven.apache.org/maven2/com/github/waffle/waffle-jna/3.3.0/waffle-jna-3.3.0-sources.jar
2026-04-02 19:04:27,264 [Worker-1: Download sources and javadoc] INFO  o.e.m.c.i.e.AbstractTransferListenerAdapter - Downloaded https://repo.maven.apache.org/maven2/com/github/waffle/waffle-jna/3.3.0/waffle-jna-3.3.0-sources.jar
2026-04-02 19:04:27,268 [Worker-1: Download sources and javadoc] INFO  o.e.m.j.internal.DownloadSourcesJob - Downloaded sources for com.github.waffle:waffle-jna:3.3.0
2026-04-02 19:04:27,297 [Worker-1: Download sources and javadoc] INFO  o.e.m.c.i.e.AbstractTransferListenerAdapter - Downloading https://repo.maven.apache.org/maven2/net/java/dev/jna/jna/5.13.0/jna-5.13.0-sources.jar
2026-04-02 19:04:27,308 [Worker-1: Download sources and javadoc] INFO  o.e.m.c.i.e.AbstractTransferListenerAdapter - Downloaded https://repo.maven.apache.org/maven2/net/java/dev/jna/jna/5.13.0/jna-5.13.0-sources.jar
2026-04-02 19:04:27,311 [Worker-1: Download sources and javadoc] INFO  o.e.m.j.internal.DownloadSourcesJob - Downloaded sources for net.java.dev.jna:jna:5.13.0
2026-04-02 19:04:27,349 [Worker-1: Download sources and javadoc] INFO  o.e.m.c.i.e.AbstractTransferListenerAdapter - Downloading https://repo.maven.apache.org/maven2/net/java/dev/jna/jna-platform/5.13.0/jna-platform-5.13.0-sources.jar
2026-04-02 19:04:27,379 [Worker-1: Download sources and javadoc] INFO  o.e.m.c.i.e.AbstractTransferListenerAdapter - Downloaded https://repo.maven.apache.org/maven2/net/java/dev/jna/jna-platform/5.13.0/jna-platform-5.13.0-sources.jar
2026-04-02 19:04:27,382 [Worker-1: Download sources and javadoc] INFO  o.e.m.j.internal.DownloadSourcesJob - Downloaded sources for net.java.dev.jna:jna-platform:5.13.0
2026-04-02 19:04:27,418 [Worker-1: Download sources and javadoc] INFO  o.e.m.c.i.e.AbstractTransferListenerAdapter - Downloading https://repo.maven.apache.org/maven2/org/slf4j/jcl-over-slf4j/2.0.13/jcl-over-slf4j-2.0.13-sources.jar
2026-04-02 19:04:27,425 [Worker-1: Download sources and javadoc] INFO  o.e.m.c.i.e.AbstractTransferListenerAdapter - Downloaded https://repo.maven.apache.org/maven2/org/slf4j/jcl-over-slf4j/2.0.13/jcl-over-slf4j-2.0.13-sources.jar
2026-04-02 19:04:27,428 [Worker-1: Download sources and javadoc] INFO  o.e.m.j.internal.DownloadSourcesJob - Downloaded sources for org.slf4j:jcl-over-slf4j:2.0.13
2026-04-02 19:04:27,456 [Worker-1: Download sources and javadoc] INFO  o.e.m.c.i.e.AbstractTransferListenerAdapter - Downloading https://repo.maven.apache.org/maven2/com/github/ben-manes/caffeine/caffeine/3.1.8/caffeine-3.1.8-sources.jar
2026-04-02 19:04:27,468 [Worker-1: Download sources and javadoc] INFO  o.e.m.c.i.e.AbstractTransferListenerAdapter - Downloaded https://repo.maven.apache.org/maven2/com/github/ben-manes/caffeine/caffeine/3.1.8/caffeine-3.1.8-sources.jar
2026-04-02 19:04:27,471 [Worker-1: Download sources and javadoc] INFO  o.e.m.j.internal.DownloadSourcesJob - Downloaded sources for com.github.ben-manes.caffeine:caffeine:3.1.8
2026-04-02 19:04:27,507 [Worker-1: Download sources and javadoc] INFO  o.e.m.c.i.e.AbstractTransferListenerAdapter - Downloading https://repo.maven.apache.org/maven2/com/google/errorprone/error_prone_annotations/2.21.1/error_prone_annotations-2.21.1-sources.jar
2026-04-02 19:04:27,515 [Worker-1: Download sources and javadoc] INFO  o.e.m.c.i.e.AbstractTransferListenerAdapter - Downloaded https://repo.maven.apache.org/maven2/com/google/errorprone/error_prone_annotations/2.21.1/error_prone_annotations-2.21.1-sources.jar
2026-04-02 19:04:27,527 [Worker-1: Download sources and javadoc] INFO  o.e.m.j.internal.DownloadSourcesJob - Downloaded sources for com.google.errorprone:error_prone_annotations:2.21.1
2026-04-02 19:04:27,560 [Worker-1: Download sources and javadoc] INFO  o.e.m.c.i.e.AbstractTransferListenerAdapter - Downloading https://repo.maven.apache.org/maven2/org/checkerframework/checker-qual/3.32.0/checker-qual-3.32.0-sources.jar
2026-04-02 19:04:27,575 [Worker-1: Download sources and javadoc] INFO  o.e.m.c.i.e.AbstractTransferListenerAdapter - Downloaded https://repo.maven.apache.org/maven2/org/checkerframework/checker-qual/3.32.0/checker-qual-3.32.0-sources.jar
2026-04-02 19:04:27,579 [Worker-1: Download sources and javadoc] INFO  o.e.m.j.internal.DownloadSourcesJob - Downloaded sources for org.checkerframework:checker-qual:3.32.0
2026-04-02 19:04:27,614 [Worker-1: Download sources and javadoc] INFO  o.e.m.c.i.e.AbstractTransferListenerAdapter - Downloading https://repo.maven.apache.org/maven2/org/springframework/security/spring-security-crypto/6.2.4/spring-security-crypto-6.2.4-sources.jar
2026-04-02 19:04:27,623 [Worker-1: Download sources and javadoc] INFO  o.e.m.c.i.e.AbstractTransferListenerAdapter - Downloaded https://repo.maven.apache.org/maven2/org/springframework/security/spring-security-crypto/6.2.4/spring-security-crypto-6.2.4-sources.jar
2026-04-02 19:04:27,627 [Worker-1: Download sources and javadoc] INFO  o.e.m.j.internal.DownloadSourcesJob - Downloaded sources for org.springframework.security:spring-security-crypto:6.2.4
2026-04-02 19:04:27,657 [Worker-1: Download sources and javadoc] INFO  o.e.m.c.i.e.AbstractTransferListenerAdapter - Downloading https://repo.maven.apache.org/maven2/io/jsonwebtoken/jjwt-api/0.12.5/jjwt-api-0.12.5-sources.jar
2026-04-02 19:04:27,671 [Worker-1: Download sources and javadoc] INFO  o.e.m.c.i.e.AbstractTransferListenerAdapter - Downloaded https://repo.maven.apache.org/maven2/io/jsonwebtoken/jjwt-api/0.12.5/jjwt-api-0.12.5-sources.jar
2026-04-02 19:04:27,675 [Worker-1: Download sources and javadoc] INFO  o.e.m.j.internal.DownloadSourcesJob - Downloaded sources for io.jsonwebtoken:jjwt-api:0.12.5
2026-04-02 19:04:27,719 [Worker-1: Download sources and javadoc] INFO  o.e.m.c.i.e.AbstractTransferListenerAdapter - Downloading https://repo.maven.apache.org/maven2/io/jsonwebtoken/jjwt-impl/0.12.5/jjwt-impl-0.12.5-sources.jar
2026-04-02 19:04:27,736 [Worker-1: Download sources and javadoc] INFO  o.e.m.c.i.e.AbstractTransferListenerAdapter - Downloaded https://repo.maven.apache.org/maven2/io/jsonwebtoken/jjwt-impl/0.12.5/jjwt-impl-0.12.5-sources.jar
2026-04-02 19:04:27,739 [Worker-1: Download sources and javadoc] INFO  o.e.m.j.internal.DownloadSourcesJob - Downloaded sources for io.jsonwebtoken:jjwt-impl:0.12.5
2026-04-02 19:04:27,774 [Worker-1: Download sources and javadoc] INFO  o.e.m.c.i.e.AbstractTransferListenerAdapter - Downloading https://repo.maven.apache.org/maven2/io/jsonwebtoken/jjwt-jackson/0.12.5/jjwt-jackson-0.12.5-sources.jar
2026-04-02 19:04:27,781 [Worker-1: Download sources and javadoc] INFO  o.e.m.c.i.e.AbstractTransferListenerAdapter - Downloaded https://repo.maven.apache.org/maven2/io/jsonwebtoken/jjwt-jackson/0.12.5/jjwt-jackson-0.12.5-sources.jar
2026-04-02 19:04:27,784 [Worker-1: Download sources and javadoc] INFO  o.e.m.j.internal.DownloadSourcesJob - Downloaded sources for io.jsonwebtoken:jjwt-jackson:0.12.5
2026-04-02 19:04:27,813 [Worker-1: Download sources and javadoc] INFO  o.e.m.c.i.e.AbstractTransferListenerAdapter - Downloading https://repo.maven.apache.org/maven2/com/fasterxml/jackson/core/jackson-databind/2.15.4/jackson-databind-2.15.4-sources.jar
2026-04-02 19:04:27,849 [Worker-1: Download sources and javadoc] INFO  o.e.m.c.i.e.AbstractTransferListenerAdapter - Downloaded https://repo.maven.apache.org/maven2/com/fasterxml/jackson/core/jackson-databind/2.15.4/jackson-databind-2.15.4-sources.jar
2026-04-02 19:04:27,852 [Worker-1: Download sources and javadoc] INFO  o.e.m.j.internal.DownloadSourcesJob - Downloaded sources for com.fasterxml.jackson.core:jackson-databind:2.15.4
2026-04-02 19:04:27,885 [Worker-1: Download sources and javadoc] INFO  o.e.m.c.i.e.AbstractTransferListenerAdapter - Downloading https://repo.maven.apache.org/maven2/com/fasterxml/jackson/core/jackson-annotations/2.15.4/jackson-annotations-2.15.4-sources.jar
2026-04-02 19:04:27,893 [Worker-1: Download sources and javadoc] INFO  o.e.m.c.i.e.AbstractTransferListenerAdapter - Downloaded https://repo.maven.apache.org/maven2/com/fasterxml/jackson/core/jackson-annotations/2.15.4/jackson-annotations-2.15.4-sources.jar
2026-04-02 19:04:27,896 [Worker-1: Download sources and javadoc] INFO  o.e.m.j.internal.DownloadSourcesJob - Downloaded sources for com.fasterxml.jackson.core:jackson-annotations:2.15.4
2026-04-02 19:04:27,931 [Worker-1: Download sources and javadoc] INFO  o.e.m.c.i.e.AbstractTransferListenerAdapter - Downloading https://repo.maven.apache.org/maven2/com/fasterxml/jackson/core/jackson-core/2.15.4/jackson-core-2.15.4-sources.jar
2026-04-02 19:04:27,949 [Worker-1: Download sources and javadoc] INFO  o.e.m.c.i.e.AbstractTransferListenerAdapter - Downloaded https://repo.maven.apache.org/maven2/com/fasterxml/jackson/core/jackson-core/2.15.4/jackson-core-2.15.4-sources.jar
2026-04-02 19:04:27,953 [Worker-1: Download sources and javadoc] INFO  o.e.m.j.internal.DownloadSourcesJob - Downloaded sources for com.fasterxml.jackson.core:jackson-core:2.15.4
2026-04-02 19:04:27,979 [Worker-1: Download sources and javadoc] INFO  o.e.m.c.i.e.AbstractTransferListenerAdapter - Downloading https://repo.maven.apache.org/maven2/org/projectlombok/lombok/1.18.32/lombok-1.18.32-sources.jar
2026-04-02 19:04:28,008 [Worker-1: Download sources and javadoc] INFO  o.e.m.c.i.e.AbstractTransferListenerAdapter - Downloaded https://repo.maven.apache.org/maven2/org/projectlombok/lombok/1.18.32/lombok-1.18.32-sources.jar
2026-04-02 19:04:28,011 [Worker-1: Download sources and javadoc] INFO  o.e.m.j.internal.DownloadSourcesJob - Downloaded sources for org.projectlombok:lombok:1.18.32
2026-04-02 19:04:28,033 [Worker-1: Download sources and javadoc] INFO  o.e.m.c.i.e.AbstractTransferListenerAdapter - Downloading https://repo.maven.apache.org/maven2/org/springframework/boot/spring-boot-starter-test/3.2.5/spring-boot-starter-test-3.2.5-sources.jar
2026-04-02 19:04:28,040 [Worker-1: Download sources and javadoc] INFO  o.e.m.c.i.e.AbstractTransferListenerAdapter - Downloaded https://repo.maven.apache.org/maven2/org/springframework/boot/spring-boot-starter-test/3.2.5/spring-boot-starter-test-3.2.5-sources.jar
2026-04-02 19:04:28,043 [Worker-1: Download sources and javadoc] INFO  o.e.m.j.internal.DownloadSourcesJob - Downloaded sources for org.springframework.boot:spring-boot-starter-test:3.2.5
2026-04-02 19:04:28,078 [Worker-1: Download sources and javadoc] INFO  o.e.m.c.i.e.AbstractTransferListenerAdapter - Downloading https://repo.maven.apache.org/maven2/org/springframework/boot/spring-boot-test/3.2.5/spring-boot-test-3.2.5-sources.jar
2026-04-02 19:04:28,089 [Worker-1: Download sources and javadoc] INFO  o.e.m.c.i.e.AbstractTransferListenerAdapter - Downloaded https://repo.maven.apache.org/maven2/org/springframework/boot/spring-boot-test/3.2.5/spring-boot-test-3.2.5-sources.jar
2026-04-02 19:04:28,093 [Worker-1: Download sources and javadoc] INFO  o.e.m.j.internal.DownloadSourcesJob - Downloaded sources for org.springframework.boot:spring-boot-test:3.2.5
2026-04-02 19:04:28,120 [Worker-1: Download sources and javadoc] INFO  o.e.m.c.i.e.AbstractTransferListenerAdapter - Downloading https://repo.maven.apache.org/maven2/org/springframework/boot/spring-boot-test-autoconfigure/3.2.5/spring-boot-test-autoconfigure-3.2.5-sources.jar
2026-04-02 19:04:28,133 [Worker-1: Download sources and javadoc] INFO  o.e.m.c.i.e.AbstractTransferListenerAdapter - Downloaded https://repo.maven.apache.org/maven2/org/springframework/boot/spring-boot-test-autoconfigure/3.2.5/spring-boot-test-autoconfigure-3.2.5-sources.jar
2026-04-02 19:04:28,136 [Worker-1: Download sources and javadoc] INFO  o.e.m.j.internal.DownloadSourcesJob - Downloaded sources for org.springframework.boot:spring-boot-test-autoconfigure:3.2.5
2026-04-02 19:04:28,167 [Worker-1: Download sources and javadoc] INFO  o.e.m.c.i.e.AbstractTransferListenerAdapter - Downloading https://repo.maven.apache.org/maven2/org/assertj/assertj-core/3.24.2/assertj-core-3.24.2-sources.jar
2026-04-02 19:04:28,205 [Worker-1: Download sources and javadoc] INFO  o.e.m.c.i.e.AbstractTransferListenerAdapter - Downloaded https://repo.maven.apache.org/maven2/org/assertj/assertj-core/3.24.2/assertj-core-3.24.2-sources.jar
2026-04-02 19:04:28,208 [Worker-1: Download sources and javadoc] INFO  o.e.m.j.internal.DownloadSourcesJob - Downloaded sources for org.assertj:assertj-core:3.24.2
2026-04-02 19:04:28,238 [Worker-1: Download sources and javadoc] INFO  o.e.m.c.i.e.AbstractTransferListenerAdapter - Downloading https://repo.maven.apache.org/maven2/org/awaitility/awaitility/4.2.1/awaitility-4.2.1-sources.jar
2026-04-02 19:04:28,247 [Worker-1: Download sources and javadoc] INFO  o.e.m.c.i.e.AbstractTransferListenerAdapter - Downloaded https://repo.maven.apache.org/maven2/org/awaitility/awaitility/4.2.1/awaitility-4.2.1-sources.jar
2026-04-02 19:04:28,250 [Worker-1: Download sources and javadoc] INFO  o.e.m.j.internal.DownloadSourcesJob - Downloaded sources for org.awaitility:awaitility:4.2.1
2026-04-02 19:04:28,280 [Worker-1: Download sources and javadoc] INFO  o.e.m.c.i.e.AbstractTransferListenerAdapter - Downloading https://repo.maven.apache.org/maven2/org/junit/jupiter/junit-jupiter/5.10.2/junit-jupiter-5.10.2-sources.jar
2026-04-02 19:04:28,287 [Worker-1: Download sources and javadoc] INFO  o.e.m.c.i.e.AbstractTransferListenerAdapter - Downloaded https://repo.maven.apache.org/maven2/org/junit/jupiter/junit-jupiter/5.10.2/junit-jupiter-5.10.2-sources.jar
2026-04-02 19:04:28,290 [Worker-1: Download sources and javadoc] INFO  o.e.m.j.internal.DownloadSourcesJob - Downloaded sources for org.junit.jupiter:junit-jupiter:5.10.2
2026-04-02 19:04:28,318 [Worker-1: Download sources and javadoc] INFO  o.e.m.c.i.e.AbstractTransferListenerAdapter - Downloading https://repo.maven.apache.org/maven2/org/junit/jupiter/junit-jupiter-api/5.10.2/junit-jupiter-api-5.10.2-sources.jar
2026-04-02 19:04:28,329 [Worker-1: Download sources and javadoc] INFO  o.e.m.c.i.e.AbstractTransferListenerAdapter - Downloaded https://repo.maven.apache.org/maven2/org/junit/jupiter/junit-jupiter-api/5.10.2/junit-jupiter-api-5.10.2-sources.jar
2026-04-02 19:04:28,332 [Worker-1: Download sources and javadoc] INFO  o.e.m.j.internal.DownloadSourcesJob - Downloaded sources for org.junit.jupiter:junit-jupiter-api:5.10.2
2026-04-02 19:04:28,360 [Worker-1: Download sources and javadoc] INFO  o.e.m.c.i.e.AbstractTransferListenerAdapter - Downloading https://repo.maven.apache.org/maven2/org/junit/platform/junit-platform-commons/1.10.2/junit-platform-commons-1.10.2-sources.jar
2026-04-02 19:04:28,369 [Worker-1: Download sources and javadoc] INFO  o.e.m.c.i.e.AbstractTransferListenerAdapter - Downloaded https://repo.maven.apache.org/maven2/org/junit/platform/junit-platform-commons/1.10.2/junit-platform-commons-1.10.2-sources.jar
2026-04-02 19:04:28,373 [Worker-1: Download sources and javadoc] INFO  o.e.m.j.internal.DownloadSourcesJob - Downloaded sources for org.junit.platform:junit-platform-commons:1.10.2
2026-04-02 19:04:28,399 [Worker-1: Download sources and javadoc] INFO  o.e.m.c.i.e.AbstractTransferListenerAdapter - Downloading https://repo.maven.apache.org/maven2/org/junit/jupiter/junit-jupiter-params/5.10.2/junit-jupiter-params-5.10.2-sources.jar
2026-04-02 19:04:28,407 [Worker-1: Download sources and javadoc] INFO  o.e.m.c.i.e.AbstractTransferListenerAdapter - Downloaded https://repo.maven.apache.org/maven2/org/junit/jupiter/junit-jupiter-params/5.10.2/junit-jupiter-params-5.10.2-sources.jar
2026-04-02 19:04:28,412 [Worker-1: Download sources and javadoc] INFO  o.e.m.j.internal.DownloadSourcesJob - Downloaded sources for org.junit.jupiter:junit-jupiter-params:5.10.2
2026-04-02 19:04:28,439 [Worker-1: Download sources and javadoc] INFO  o.e.m.c.i.e.AbstractTransferListenerAdapter - Downloading https://repo.maven.apache.org/maven2/org/junit/jupiter/junit-jupiter-engine/5.10.2/junit-jupiter-engine-5.10.2-sources.jar
2026-04-02 19:04:28,451 [Worker-1: Download sources and javadoc] INFO  o.e.m.c.i.e.AbstractTransferListenerAdapter - Downloaded https://repo.maven.apache.org/maven2/org/junit/jupiter/junit-jupiter-engine/5.10.2/junit-jupiter-engine-5.10.2-sources.jar
2026-04-02 19:04:28,454 [Worker-1: Download sources and javadoc] INFO  o.e.m.j.internal.DownloadSourcesJob - Downloaded sources for org.junit.jupiter:junit-jupiter-engine:5.10.2
2026-04-02 19:04:28,482 [Worker-1: Download sources and javadoc] INFO  o.e.m.c.i.e.AbstractTransferListenerAdapter - Downloading https://repo.maven.apache.org/maven2/org/junit/platform/junit-platform-engine/1.10.2/junit-platform-engine-1.10.2-sources.jar
2026-04-02 19:04:28,494 [Worker-1: Download sources and javadoc] INFO  o.e.m.c.i.e.AbstractTransferListenerAdapter - Downloaded https://repo.maven.apache.org/maven2/org/junit/platform/junit-platform-engine/1.10.2/junit-platform-engine-1.10.2-sources.jar
2026-04-02 19:04:28,497 [Worker-1: Download sources and javadoc] INFO  o.e.m.j.internal.DownloadSourcesJob - Downloaded sources for org.junit.platform:junit-platform-engine:1.10.2
2026-04-02 19:04:28,530 [Worker-1: Download sources and javadoc] INFO  o.e.m.c.i.e.AbstractTransferListenerAdapter - Downloading https://repo.maven.apache.org/maven2/org/mockito/mockito-core/5.7.0/mockito-core-5.7.0-sources.jar
2026-04-02 19:04:28,549 [Worker-1: Download sources and javadoc] INFO  o.e.m.c.i.e.AbstractTransferListenerAdapter - Downloaded https://repo.maven.apache.org/maven2/org/mockito/mockito-core/5.7.0/mockito-core-5.7.0-sources.jar
2026-04-02 19:04:28,552 [Worker-1: Download sources and javadoc] INFO  o.e.m.j.internal.DownloadSourcesJob - Downloaded sources for org.mockito:mockito-core:5.7.0
2026-04-02 19:04:28,589 [Worker-1: Download sources and javadoc] INFO  o.e.m.c.i.e.AbstractTransferListenerAdapter - Downloading https://repo.maven.apache.org/maven2/net/bytebuddy/byte-buddy-agent/1.14.13/byte-buddy-agent-1.14.13-sources.jar
2026-04-02 19:04:28,603 [Worker-1: Download sources and javadoc] INFO  o.e.m.c.i.e.AbstractTransferListenerAdapter - Downloaded https://repo.maven.apache.org/maven2/net/bytebuddy/byte-buddy-agent/1.14.13/byte-buddy-agent-1.14.13-sources.jar
2026-04-02 19:04:28,606 [Worker-1: Download sources and javadoc] INFO  o.e.m.j.internal.DownloadSourcesJob - Downloaded sources for net.bytebuddy:byte-buddy-agent:1.14.13
2026-04-02 19:04:28,644 [Worker-1: Download sources and javadoc] INFO  o.e.m.c.i.e.AbstractTransferListenerAdapter - Downloading https://repo.maven.apache.org/maven2/org/mockito/mockito-junit-jupiter/5.7.0/mockito-junit-jupiter-5.7.0-sources.jar
2026-04-02 19:04:28,649 [Worker-1: Download sources and javadoc] INFO  o.e.m.c.i.e.AbstractTransferListenerAdapter - Downloaded https://repo.maven.apache.org/maven2/org/mockito/mockito-junit-jupiter/5.7.0/mockito-junit-jupiter-5.7.0-sources.jar
2026-04-02 19:04:28,652 [Worker-1: Download sources and javadoc] INFO  o.e.m.j.internal.DownloadSourcesJob - Downloaded sources for org.mockito:mockito-junit-jupiter:5.7.0
2026-04-02 19:04:28,680 [Worker-1: Download sources and javadoc] INFO  o.e.m.c.i.e.AbstractTransferListenerAdapter - Downloading https://repo.maven.apache.org/maven2/org/skyscreamer/jsonassert/1.5.1/jsonassert-1.5.1-sources.jar
2026-04-02 19:04:28,688 [Worker-1: Download sources and javadoc] INFO  o.e.m.c.i.e.AbstractTransferListenerAdapter - Downloaded https://repo.maven.apache.org/maven2/org/skyscreamer/jsonassert/1.5.1/jsonassert-1.5.1-sources.jar
2026-04-02 19:04:28,691 [Worker-1: Download sources and javadoc] INFO  o.e.m.j.internal.DownloadSourcesJob - Downloaded sources for org.skyscreamer:jsonassert:1.5.1
2026-04-02 19:04:28,722 [Worker-1: Download sources and javadoc] INFO  o.e.m.c.i.e.AbstractTransferListenerAdapter - Downloading https://repo.maven.apache.org/maven2/org/springframework/spring-core/6.1.6/spring-core-6.1.6-sources.jar
2026-04-02 19:04:28,765 [Worker-1: Download sources and javadoc] INFO  o.e.m.c.i.e.AbstractTransferListenerAdapter - Downloaded https://repo.maven.apache.org/maven2/org/springframework/spring-core/6.1.6/spring-core-6.1.6-sources.jar
2026-04-02 19:04:28,769 [Worker-1: Download sources and javadoc] INFO  o.e.m.j.internal.DownloadSourcesJob - Downloaded sources for org.springframework:spring-core:6.1.6
2026-04-02 19:04:28,813 [Worker-1: Download sources and javadoc] INFO  o.e.m.c.i.e.AbstractTransferListenerAdapter - Downloading https://repo.maven.apache.org/maven2/org/springframework/spring-jcl/6.1.6/spring-jcl-6.1.6-sources.jar
2026-04-02 19:04:28,821 [Worker-1: Download sources and javadoc] INFO  o.e.m.c.i.e.AbstractTransferListenerAdapter - Downloaded https://repo.maven.apache.org/maven2/org/springframework/spring-jcl/6.1.6/spring-jcl-6.1.6-sources.jar
2026-04-02 19:04:28,825 [Worker-1: Download sources and javadoc] INFO  o.e.m.j.internal.DownloadSourcesJob - Downloaded sources for org.springframework:spring-jcl:6.1.6
2026-04-02 19:04:28,871 [Worker-1: Download sources and javadoc] INFO  o.e.m.c.i.e.AbstractTransferListenerAdapter - Downloading https://repo.maven.apache.org/maven2/org/springframework/spring-test/6.1.6/spring-test-6.1.6-sources.jar
2026-04-02 19:04:28,893 [Worker-1: Download sources and javadoc] INFO  o.e.m.c.i.e.AbstractTransferListenerAdapter - Downloaded https://repo.maven.apache.org/maven2/org/springframework/spring-test/6.1.6/spring-test-6.1.6-sources.jar
2026-04-02 19:04:28,897 [Worker-1: Download sources and javadoc] INFO  o.e.m.j.internal.DownloadSourcesJob - Downloaded sources for org.springframework:spring-test:6.1.6
2026-04-02 19:08:26,903 [Worker-23: Building] INFO  o.a.m.s.f.DefaultMavenResourcesFiltering - Copying 1 resource from src\main\resources to target\classes
2026-04-02 19:08:26,908 [Worker-23: Building] INFO  o.a.m.s.f.DefaultMavenResourcesFiltering - Copying 0 resource from src\main\resources to target\classes
2026-04-02 19:08:26,910 [Worker-23: Building] INFO  o.a.m.s.f.DefaultMavenResourcesFiltering - skip non existing resourceDirectory C:\Users\user\Desktop\내지갑지키미\workspace\poormoney\src\test\resources
2026-04-02 19:08:26,911 [Worker-23: Building] WARN  o.apache.maven.project.MavenProject - Plugin is modifying compileSourceRoots through clear(), which will not work in Maven 4.0.0. Use MavenProject.addCompileSourceRoot()/removeCompileSourceRoot() methods instead. If using a plugin, please upgrade to the latest version or report the issue to the plugin maintainer. To disable these warnings, set -Dmaven.project.sourceRoots.warningsDisabled=true on the command line, in the .mvn/maven.config file, or in project POM properties.
2026-04-02 19:08:26,912 [Worker-23: Building] WARN  o.apache.maven.project.MavenProject - Plugin is modifying compileSourceRoots through add(), which will not work in Maven 4.0.0. Use MavenProject.addCompileSourceRoot()/removeCompileSourceRoot() methods instead. If using a plugin, please upgrade to the latest version or report the issue to the plugin maintainer. To disable these warnings, set -Dmaven.project.sourceRoots.warningsDisabled=true on the command line, in the .mvn/maven.config file, or in project POM properties.
2026-04-02 19:08:26,912 [Worker-23: Building] WARN  o.apache.maven.project.MavenProject - Plugin is modifying testCompileSourceRoots through clear(), which will not work in Maven 4.0.0. Use MavenProject.addTestCompileSourceRoot()/removeTestCompileSourceRoot() methods instead. If using a plugin, please upgrade to the latest version or report the issue to the plugin maintainer. To disable these warnings, set -Dmaven.project.sourceRoots.warningsDisabled=true on the command line, in the .mvn/maven.config file, or in project POM properties.
2026-04-02 19:08:26,912 [Worker-23: Building] WARN  o.apache.maven.project.MavenProject - Plugin is modifying testCompileSourceRoots through add(), which will not work in Maven 4.0.0. Use MavenProject.addTestCompileSourceRoot()/removeTestCompileSourceRoot() methods instead. If using a plugin, please upgrade to the latest version or report the issue to the plugin maintainer. To disable these warnings, set -Dmaven.project.sourceRoots.warningsDisabled=true on the command line, in the .mvn/maven.config file, or in project POM properties.
2026-04-02 19:09:37,313 [main] INFO  o.e.m2e.actions.ExecutePomAction - Creating new launch configuration
2026-04-02 19:09:48,616 [Worker-34: Launching poormoney (7)] INFO  o.eclipse.m2e.core.internal.Bundles - getClasspathEntries(Bundle=org.eclipse.m2e.maven.runtime_3.9.1200.20260112-2306 [372])
2026-04-02 19:09:48,617 [Worker-34: Launching poormoney (7)] INFO  o.eclipse.m2e.core.internal.Bundles - 	Entry: C:\Users\user\Desktop\sts-5.1.1.RELEASE\plugins\org.eclipse.m2e.maven.runtime_3.9.1200.20260112-2306
2026-04-02 19:09:48,617 [Worker-34: Launching poormoney (7)] INFO  o.eclipse.m2e.core.internal.Bundles - 	Entry: C:\Users\user\Desktop\sts-5.1.1.RELEASE\plugins\org.eclipse.m2e.maven.runtime_3.9.1200.20260112-2306\jars\aopalliance-1.0.jar
2026-04-02 19:09:48,618 [Worker-34: Launching poormoney (7)] INFO  o.eclipse.m2e.core.internal.Bundles - 	Entry: C:\Users\user\Desktop\sts-5.1.1.RELEASE\plugins\org.eclipse.m2e.maven.runtime_3.9.1200.20260112-2306\jars\asm-9.9.jar
2026-04-02 19:09:48,618 [Worker-34: Launching poormoney (7)] INFO  o.eclipse.m2e.core.internal.Bundles - 	Entry: C:\Users\user\Desktop\sts-5.1.1.RELEASE\plugins\org.eclipse.m2e.maven.runtime_3.9.1200.20260112-2306\jars\error_prone_annotations-2.41.0.jar
2026-04-02 19:09:48,618 [Worker-34: Launching poormoney (7)] INFO  o.eclipse.m2e.core.internal.Bundles - 	Entry: C:\Users\user\Desktop\sts-5.1.1.RELEASE\plugins\org.eclipse.m2e.maven.runtime_3.9.1200.20260112-2306\jars\gson-2.13.2.jar
2026-04-02 19:09:48,618 [Worker-34: Launching poormoney (7)] INFO  o.eclipse.m2e.core.internal.Bundles - 	Entry: C:\Users\user\Desktop\sts-5.1.1.RELEASE\plugins\org.eclipse.m2e.maven.runtime_3.9.1200.20260112-2306\jars\guice-5.1.0-classes.jar
2026-04-02 19:09:48,618 [Worker-34: Launching poormoney (7)] INFO  o.eclipse.m2e.core.internal.Bundles - 	Entry: C:\Users\user\Desktop\sts-5.1.1.RELEASE\plugins\org.eclipse.m2e.maven.runtime_3.9.1200.20260112-2306\jars\httpclient-4.5.14.jar
2026-04-02 19:09:48,618 [Worker-34: Launching poormoney (7)] INFO  o.eclipse.m2e.core.internal.Bundles - 	Entry: C:\Users\user\Desktop\sts-5.1.1.RELEASE\plugins\org.eclipse.m2e.maven.runtime_3.9.1200.20260112-2306\jars\httpcore-4.4.16.jar
2026-04-02 19:09:48,618 [Worker-34: Launching poormoney (7)] INFO  o.eclipse.m2e.core.internal.Bundles - 	Entry: C:\Users\user\Desktop\sts-5.1.1.RELEASE\plugins\org.eclipse.m2e.maven.runtime_3.9.1200.20260112-2306\jars\jansi-2.4.2.jar
2026-04-02 19:09:48,618 [Worker-34: Launching poormoney (7)] INFO  o.eclipse.m2e.core.internal.Bundles - 	Entry: C:\Users\user\Desktop\sts-5.1.1.RELEASE\plugins\org.eclipse.m2e.maven.runtime_3.9.1200.20260112-2306\jars\jcl-over-slf4j-1.7.36.jar
2026-04-02 19:09:48,619 [Worker-34: Launching poormoney (7)] INFO  o.eclipse.m2e.core.internal.Bundles - 	Entry: C:\Users\user\Desktop\sts-5.1.1.RELEASE\plugins\org.eclipse.m2e.maven.runtime_3.9.1200.20260112-2306\jars\maven-artifact-3.9.12.jar
2026-04-02 19:09:48,619 [Worker-34: Launching poormoney (7)] INFO  o.eclipse.m2e.core.internal.Bundles - 	Entry: C:\Users\user\Desktop\sts-5.1.1.RELEASE\plugins\org.eclipse.m2e.maven.runtime_3.9.1200.20260112-2306\jars\maven-builder-support-3.9.12.jar
2026-04-02 19:09:48,619 [Worker-34: Launching poormoney (7)] INFO  o.eclipse.m2e.core.internal.Bundles - 	Entry: C:\Users\user\Desktop\sts-5.1.1.RELEASE\plugins\org.eclipse.m2e.maven.runtime_3.9.1200.20260112-2306\jars\maven-compat-3.9.12.jar
2026-04-02 19:09:48,619 [Worker-34: Launching poormoney (7)] INFO  o.eclipse.m2e.core.internal.Bundles - 	Entry: C:\Users\user\Desktop\sts-5.1.1.RELEASE\plugins\org.eclipse.m2e.maven.runtime_3.9.1200.20260112-2306\jars\maven-core-3.9.12.jar
2026-04-02 19:09:48,619 [Worker-34: Launching poormoney (7)] INFO  o.eclipse.m2e.core.internal.Bundles - 	Entry: C:\Users\user\Desktop\sts-5.1.1.RELEASE\plugins\org.eclipse.m2e.maven.runtime_3.9.1200.20260112-2306\jars\maven-embedder-3.9.12.jar
2026-04-02 19:09:48,619 [Worker-34: Launching poormoney (7)] INFO  o.eclipse.m2e.core.internal.Bundles - 	Entry: C:\Users\user\Desktop\sts-5.1.1.RELEASE\plugins\org.eclipse.m2e.maven.runtime_3.9.1200.20260112-2306\jars\maven-model-3.9.12.jar
2026-04-02 19:09:48,619 [Worker-34: Launching poormoney (7)] INFO  o.eclipse.m2e.core.internal.Bundles - 	Entry: C:\Users\user\Desktop\sts-5.1.1.RELEASE\plugins\org.eclipse.m2e.maven.runtime_3.9.1200.20260112-2306\jars\maven-model-builder-3.9.12.jar
2026-04-02 19:09:48,619 [Worker-34: Launching poormoney (7)] INFO  o.eclipse.m2e.core.internal.Bundles - 	Entry: C:\Users\user\Desktop\sts-5.1.1.RELEASE\plugins\org.eclipse.m2e.maven.runtime_3.9.1200.20260112-2306\jars\maven-plugin-api-3.9.12.jar
2026-04-02 19:09:48,619 [Worker-34: Launching poormoney (7)] INFO  o.eclipse.m2e.core.internal.Bundles - 	Entry: C:\Users\user\Desktop\sts-5.1.1.RELEASE\plugins\org.eclipse.m2e.maven.runtime_3.9.1200.20260112-2306\jars\maven-repository-metadata-3.9.12.jar
2026-04-02 19:09:48,620 [Worker-34: Launching poormoney (7)] INFO  o.eclipse.m2e.core.internal.Bundles - 	Entry: C:\Users\user\Desktop\sts-5.1.1.RELEASE\plugins\org.eclipse.m2e.maven.runtime_3.9.1200.20260112-2306\jars\maven-resolver-api-1.9.25.jar
2026-04-02 19:09:48,620 [Worker-34: Launching poormoney (7)] INFO  o.eclipse.m2e.core.internal.Bundles - 	Entry: C:\Users\user\Desktop\sts-5.1.1.RELEASE\plugins\org.eclipse.m2e.maven.runtime_3.9.1200.20260112-2306\jars\maven-resolver-connector-basic-1.9.25.jar
2026-04-02 19:09:48,620 [Worker-34: Launching poormoney (7)] INFO  o.eclipse.m2e.core.internal.Bundles - 	Entry: C:\Users\user\Desktop\sts-5.1.1.RELEASE\plugins\org.eclipse.m2e.maven.runtime_3.9.1200.20260112-2306\jars\maven-resolver-impl-1.9.25.jar
2026-04-02 19:09:48,620 [Worker-34: Launching poormoney (7)] INFO  o.eclipse.m2e.core.internal.Bundles - 	Entry: C:\Users\user\Desktop\sts-5.1.1.RELEASE\plugins\org.eclipse.m2e.maven.runtime_3.9.1200.20260112-2306\jars\maven-resolver-named-locks-1.9.25.jar
2026-04-02 19:09:48,620 [Worker-34: Launching poormoney (7)] INFO  o.eclipse.m2e.core.internal.Bundles - 	Entry: C:\Users\user\Desktop\sts-5.1.1.RELEASE\plugins\org.eclipse.m2e.maven.runtime_3.9.1200.20260112-2306\jars\maven-resolver-provider-3.9.12.jar
2026-04-02 19:09:48,620 [Worker-34: Launching poormoney (7)] INFO  o.eclipse.m2e.core.internal.Bundles - 	Entry: C:\Users\user\Desktop\sts-5.1.1.RELEASE\plugins\org.eclipse.m2e.maven.runtime_3.9.1200.20260112-2306\jars\maven-resolver-spi-1.9.25.jar
2026-04-02 19:09:48,620 [Worker-34: Launching poormoney (7)] INFO  o.eclipse.m2e.core.internal.Bundles - 	Entry: C:\Users\user\Desktop\sts-5.1.1.RELEASE\plugins\org.eclipse.m2e.maven.runtime_3.9.1200.20260112-2306\jars\maven-resolver-transport-file-1.9.25.jar
2026-04-02 19:09:48,620 [Worker-34: Launching poormoney (7)] INFO  o.eclipse.m2e.core.internal.Bundles - 	Entry: C:\Users\user\Desktop\sts-5.1.1.RELEASE\plugins\org.eclipse.m2e.maven.runtime_3.9.1200.20260112-2306\jars\maven-resolver-transport-http-1.9.25.jar
2026-04-02 19:09:48,620 [Worker-34: Launching poormoney (7)] INFO  o.eclipse.m2e.core.internal.Bundles - 	Entry: C:\Users\user\Desktop\sts-5.1.1.RELEASE\plugins\org.eclipse.m2e.maven.runtime_3.9.1200.20260112-2306\jars\maven-resolver-transport-wagon-1.9.25.jar
2026-04-02 19:09:48,620 [Worker-34: Launching poormoney (7)] INFO  o.eclipse.m2e.core.internal.Bundles - 	Entry: C:\Users\user\Desktop\sts-5.1.1.RELEASE\plugins\org.eclipse.m2e.maven.runtime_3.9.1200.20260112-2306\jars\maven-resolver-util-1.9.25.jar
2026-04-02 19:09:48,621 [Worker-34: Launching poormoney (7)] INFO  o.eclipse.m2e.core.internal.Bundles - 	Entry: C:\Users\user\Desktop\sts-5.1.1.RELEASE\plugins\org.eclipse.m2e.maven.runtime_3.9.1200.20260112-2306\jars\maven-settings-3.9.12.jar
2026-04-02 19:09:48,621 [Worker-34: Launching poormoney (7)] INFO  o.eclipse.m2e.core.internal.Bundles - 	Entry: C:\Users\user\Desktop\sts-5.1.1.RELEASE\plugins\org.eclipse.m2e.maven.runtime_3.9.1200.20260112-2306\jars\maven-settings-builder-3.9.12.jar
2026-04-02 19:09:48,621 [Worker-34: Launching poormoney (7)] INFO  o.eclipse.m2e.core.internal.Bundles - 	Entry: C:\Users\user\Desktop\sts-5.1.1.RELEASE\plugins\org.eclipse.m2e.maven.runtime_3.9.1200.20260112-2306\jars\maven-shared-utils-3.4.2.jar
2026-04-02 19:09:48,621 [Worker-34: Launching poormoney (7)] INFO  o.eclipse.m2e.core.internal.Bundles - 	Entry: C:\Users\user\Desktop\sts-5.1.1.RELEASE\plugins\org.eclipse.m2e.maven.runtime_3.9.1200.20260112-2306\jars\org.eclipse.sisu.inject-0.9.0.M4.jar
2026-04-02 19:09:48,622 [Worker-34: Launching poormoney (7)] INFO  o.eclipse.m2e.core.internal.Bundles - 	Entry: C:\Users\user\Desktop\sts-5.1.1.RELEASE\plugins\org.eclipse.m2e.maven.runtime_3.9.1200.20260112-2306\jars\org.eclipse.sisu.plexus-0.9.0.M4.jar
2026-04-02 19:09:48,622 [Worker-34: Launching poormoney (7)] INFO  o.eclipse.m2e.core.internal.Bundles - 	Entry: C:\Users\user\Desktop\sts-5.1.1.RELEASE\plugins\org.eclipse.m2e.maven.runtime_3.9.1200.20260112-2306\jars\plexus-build-api-0.0.7.jar
2026-04-02 19:09:48,622 [Worker-34: Launching poormoney (7)] INFO  o.eclipse.m2e.core.internal.Bundles - 	Entry: C:\Users\user\Desktop\sts-5.1.1.RELEASE\plugins\org.eclipse.m2e.maven.runtime_3.9.1200.20260112-2306\jars\plexus-build-api-1.2.0.jar
2026-04-02 19:09:48,622 [Worker-34: Launching poormoney (7)] INFO  o.eclipse.m2e.core.internal.Bundles - 	Entry: C:\Users\user\Desktop\sts-5.1.1.RELEASE\plugins\org.eclipse.m2e.maven.runtime_3.9.1200.20260112-2306\jars\plexus-cipher-2.0.jar
2026-04-02 19:09:48,623 [Worker-34: Launching poormoney (7)] INFO  o.eclipse.m2e.core.internal.Bundles - 	Entry: C:\Users\user\Desktop\sts-5.1.1.RELEASE\plugins\org.eclipse.m2e.maven.runtime_3.9.1200.20260112-2306\jars\plexus-classworlds-2.9.0.jar
2026-04-02 19:09:48,623 [Worker-34: Launching poormoney (7)] INFO  o.eclipse.m2e.core.internal.Bundles - 	Entry: C:\Users\user\Desktop\sts-5.1.1.RELEASE\plugins\org.eclipse.m2e.maven.runtime_3.9.1200.20260112-2306\jars\plexus-component-annotations-2.2.0.jar
2026-04-02 19:09:48,623 [Worker-34: Launching poormoney (7)] INFO  o.eclipse.m2e.core.internal.Bundles - 	Entry: C:\Users\user\Desktop\sts-5.1.1.RELEASE\plugins\org.eclipse.m2e.maven.runtime_3.9.1200.20260112-2306\jars\plexus-interpolation-1.29.jar
2026-04-02 19:09:48,623 [Worker-34: Launching poormoney (7)] INFO  o.eclipse.m2e.core.internal.Bundles - 	Entry: C:\Users\user\Desktop\sts-5.1.1.RELEASE\plugins\org.eclipse.m2e.maven.runtime_3.9.1200.20260112-2306\jars\plexus-sec-dispatcher-2.0.jar
2026-04-02 19:09:48,624 [Worker-34: Launching poormoney (7)] INFO  o.eclipse.m2e.core.internal.Bundles - 	Entry: C:\Users\user\Desktop\sts-5.1.1.RELEASE\plugins\org.eclipse.m2e.maven.runtime_3.9.1200.20260112-2306\jars\plexus-utils-3.6.0.jar
2026-04-02 19:09:48,624 [Worker-34: Launching poormoney (7)] INFO  o.eclipse.m2e.core.internal.Bundles - 	Entry: C:\Users\user\Desktop\sts-5.1.1.RELEASE\plugins\org.eclipse.m2e.maven.runtime_3.9.1200.20260112-2306\jars\wagon-file-3.5.3.jar
2026-04-02 19:09:48,624 [Worker-34: Launching poormoney (7)] INFO  o.eclipse.m2e.core.internal.Bundles - 	Entry: C:\Users\user\Desktop\sts-5.1.1.RELEASE\plugins\org.eclipse.m2e.maven.runtime_3.9.1200.20260112-2306\jars\wagon-http-3.5.3.jar
2026-04-02 19:09:48,624 [Worker-34: Launching poormoney (7)] INFO  o.eclipse.m2e.core.internal.Bundles - 	Entry: C:\Users\user\Desktop\sts-5.1.1.RELEASE\plugins\org.eclipse.m2e.maven.runtime_3.9.1200.20260112-2306\jars\wagon-http-shared-3.5.3.jar
2026-04-02 19:09:48,624 [Worker-34: Launching poormoney (7)] INFO  o.eclipse.m2e.core.internal.Bundles - 	Entry: C:\Users\user\Desktop\sts-5.1.1.RELEASE\plugins\org.eclipse.m2e.maven.runtime_3.9.1200.20260112-2306\jars\wagon-provider-api-3.5.3.jar
2026-04-02 19:09:48,625 [Worker-34: Launching poormoney (7)] INFO  o.eclipse.m2e.core.internal.Bundles - getClasspathEntries(Bundle=com.google.guava_33.5.0.jre [31])
2026-04-02 19:09:48,626 [Worker-34: Launching poormoney (7)] INFO  o.eclipse.m2e.core.internal.Bundles - 	Entry: C:\Users\user\Desktop\sts-5.1.1.RELEASE\plugins\com.google.guava_33.5.0.jre.jar
2026-04-02 19:09:48,626 [Worker-34: Launching poormoney (7)] INFO  o.eclipse.m2e.core.internal.Bundles - getClasspathEntries(Bundle=slf4j.api_2.0.17 [620])
2026-04-02 19:09:48,626 [Worker-34: Launching poormoney (7)] INFO  o.eclipse.m2e.core.internal.Bundles - 	Entry: C:\Users\user\Desktop\sts-5.1.1.RELEASE\plugins\slf4j.api_2.0.17.jar
2026-04-02 19:09:48,626 [Worker-34: Launching poormoney (7)] INFO  o.eclipse.m2e.core.internal.Bundles - getClasspathEntries(Bundle=jakarta.inject.jakarta.inject-api_1.0.5 [46])
2026-04-02 19:09:48,627 [Worker-34: Launching poormoney (7)] INFO  o.eclipse.m2e.core.internal.Bundles - 	Entry: C:\Users\user\Desktop\sts-5.1.1.RELEASE\plugins\jakarta.inject.jakarta.inject-api_1.0.5.jar
2026-04-02 19:09:48,627 [Worker-34: Launching poormoney (7)] INFO  o.eclipse.m2e.core.internal.Bundles - getClasspathEntries(Bundle=jakarta.annotation-api_1.3.5 [43])
2026-04-02 19:09:48,627 [Worker-34: Launching poormoney (7)] INFO  o.eclipse.m2e.core.internal.Bundles - 	Entry: C:\Users\user\Desktop\sts-5.1.1.RELEASE\plugins\jakarta.annotation-api_1.3.5.jar
2026-04-02 19:09:48,627 [Worker-34: Launching poormoney (7)] INFO  o.eclipse.m2e.core.internal.Bundles - getClasspathEntries(Bundle=org.apache.commons.cli_1.11.0 [86])
2026-04-02 19:09:48,628 [Worker-34: Launching poormoney (7)] INFO  o.eclipse.m2e.core.internal.Bundles - 	Entry: C:\Users\user\Desktop\sts-5.1.1.RELEASE\plugins\org.apache.commons.cli_1.11.0.jar
2026-04-02 19:09:48,628 [Worker-34: Launching poormoney (7)] INFO  o.eclipse.m2e.core.internal.Bundles - getClasspathEntries(Bundle=org.apache.commons.commons-codec_1.21.0 [88])
2026-04-02 19:09:48,628 [Worker-34: Launching poormoney (7)] INFO  o.eclipse.m2e.core.internal.Bundles - 	Entry: C:\Users\user\Desktop\sts-5.1.1.RELEASE\plugins\org.apache.commons.commons-codec_1.21.0.jar
2026-04-02 19:09:48,628 [Worker-34: Launching poormoney (7)] INFO  o.eclipse.m2e.core.internal.Bundles - getClasspathEntries(Bundle=com.google.guava.failureaccess_1.0.3 [32])
2026-04-02 19:09:48,628 [Worker-34: Launching poormoney (7)] INFO  o.eclipse.m2e.core.internal.Bundles - 	Entry: C:\Users\user\Desktop\sts-5.1.1.RELEASE\plugins\com.google.guava.failureaccess_1.0.3.jar
2026-04-02 19:09:48,650 [Worker-34: Launching poormoney (7)] INFO  o.e.m.i.launch.MavenLaunchDelegate - Run build in "C:\Users\user\Desktop\내지갑지키미\workspace\poormoney":
2026-04-02 19:09:48,651 [Worker-34: Launching poormoney (7)] INFO  o.e.m.i.launch.MavenLaunchDelegate -  mvn  -B -Dstyle.color=always clean install
2026-04-02 19:11:25,417 [Worker-40: Building] INFO  o.a.m.s.f.DefaultMavenResourcesFiltering - Copying 1 resource from src\main\resources to target\classes
2026-04-02 19:11:25,420 [Worker-40: Building] INFO  o.a.m.s.f.DefaultMavenResourcesFiltering - Copying 0 resource from src\main\resources to target\classes
2026-04-02 19:11:25,422 [Worker-40: Building] INFO  o.a.m.s.f.DefaultMavenResourcesFiltering - skip non existing resourceDirectory C:\Users\user\Desktop\내지갑지키미\workspace\poormoney\src\test\resources
2026-04-02 19:11:25,422 [Worker-40: Building] WARN  o.apache.maven.project.MavenProject - Plugin is modifying compileSourceRoots through clear(), which will not work in Maven 4.0.0. Use MavenProject.addCompileSourceRoot()/removeCompileSourceRoot() methods instead. If using a plugin, please upgrade to the latest version or report the issue to the plugin maintainer. To disable these warnings, set -Dmaven.project.sourceRoots.warningsDisabled=true on the command line, in the .mvn/maven.config file, or in project POM properties.
2026-04-02 19:11:25,422 [Worker-40: Building] WARN  o.apache.maven.project.MavenProject - Plugin is modifying compileSourceRoots through add(), which will not work in Maven 4.0.0. Use MavenProject.addCompileSourceRoot()/removeCompileSourceRoot() methods instead. If using a plugin, please upgrade to the latest version or report the issue to the plugin maintainer. To disable these warnings, set -Dmaven.project.sourceRoots.warningsDisabled=true on the command line, in the .mvn/maven.config file, or in project POM properties.
2026-04-02 19:11:25,423 [Worker-40: Building] WARN  o.apache.maven.project.MavenProject - Plugin is modifying testCompileSourceRoots through clear(), which will not work in Maven 4.0.0. Use MavenProject.addTestCompileSourceRoot()/removeTestCompileSourceRoot() methods instead. If using a plugin, please upgrade to the latest version or report the issue to the plugin maintainer. To disable these warnings, set -Dmaven.project.sourceRoots.warningsDisabled=true on the command line, in the .mvn/maven.config file, or in project POM properties.
2026-04-02 19:11:25,423 [Worker-40: Building] WARN  o.apache.maven.project.MavenProject - Plugin is modifying testCompileSourceRoots through add(), which will not work in Maven 4.0.0. Use MavenProject.addTestCompileSourceRoot()/removeTestCompileSourceRoot() methods instead. If using a plugin, please upgrade to the latest version or report the issue to the plugin maintainer. To disable these warnings, set -Dmaven.project.sourceRoots.warningsDisabled=true on the command line, in the .mvn/maven.config file, or in project POM properties.
2026-04-02 19:11:26,802 [Worker-44: Building] INFO  o.a.m.s.f.DefaultMavenResourcesFiltering - Copying 1 resource from src\main\resources to target\classes
2026-04-02 19:11:26,803 [Worker-44: Building] INFO  o.a.m.s.f.DefaultMavenResourcesFiltering - Copying 1 resource from src\main\resources to target\classes
2026-04-02 19:11:26,806 [Worker-44: Building] INFO  o.a.m.s.f.DefaultMavenResourcesFiltering - skip non existing resourceDirectory C:\Users\user\Desktop\내지갑지키미\workspace\poormoney\src\test\resources
2026-04-02 19:11:26,823 [Worker-44: Building] WARN  o.apache.maven.project.MavenProject - Plugin is modifying compileSourceRoots through clear(), which will not work in Maven 4.0.0. Use MavenProject.addCompileSourceRoot()/removeCompileSourceRoot() methods instead. If using a plugin, please upgrade to the latest version or report the issue to the plugin maintainer. To disable these warnings, set -Dmaven.project.sourceRoots.warningsDisabled=true on the command line, in the .mvn/maven.config file, or in project POM properties.
2026-04-02 19:11:26,823 [Worker-44: Building] WARN  o.apache.maven.project.MavenProject - Plugin is modifying compileSourceRoots through add(), which will not work in Maven 4.0.0. Use MavenProject.addCompileSourceRoot()/removeCompileSourceRoot() methods instead. If using a plugin, please upgrade to the latest version or report the issue to the plugin maintainer. To disable these warnings, set -Dmaven.project.sourceRoots.warningsDisabled=true on the command line, in the .mvn/maven.config file, or in project POM properties.
2026-04-02 19:11:26,824 [Worker-44: Building] WARN  o.apache.maven.project.MavenProject - Plugin is modifying testCompileSourceRoots through clear(), which will not work in Maven 4.0.0. Use MavenProject.addTestCompileSourceRoot()/removeTestCompileSourceRoot() methods instead. If using a plugin, please upgrade to the latest version or report the issue to the plugin maintainer. To disable these warnings, set -Dmaven.project.sourceRoots.warningsDisabled=true on the command line, in the .mvn/maven.config file, or in project POM properties.
2026-04-02 19:11:26,824 [Worker-44: Building] WARN  o.apache.maven.project.MavenProject - Plugin is modifying testCompileSourceRoots through add(), which will not work in Maven 4.0.0. Use MavenProject.addTestCompileSourceRoot()/removeTestCompileSourceRoot() methods instead. If using a plugin, please upgrade to the latest version or report the issue to the plugin maintainer. To disable these warnings, set -Dmaven.project.sourceRoots.warningsDisabled=true on the command line, in the .mvn/maven.config file, or in project POM properties.
2026-04-02 19:11:27,389 [Worker-44: Building] INFO  o.a.m.s.f.DefaultMavenResourcesFiltering - Copying 1 resource from src\main\resources to target\classes
2026-04-02 19:11:27,390 [Worker-44: Building] INFO  o.a.m.s.f.DefaultMavenResourcesFiltering - Copying 1 resource from src\main\resources to target\classes
2026-04-02 19:11:27,394 [Worker-44: Building] INFO  o.a.m.s.f.DefaultMavenResourcesFiltering - skip non existing resourceDirectory C:\Users\user\Desktop\내지갑지키미\workspace\poormoney\src\test\resources
2026-04-02 19:11:27,410 [Worker-44: Building] WARN  o.apache.maven.project.MavenProject - Plugin is modifying compileSourceRoots through clear(), which will not work in Maven 4.0.0. Use MavenProject.addCompileSourceRoot()/removeCompileSourceRoot() methods instead. If using a plugin, please upgrade to the latest version or report the issue to the plugin maintainer. To disable these warnings, set -Dmaven.project.sourceRoots.warningsDisabled=true on the command line, in the .mvn/maven.config file, or in project POM properties.
2026-04-02 19:11:27,411 [Worker-44: Building] WARN  o.apache.maven.project.MavenProject - Plugin is modifying compileSourceRoots through add(), which will not work in Maven 4.0.0. Use MavenProject.addCompileSourceRoot()/removeCompileSourceRoot() methods instead. If using a plugin, please upgrade to the latest version or report the issue to the plugin maintainer. To disable these warnings, set -Dmaven.project.sourceRoots.warningsDisabled=true on the command line, in the .mvn/maven.config file, or in project POM properties.
2026-04-02 19:11:27,411 [Worker-44: Building] WARN  o.apache.maven.project.MavenProject - Plugin is modifying testCompileSourceRoots through clear(), which will not work in Maven 4.0.0. Use MavenProject.addTestCompileSourceRoot()/removeTestCompileSourceRoot() methods instead. If using a plugin, please upgrade to the latest version or report the issue to the plugin maintainer. To disable these warnings, set -Dmaven.project.sourceRoots.warningsDisabled=true on the command line, in the .mvn/maven.config file, or in project POM properties.
2026-04-02 19:11:27,412 [Worker-44: Building] WARN  o.apache.maven.project.MavenProject - Plugin is modifying testCompileSourceRoots through add(), which will not work in Maven 4.0.0. Use MavenProject.addTestCompileSourceRoot()/removeTestCompileSourceRoot() methods instead. If using a plugin, please upgrade to the latest version or report the issue to the plugin maintainer. To disable these warnings, set -Dmaven.project.sourceRoots.warningsDisabled=true on the command line, in the .mvn/maven.config file, or in project POM properties.
2026-04-02 19:11:54,753 [Worker-34: Updating Maven Project] INFO  o.e.m.c.i.p.ProjectConfigurationManager - Update started
2026-04-02 19:11:54,966 [Worker-34: Updating Maven Project] INFO  o.e.m.c.i.l.LifecycleMappingFactory - Using org.eclipse.m2e.jdt.JarLifecycleMapping lifecycle mapping for MavenProject: poormoney:poormoney:0.0.1-SNAPSHOT @ C:\Users\user\Desktop\내지갑지키미\workspace\poormoney\pom.xml.
2026-04-02 19:11:55,326 [Worker-34: Updating Maven Project] INFO  o.e.m.j.i.AbstractJavaProjectConfigurator - Adding source folder /poormoney/src/main/java
2026-04-02 19:11:55,327 [Worker-34: Updating Maven Project] INFO  o.e.m.j.i.AbstractJavaProjectConfigurator - Adding resource folder /poormoney/src/main/resources
2026-04-02 19:11:55,328 [Worker-34: Updating Maven Project] INFO  o.e.m.j.i.AbstractJavaProjectConfigurator - Adding resource folder /poormoney/src/main/resources
2026-04-02 19:11:55,329 [Worker-34: Updating Maven Project] INFO  o.e.m.j.i.AbstractJavaProjectConfigurator - Adding source folder /poormoney/src/test/java
2026-04-02 19:11:55,329 [Worker-34: Updating Maven Project] INFO  o.e.m.j.i.AbstractJavaProjectConfigurator - Adding resource folder /poormoney/src/test/resources
2026-04-02 19:11:55,679 [Worker-34: Updating Maven Project] WARN  o.apache.maven.project.MavenProject - Plugin is modifying compileSourceRoots through clear(), which will not work in Maven 4.0.0. Use MavenProject.addCompileSourceRoot()/removeCompileSourceRoot() methods instead. If using a plugin, please upgrade to the latest version or report the issue to the plugin maintainer. To disable these warnings, set -Dmaven.project.sourceRoots.warningsDisabled=true on the command line, in the .mvn/maven.config file, or in project POM properties.
2026-04-02 19:11:55,680 [Worker-34: Updating Maven Project] WARN  o.apache.maven.project.MavenProject - Plugin is modifying compileSourceRoots through add(), which will not work in Maven 4.0.0. Use MavenProject.addCompileSourceRoot()/removeCompileSourceRoot() methods instead. If using a plugin, please upgrade to the latest version or report the issue to the plugin maintainer. To disable these warnings, set -Dmaven.project.sourceRoots.warningsDisabled=true on the command line, in the .mvn/maven.config file, or in project POM properties.
2026-04-02 19:11:55,680 [Worker-34: Updating Maven Project] WARN  o.apache.maven.project.MavenProject - Plugin is modifying testCompileSourceRoots through clear(), which will not work in Maven 4.0.0. Use MavenProject.addTestCompileSourceRoot()/removeTestCompileSourceRoot() methods instead. If using a plugin, please upgrade to the latest version or report the issue to the plugin maintainer. To disable these warnings, set -Dmaven.project.sourceRoots.warningsDisabled=true on the command line, in the .mvn/maven.config file, or in project POM properties.
2026-04-02 19:11:55,680 [Worker-34: Updating Maven Project] WARN  o.apache.maven.project.MavenProject - Plugin is modifying testCompileSourceRoots through add(), which will not work in Maven 4.0.0. Use MavenProject.addTestCompileSourceRoot()/removeTestCompileSourceRoot() methods instead. If using a plugin, please upgrade to the latest version or report the issue to the plugin maintainer. To disable these warnings, set -Dmaven.project.sourceRoots.warningsDisabled=true on the command line, in the .mvn/maven.config file, or in project POM properties.
2026-04-02 19:12:00,100 [Worker-34: Updating Maven Project] INFO  o.e.m.c.i.p.ProjectConfigurationManager - Update completed for 1 poms: local refresh takes 0.00 sec, refresh facades takes 0.00 sec, update config takes 0.00 sec 
2026-04-02 19:12:00,545 [Worker-47: Building] INFO  o.a.m.s.f.DefaultMavenResourcesFiltering - Copying 1 resource from src\main\resources to target\classes
2026-04-02 19:12:00,551 [Worker-47: Building] INFO  o.a.m.s.f.DefaultMavenResourcesFiltering - Copying 1 resource from src\main\resources to target\classes
2026-04-02 19:12:00,555 [Worker-47: Building] INFO  o.a.m.s.f.DefaultMavenResourcesFiltering - skip non existing resourceDirectory C:\Users\user\Desktop\내지갑지키미\workspace\poormoney\src\test\resources
2026-04-02 19:12:00,689 [Worker-47: Building] WARN  o.apache.maven.project.MavenProject - Plugin is modifying compileSourceRoots through clear(), which will not work in Maven 4.0.0. Use MavenProject.addCompileSourceRoot()/removeCompileSourceRoot() methods instead. If using a plugin, please upgrade to the latest version or report the issue to the plugin maintainer. To disable these warnings, set -Dmaven.project.sourceRoots.warningsDisabled=true on the command line, in the .mvn/maven.config file, or in project POM properties.
2026-04-02 19:12:00,690 [Worker-47: Building] WARN  o.apache.maven.project.MavenProject - Plugin is modifying compileSourceRoots through add(), which will not work in Maven 4.0.0. Use MavenProject.addCompileSourceRoot()/removeCompileSourceRoot() methods instead. If using a plugin, please upgrade to the latest version or report the issue to the plugin maintainer. To disable these warnings, set -Dmaven.project.sourceRoots.warningsDisabled=true on the command line, in the .mvn/maven.config file, or in project POM properties.
2026-04-02 19:12:00,690 [Worker-47: Building] WARN  o.apache.maven.project.MavenProject - Plugin is modifying testCompileSourceRoots through clear(), which will not work in Maven 4.0.0. Use MavenProject.addTestCompileSourceRoot()/removeTestCompileSourceRoot() methods instead. If using a plugin, please upgrade to the latest version or report the issue to the plugin maintainer. To disable these warnings, set -Dmaven.project.sourceRoots.warningsDisabled=true on the command line, in the .mvn/maven.config file, or in project POM properties.
2026-04-02 19:12:00,690 [Worker-47: Building] WARN  o.apache.maven.project.MavenProject - Plugin is modifying testCompileSourceRoots through add(), which will not work in Maven 4.0.0. Use MavenProject.addTestCompileSourceRoot()/removeTestCompileSourceRoot() methods instead. If using a plugin, please upgrade to the latest version or report the issue to the plugin maintainer. To disable these warnings, set -Dmaven.project.sourceRoots.warningsDisabled=true on the command line, in the .mvn/maven.config file, or in project POM properties.
2026-04-02 19:12:02,364 [main] INFO  o.e.m2e.actions.ExecutePomAction - Creating new launch configuration
2026-04-02 19:12:06,338 [Worker-48: Launching poormoney (8)] INFO  o.eclipse.m2e.core.internal.Bundles - getClasspathEntries(Bundle=org.eclipse.m2e.maven.runtime_3.9.1200.20260112-2306 [372])
2026-04-02 19:12:06,339 [Worker-48: Launching poormoney (8)] INFO  o.eclipse.m2e.core.internal.Bundles - 	Entry: C:\Users\user\Desktop\sts-5.1.1.RELEASE\plugins\org.eclipse.m2e.maven.runtime_3.9.1200.20260112-2306
2026-04-02 19:12:06,339 [Worker-48: Launching poormoney (8)] INFO  o.eclipse.m2e.core.internal.Bundles - 	Entry: C:\Users\user\Desktop\sts-5.1.1.RELEASE\plugins\org.eclipse.m2e.maven.runtime_3.9.1200.20260112-2306\jars\aopalliance-1.0.jar
2026-04-02 19:12:06,339 [Worker-48: Launching poormoney (8)] INFO  o.eclipse.m2e.core.internal.Bundles - 	Entry: C:\Users\user\Desktop\sts-5.1.1.RELEASE\plugins\org.eclipse.m2e.maven.runtime_3.9.1200.20260112-2306\jars\asm-9.9.jar
2026-04-02 19:12:06,340 [Worker-48: Launching poormoney (8)] INFO  o.eclipse.m2e.core.internal.Bundles - 	Entry: C:\Users\user\Desktop\sts-5.1.1.RELEASE\plugins\org.eclipse.m2e.maven.runtime_3.9.1200.20260112-2306\jars\error_prone_annotations-2.41.0.jar
2026-04-02 19:12:06,340 [Worker-48: Launching poormoney (8)] INFO  o.eclipse.m2e.core.internal.Bundles - 	Entry: C:\Users\user\Desktop\sts-5.1.1.RELEASE\plugins\org.eclipse.m2e.maven.runtime_3.9.1200.20260112-2306\jars\gson-2.13.2.jar
2026-04-02 19:12:06,340 [Worker-48: Launching poormoney (8)] INFO  o.eclipse.m2e.core.internal.Bundles - 	Entry: C:\Users\user\Desktop\sts-5.1.1.RELEASE\plugins\org.eclipse.m2e.maven.runtime_3.9.1200.20260112-2306\jars\guice-5.1.0-classes.jar
2026-04-02 19:12:06,340 [Worker-48: Launching poormoney (8)] INFO  o.eclipse.m2e.core.internal.Bundles - 	Entry: C:\Users\user\Desktop\sts-5.1.1.RELEASE\plugins\org.eclipse.m2e.maven.runtime_3.9.1200.20260112-2306\jars\httpclient-4.5.14.jar
2026-04-02 19:12:06,340 [Worker-48: Launching poormoney (8)] INFO  o.eclipse.m2e.core.internal.Bundles - 	Entry: C:\Users\user\Desktop\sts-5.1.1.RELEASE\plugins\org.eclipse.m2e.maven.runtime_3.9.1200.20260112-2306\jars\httpcore-4.4.16.jar
2026-04-02 19:12:06,340 [Worker-48: Launching poormoney (8)] INFO  o.eclipse.m2e.core.internal.Bundles - 	Entry: C:\Users\user\Desktop\sts-5.1.1.RELEASE\plugins\org.eclipse.m2e.maven.runtime_3.9.1200.20260112-2306\jars\jansi-2.4.2.jar
2026-04-02 19:12:06,341 [Worker-48: Launching poormoney (8)] INFO  o.eclipse.m2e.core.internal.Bundles - 	Entry: C:\Users\user\Desktop\sts-5.1.1.RELEASE\plugins\org.eclipse.m2e.maven.runtime_3.9.1200.20260112-2306\jars\jcl-over-slf4j-1.7.36.jar
2026-04-02 19:12:06,341 [Worker-48: Launching poormoney (8)] INFO  o.eclipse.m2e.core.internal.Bundles - 	Entry: C:\Users\user\Desktop\sts-5.1.1.RELEASE\plugins\org.eclipse.m2e.maven.runtime_3.9.1200.20260112-2306\jars\maven-artifact-3.9.12.jar
2026-04-02 19:12:06,341 [Worker-48: Launching poormoney (8)] INFO  o.eclipse.m2e.core.internal.Bundles - 	Entry: C:\Users\user\Desktop\sts-5.1.1.RELEASE\plugins\org.eclipse.m2e.maven.runtime_3.9.1200.20260112-2306\jars\maven-builder-support-3.9.12.jar
2026-04-02 19:12:06,341 [Worker-48: Launching poormoney (8)] INFO  o.eclipse.m2e.core.internal.Bundles - 	Entry: C:\Users\user\Desktop\sts-5.1.1.RELEASE\plugins\org.eclipse.m2e.maven.runtime_3.9.1200.20260112-2306\jars\maven-compat-3.9.12.jar
2026-04-02 19:12:06,341 [Worker-48: Launching poormoney (8)] INFO  o.eclipse.m2e.core.internal.Bundles - 	Entry: C:\Users\user\Desktop\sts-5.1.1.RELEASE\plugins\org.eclipse.m2e.maven.runtime_3.9.1200.20260112-2306\jars\maven-core-3.9.12.jar
2026-04-02 19:12:06,341 [Worker-48: Launching poormoney (8)] INFO  o.eclipse.m2e.core.internal.Bundles - 	Entry: C:\Users\user\Desktop\sts-5.1.1.RELEASE\plugins\org.eclipse.m2e.maven.runtime_3.9.1200.20260112-2306\jars\maven-embedder-3.9.12.jar
2026-04-02 19:12:06,341 [Worker-48: Launching poormoney (8)] INFO  o.eclipse.m2e.core.internal.Bundles - 	Entry: C:\Users\user\Desktop\sts-5.1.1.RELEASE\plugins\org.eclipse.m2e.maven.runtime_3.9.1200.20260112-2306\jars\maven-model-3.9.12.jar
2026-04-02 19:12:06,341 [Worker-48: Launching poormoney (8)] INFO  o.eclipse.m2e.core.internal.Bundles - 	Entry: C:\Users\user\Desktop\sts-5.1.1.RELEASE\plugins\org.eclipse.m2e.maven.runtime_3.9.1200.20260112-2306\jars\maven-model-builder-3.9.12.jar
2026-04-02 19:12:06,342 [Worker-48: Launching poormoney (8)] INFO  o.eclipse.m2e.core.internal.Bundles - 	Entry: C:\Users\user\Desktop\sts-5.1.1.RELEASE\plugins\org.eclipse.m2e.maven.runtime_3.9.1200.20260112-2306\jars\maven-plugin-api-3.9.12.jar
2026-04-02 19:12:06,342 [Worker-48: Launching poormoney (8)] INFO  o.eclipse.m2e.core.internal.Bundles - 	Entry: C:\Users\user\Desktop\sts-5.1.1.RELEASE\plugins\org.eclipse.m2e.maven.runtime_3.9.1200.20260112-2306\jars\maven-repository-metadata-3.9.12.jar
2026-04-02 19:12:06,342 [Worker-48: Launching poormoney (8)] INFO  o.eclipse.m2e.core.internal.Bundles - 	Entry: C:\Users\user\Desktop\sts-5.1.1.RELEASE\plugins\org.eclipse.m2e.maven.runtime_3.9.1200.20260112-2306\jars\maven-resolver-api-1.9.25.jar
2026-04-02 19:12:06,342 [Worker-48: Launching poormoney (8)] INFO  o.eclipse.m2e.core.internal.Bundles - 	Entry: C:\Users\user\Desktop\sts-5.1.1.RELEASE\plugins\org.eclipse.m2e.maven.runtime_3.9.1200.20260112-2306\jars\maven-resolver-connector-basic-1.9.25.jar
2026-04-02 19:12:06,342 [Worker-48: Launching poormoney (8)] INFO  o.eclipse.m2e.core.internal.Bundles - 	Entry: C:\Users\user\Desktop\sts-5.1.1.RELEASE\plugins\org.eclipse.m2e.maven.runtime_3.9.1200.20260112-2306\jars\maven-resolver-impl-1.9.25.jar
2026-04-02 19:12:06,343 [Worker-48: Launching poormoney (8)] INFO  o.eclipse.m2e.core.internal.Bundles - 	Entry: C:\Users\user\Desktop\sts-5.1.1.RELEASE\plugins\org.eclipse.m2e.maven.runtime_3.9.1200.20260112-2306\jars\maven-resolver-named-locks-1.9.25.jar
2026-04-02 19:12:06,343 [Worker-48: Launching poormoney (8)] INFO  o.eclipse.m2e.core.internal.Bundles - 	Entry: C:\Users\user\Desktop\sts-5.1.1.RELEASE\plugins\org.eclipse.m2e.maven.runtime_3.9.1200.20260112-2306\jars\maven-resolver-provider-3.9.12.jar
2026-04-02 19:12:06,343 [Worker-48: Launching poormoney (8)] INFO  o.eclipse.m2e.core.internal.Bundles - 	Entry: C:\Users\user\Desktop\sts-5.1.1.RELEASE\plugins\org.eclipse.m2e.maven.runtime_3.9.1200.20260112-2306\jars\maven-resolver-spi-1.9.25.jar
2026-04-02 19:12:06,343 [Worker-48: Launching poormoney (8)] INFO  o.eclipse.m2e.core.internal.Bundles - 	Entry: C:\Users\user\Desktop\sts-5.1.1.RELEASE\plugins\org.eclipse.m2e.maven.runtime_3.9.1200.20260112-2306\jars\maven-resolver-transport-file-1.9.25.jar
2026-04-02 19:12:06,343 [Worker-48: Launching poormoney (8)] INFO  o.eclipse.m2e.core.internal.Bundles - 	Entry: C:\Users\user\Desktop\sts-5.1.1.RELEASE\plugins\org.eclipse.m2e.maven.runtime_3.9.1200.20260112-2306\jars\maven-resolver-transport-http-1.9.25.jar
2026-04-02 19:12:06,343 [Worker-48: Launching poormoney (8)] INFO  o.eclipse.m2e.core.internal.Bundles - 	Entry: C:\Users\user\Desktop\sts-5.1.1.RELEASE\plugins\org.eclipse.m2e.maven.runtime_3.9.1200.20260112-2306\jars\maven-resolver-transport-wagon-1.9.25.jar
2026-04-02 19:12:06,343 [Worker-48: Launching poormoney (8)] INFO  o.eclipse.m2e.core.internal.Bundles - 	Entry: C:\Users\user\Desktop\sts-5.1.1.RELEASE\plugins\org.eclipse.m2e.maven.runtime_3.9.1200.20260112-2306\jars\maven-resolver-util-1.9.25.jar
2026-04-02 19:12:06,343 [Worker-48: Launching poormoney (8)] INFO  o.eclipse.m2e.core.internal.Bundles - 	Entry: C:\Users\user\Desktop\sts-5.1.1.RELEASE\plugins\org.eclipse.m2e.maven.runtime_3.9.1200.20260112-2306\jars\maven-settings-3.9.12.jar
2026-04-02 19:12:06,343 [Worker-48: Launching poormoney (8)] INFO  o.eclipse.m2e.core.internal.Bundles - 	Entry: C:\Users\user\Desktop\sts-5.1.1.RELEASE\plugins\org.eclipse.m2e.maven.runtime_3.9.1200.20260112-2306\jars\maven-settings-builder-3.9.12.jar
2026-04-02 19:12:06,344 [Worker-48: Launching poormoney (8)] INFO  o.eclipse.m2e.core.internal.Bundles - 	Entry: C:\Users\user\Desktop\sts-5.1.1.RELEASE\plugins\org.eclipse.m2e.maven.runtime_3.9.1200.20260112-2306\jars\maven-shared-utils-3.4.2.jar
2026-04-02 19:12:06,344 [Worker-48: Launching poormoney (8)] INFO  o.eclipse.m2e.core.internal.Bundles - 	Entry: C:\Users\user\Desktop\sts-5.1.1.RELEASE\plugins\org.eclipse.m2e.maven.runtime_3.9.1200.20260112-2306\jars\org.eclipse.sisu.inject-0.9.0.M4.jar
2026-04-02 19:12:06,344 [Worker-48: Launching poormoney (8)] INFO  o.eclipse.m2e.core.internal.Bundles - 	Entry: C:\Users\user\Desktop\sts-5.1.1.RELEASE\plugins\org.eclipse.m2e.maven.runtime_3.9.1200.20260112-2306\jars\org.eclipse.sisu.plexus-0.9.0.M4.jar
2026-04-02 19:12:06,344 [Worker-48: Launching poormoney (8)] INFO  o.eclipse.m2e.core.internal.Bundles - 	Entry: C:\Users\user\Desktop\sts-5.1.1.RELEASE\plugins\org.eclipse.m2e.maven.runtime_3.9.1200.20260112-2306\jars\plexus-build-api-0.0.7.jar
2026-04-02 19:12:06,344 [Worker-48: Launching poormoney (8)] INFO  o.eclipse.m2e.core.internal.Bundles - 	Entry: C:\Users\user\Desktop\sts-5.1.1.RELEASE\plugins\org.eclipse.m2e.maven.runtime_3.9.1200.20260112-2306\jars\plexus-build-api-1.2.0.jar
2026-04-02 19:12:06,344 [Worker-48: Launching poormoney (8)] INFO  o.eclipse.m2e.core.internal.Bundles - 	Entry: C:\Users\user\Desktop\sts-5.1.1.RELEASE\plugins\org.eclipse.m2e.maven.runtime_3.9.1200.20260112-2306\jars\plexus-cipher-2.0.jar
2026-04-02 19:12:06,344 [Worker-48: Launching poormoney (8)] INFO  o.eclipse.m2e.core.internal.Bundles - 	Entry: C:\Users\user\Desktop\sts-5.1.1.RELEASE\plugins\org.eclipse.m2e.maven.runtime_3.9.1200.20260112-2306\jars\plexus-classworlds-2.9.0.jar
2026-04-02 19:12:06,344 [Worker-48: Launching poormoney (8)] INFO  o.eclipse.m2e.core.internal.Bundles - 	Entry: C:\Users\user\Desktop\sts-5.1.1.RELEASE\plugins\org.eclipse.m2e.maven.runtime_3.9.1200.20260112-2306\jars\plexus-component-annotations-2.2.0.jar
2026-04-02 19:12:06,344 [Worker-48: Launching poormoney (8)] INFO  o.eclipse.m2e.core.internal.Bundles - 	Entry: C:\Users\user\Desktop\sts-5.1.1.RELEASE\plugins\org.eclipse.m2e.maven.runtime_3.9.1200.20260112-2306\jars\plexus-interpolation-1.29.jar
2026-04-02 19:12:06,345 [Worker-48: Launching poormoney (8)] INFO  o.eclipse.m2e.core.internal.Bundles - 	Entry: C:\Users\user\Desktop\sts-5.1.1.RELEASE\plugins\org.eclipse.m2e.maven.runtime_3.9.1200.20260112-2306\jars\plexus-sec-dispatcher-2.0.jar
2026-04-02 19:12:06,345 [Worker-48: Launching poormoney (8)] INFO  o.eclipse.m2e.core.internal.Bundles - 	Entry: C:\Users\user\Desktop\sts-5.1.1.RELEASE\plugins\org.eclipse.m2e.maven.runtime_3.9.1200.20260112-2306\jars\plexus-utils-3.6.0.jar
2026-04-02 19:12:06,345 [Worker-48: Launching poormoney (8)] INFO  o.eclipse.m2e.core.internal.Bundles - 	Entry: C:\Users\user\Desktop\sts-5.1.1.RELEASE\plugins\org.eclipse.m2e.maven.runtime_3.9.1200.20260112-2306\jars\wagon-file-3.5.3.jar
2026-04-02 19:12:06,345 [Worker-48: Launching poormoney (8)] INFO  o.eclipse.m2e.core.internal.Bundles - 	Entry: C:\Users\user\Desktop\sts-5.1.1.RELEASE\plugins\org.eclipse.m2e.maven.runtime_3.9.1200.20260112-2306\jars\wagon-http-3.5.3.jar
2026-04-02 19:12:06,345 [Worker-48: Launching poormoney (8)] INFO  o.eclipse.m2e.core.internal.Bundles - 	Entry: C:\Users\user\Desktop\sts-5.1.1.RELEASE\plugins\org.eclipse.m2e.maven.runtime_3.9.1200.20260112-2306\jars\wagon-http-shared-3.5.3.jar
2026-04-02 19:12:06,345 [Worker-48: Launching poormoney (8)] INFO  o.eclipse.m2e.core.internal.Bundles - 	Entry: C:\Users\user\Desktop\sts-5.1.1.RELEASE\plugins\org.eclipse.m2e.maven.runtime_3.9.1200.20260112-2306\jars\wagon-provider-api-3.5.3.jar
2026-04-02 19:12:06,345 [Worker-48: Launching poormoney (8)] INFO  o.eclipse.m2e.core.internal.Bundles - getClasspathEntries(Bundle=com.google.guava_33.5.0.jre [31])
2026-04-02 19:12:06,346 [Worker-48: Launching poormoney (8)] INFO  o.eclipse.m2e.core.internal.Bundles - 	Entry: C:\Users\user\Desktop\sts-5.1.1.RELEASE\plugins\com.google.guava_33.5.0.jre.jar
2026-04-02 19:12:06,346 [Worker-48: Launching poormoney (8)] INFO  o.eclipse.m2e.core.internal.Bundles - getClasspathEntries(Bundle=slf4j.api_2.0.17 [620])
2026-04-02 19:12:06,346 [Worker-48: Launching poormoney (8)] INFO  o.eclipse.m2e.core.internal.Bundles - 	Entry: C:\Users\user\Desktop\sts-5.1.1.RELEASE\plugins\slf4j.api_2.0.17.jar
2026-04-02 19:12:06,346 [Worker-48: Launching poormoney (8)] INFO  o.eclipse.m2e.core.internal.Bundles - getClasspathEntries(Bundle=jakarta.inject.jakarta.inject-api_1.0.5 [46])
2026-04-02 19:12:06,346 [Worker-48: Launching poormoney (8)] INFO  o.eclipse.m2e.core.internal.Bundles - 	Entry: C:\Users\user\Desktop\sts-5.1.1.RELEASE\plugins\jakarta.inject.jakarta.inject-api_1.0.5.jar
2026-04-02 19:12:06,346 [Worker-48: Launching poormoney (8)] INFO  o.eclipse.m2e.core.internal.Bundles - getClasspathEntries(Bundle=jakarta.annotation-api_1.3.5 [43])
2026-04-02 19:12:06,347 [Worker-48: Launching poormoney (8)] INFO  o.eclipse.m2e.core.internal.Bundles - 	Entry: C:\Users\user\Desktop\sts-5.1.1.RELEASE\plugins\jakarta.annotation-api_1.3.5.jar
2026-04-02 19:12:06,347 [Worker-48: Launching poormoney (8)] INFO  o.eclipse.m2e.core.internal.Bundles - getClasspathEntries(Bundle=org.apache.commons.cli_1.11.0 [86])
2026-04-02 19:12:06,347 [Worker-48: Launching poormoney (8)] INFO  o.eclipse.m2e.core.internal.Bundles - 	Entry: C:\Users\user\Desktop\sts-5.1.1.RELEASE\plugins\org.apache.commons.cli_1.11.0.jar
2026-04-02 19:12:06,347 [Worker-48: Launching poormoney (8)] INFO  o.eclipse.m2e.core.internal.Bundles - getClasspathEntries(Bundle=org.apache.commons.commons-codec_1.21.0 [88])
2026-04-02 19:12:06,347 [Worker-48: Launching poormoney (8)] INFO  o.eclipse.m2e.core.internal.Bundles - 	Entry: C:\Users\user\Desktop\sts-5.1.1.RELEASE\plugins\org.apache.commons.commons-codec_1.21.0.jar
2026-04-02 19:12:06,347 [Worker-48: Launching poormoney (8)] INFO  o.eclipse.m2e.core.internal.Bundles - getClasspathEntries(Bundle=com.google.guava.failureaccess_1.0.3 [32])
2026-04-02 19:12:06,348 [Worker-48: Launching poormoney (8)] INFO  o.eclipse.m2e.core.internal.Bundles - 	Entry: C:\Users\user\Desktop\sts-5.1.1.RELEASE\plugins\com.google.guava.failureaccess_1.0.3.jar
2026-04-02 19:12:06,349 [Worker-48: Launching poormoney (8)] INFO  o.e.m.i.launch.MavenLaunchDelegate - Run build in "C:\Users\user\Desktop\내지갑지키미\workspace\poormoney":
2026-04-02 19:12:06,349 [Worker-48: Launching poormoney (8)] INFO  o.e.m.i.launch.MavenLaunchDelegate -  mvn  -B -Dstyle.color=always clean install
2026-04-02 19:17:15,788 [Worker-48: Building] INFO  o.a.m.s.f.DefaultMavenResourcesFiltering - Copying 1 resource from src\main\resources to target\classes
2026-04-02 19:17:15,791 [Worker-48: Building] INFO  o.a.m.s.f.DefaultMavenResourcesFiltering - Copying 0 resource from src\main\resources to target\classes
2026-04-02 19:17:15,794 [Worker-48: Building] INFO  o.a.m.s.f.DefaultMavenResourcesFiltering - skip non existing resourceDirectory C:\Users\user\Desktop\내지갑지키미\workspace\poormoney\src\test\resources
2026-04-02 19:17:15,794 [Worker-48: Building] WARN  o.apache.maven.project.MavenProject - Plugin is modifying compileSourceRoots through clear(), which will not work in Maven 4.0.0. Use MavenProject.addCompileSourceRoot()/removeCompileSourceRoot() methods instead. If using a plugin, please upgrade to the latest version or report the issue to the plugin maintainer. To disable these warnings, set -Dmaven.project.sourceRoots.warningsDisabled=true on the command line, in the .mvn/maven.config file, or in project POM properties.
2026-04-02 19:17:15,795 [Worker-48: Building] WARN  o.apache.maven.project.MavenProject - Plugin is modifying compileSourceRoots through add(), which will not work in Maven 4.0.0. Use MavenProject.addCompileSourceRoot()/removeCompileSourceRoot() methods instead. If using a plugin, please upgrade to the latest version or report the issue to the plugin maintainer. To disable these warnings, set -Dmaven.project.sourceRoots.warningsDisabled=true on the command line, in the .mvn/maven.config file, or in project POM properties.
2026-04-02 19:17:15,795 [Worker-48: Building] WARN  o.apache.maven.project.MavenProject - Plugin is modifying testCompileSourceRoots through clear(), which will not work in Maven 4.0.0. Use MavenProject.addTestCompileSourceRoot()/removeTestCompileSourceRoot() methods instead. If using a plugin, please upgrade to the latest version or report the issue to the plugin maintainer. To disable these warnings, set -Dmaven.project.sourceRoots.warningsDisabled=true on the command line, in the .mvn/maven.config file, or in project POM properties.
2026-04-02 19:17:15,797 [Worker-48: Building] WARN  o.apache.maven.project.MavenProject - Plugin is modifying testCompileSourceRoots through add(), which will not work in Maven 4.0.0. Use MavenProject.addTestCompileSourceRoot()/removeTestCompileSourceRoot() methods instead. If using a plugin, please upgrade to the latest version or report the issue to the plugin maintainer. To disable these warnings, set -Dmaven.project.sourceRoots.warningsDisabled=true on the command line, in the .mvn/maven.config file, or in project POM properties.
2026-04-02 19:27:58,512 [Worker-61: Updating Maven Project] INFO  o.e.m.c.i.p.ProjectConfigurationManager - Update started
2026-04-02 19:27:58,708 [Worker-61: Updating Maven Project] INFO  o.e.m.c.i.l.LifecycleMappingFactory - Using org.eclipse.m2e.jdt.JarLifecycleMapping lifecycle mapping for MavenProject: poormoney:poormoney:0.0.1-SNAPSHOT @ C:\Users\user\Desktop\내지갑지키미\workspace\poormoney\pom.xml.
2026-04-02 19:27:59,136 [Worker-61: Updating Maven Project] INFO  o.e.m.j.i.AbstractJavaProjectConfigurator - Adding source folder /poormoney/src/main/java
2026-04-02 19:27:59,137 [Worker-61: Updating Maven Project] INFO  o.e.m.j.i.AbstractJavaProjectConfigurator - Adding resource folder /poormoney/src/main/resources
2026-04-02 19:27:59,138 [Worker-61: Updating Maven Project] INFO  o.e.m.j.i.AbstractJavaProjectConfigurator - Adding resource folder /poormoney/src/main/resources
2026-04-02 19:27:59,138 [Worker-61: Updating Maven Project] INFO  o.e.m.j.i.AbstractJavaProjectConfigurator - Adding source folder /poormoney/src/test/java
2026-04-02 19:27:59,138 [Worker-61: Updating Maven Project] INFO  o.e.m.j.i.AbstractJavaProjectConfigurator - Adding resource folder /poormoney/src/test/resources
2026-04-02 19:27:59,338 [Worker-61: Updating Maven Project] WARN  o.apache.maven.project.MavenProject - Plugin is modifying compileSourceRoots through clear(), which will not work in Maven 4.0.0. Use MavenProject.addCompileSourceRoot()/removeCompileSourceRoot() methods instead. If using a plugin, please upgrade to the latest version or report the issue to the plugin maintainer. To disable these warnings, set -Dmaven.project.sourceRoots.warningsDisabled=true on the command line, in the .mvn/maven.config file, or in project POM properties.
2026-04-02 19:27:59,338 [Worker-61: Updating Maven Project] WARN  o.apache.maven.project.MavenProject - Plugin is modifying compileSourceRoots through add(), which will not work in Maven 4.0.0. Use MavenProject.addCompileSourceRoot()/removeCompileSourceRoot() methods instead. If using a plugin, please upgrade to the latest version or report the issue to the plugin maintainer. To disable these warnings, set -Dmaven.project.sourceRoots.warningsDisabled=true on the command line, in the .mvn/maven.config file, or in project POM properties.
2026-04-02 19:27:59,339 [Worker-61: Updating Maven Project] WARN  o.apache.maven.project.MavenProject - Plugin is modifying testCompileSourceRoots through clear(), which will not work in Maven 4.0.0. Use MavenProject.addTestCompileSourceRoot()/removeTestCompileSourceRoot() methods instead. If using a plugin, please upgrade to the latest version or report the issue to the plugin maintainer. To disable these warnings, set -Dmaven.project.sourceRoots.warningsDisabled=true on the command line, in the .mvn/maven.config file, or in project POM properties.
2026-04-02 19:27:59,339 [Worker-61: Updating Maven Project] WARN  o.apache.maven.project.MavenProject - Plugin is modifying testCompileSourceRoots through add(), which will not work in Maven 4.0.0. Use MavenProject.addTestCompileSourceRoot()/removeTestCompileSourceRoot() methods instead. If using a plugin, please upgrade to the latest version or report the issue to the plugin maintainer. To disable these warnings, set -Dmaven.project.sourceRoots.warningsDisabled=true on the command line, in the .mvn/maven.config file, or in project POM properties.
2026-04-02 19:27:59,605 [Worker-61: Updating Maven Project] INFO  o.e.m.c.i.p.ProjectConfigurationManager - Update completed for 1 poms: local refresh takes 0.00 sec, refresh facades takes 0.00 sec, update config takes 0.00 sec 
2026-04-02 19:28:00,067 [Worker-57: Building] INFO  o.a.m.s.f.DefaultMavenResourcesFiltering - Copying 1 resource from src\main\resources to target\classes
2026-04-02 19:28:00,074 [Worker-57: Building] INFO  o.a.m.s.f.DefaultMavenResourcesFiltering - Copying 1 resource from src\main\resources to target\classes
2026-04-02 19:28:00,078 [Worker-57: Building] INFO  o.a.m.s.f.DefaultMavenResourcesFiltering - skip non existing resourceDirectory C:\Users\user\Desktop\내지갑지키미\workspace\poormoney\src\test\resources
2026-04-02 19:28:00,163 [Worker-57: Building] WARN  o.apache.maven.project.MavenProject - Plugin is modifying compileSourceRoots through clear(), which will not work in Maven 4.0.0. Use MavenProject.addCompileSourceRoot()/removeCompileSourceRoot() methods instead. If using a plugin, please upgrade to the latest version or report the issue to the plugin maintainer. To disable these warnings, set -Dmaven.project.sourceRoots.warningsDisabled=true on the command line, in the .mvn/maven.config file, or in project POM properties.
2026-04-02 19:28:00,164 [Worker-57: Building] WARN  o.apache.maven.project.MavenProject - Plugin is modifying compileSourceRoots through add(), which will not work in Maven 4.0.0. Use MavenProject.addCompileSourceRoot()/removeCompileSourceRoot() methods instead. If using a plugin, please upgrade to the latest version or report the issue to the plugin maintainer. To disable these warnings, set -Dmaven.project.sourceRoots.warningsDisabled=true on the command line, in the .mvn/maven.config file, or in project POM properties.
2026-04-02 19:28:00,164 [Worker-57: Building] WARN  o.apache.maven.project.MavenProject - Plugin is modifying testCompileSourceRoots through clear(), which will not work in Maven 4.0.0. Use MavenProject.addTestCompileSourceRoot()/removeTestCompileSourceRoot() methods instead. If using a plugin, please upgrade to the latest version or report the issue to the plugin maintainer. To disable these warnings, set -Dmaven.project.sourceRoots.warningsDisabled=true on the command line, in the .mvn/maven.config file, or in project POM properties.
2026-04-02 19:28:00,165 [Worker-57: Building] WARN  o.apache.maven.project.MavenProject - Plugin is modifying testCompileSourceRoots through add(), which will not work in Maven 4.0.0. Use MavenProject.addTestCompileSourceRoot()/removeTestCompileSourceRoot() methods instead. If using a plugin, please upgrade to the latest version or report the issue to the plugin maintainer. To disable these warnings, set -Dmaven.project.sourceRoots.warningsDisabled=true on the command line, in the .mvn/maven.config file, or in project POM properties.
2026-04-02 19:28:08,683 [Worker-62: Updating Maven Project] INFO  o.e.m.c.i.p.ProjectConfigurationManager - Update started
2026-04-02 19:28:08,867 [Worker-62: Updating Maven Project] INFO  o.e.m.c.i.l.LifecycleMappingFactory - Using org.eclipse.m2e.jdt.JarLifecycleMapping lifecycle mapping for MavenProject: poormoney:poormoney:0.0.1-SNAPSHOT @ C:\Users\user\Desktop\내지갑지키미\workspace\poormoney\pom.xml.
2026-04-02 19:28:09,182 [Worker-62: Updating Maven Project] INFO  o.e.m.j.i.AbstractJavaProjectConfigurator - Adding source folder /poormoney/src/main/java
2026-04-02 19:28:09,183 [Worker-62: Updating Maven Project] INFO  o.e.m.j.i.AbstractJavaProjectConfigurator - Adding resource folder /poormoney/src/main/resources
2026-04-02 19:28:09,184 [Worker-62: Updating Maven Project] INFO  o.e.m.j.i.AbstractJavaProjectConfigurator - Adding resource folder /poormoney/src/main/resources
2026-04-02 19:28:09,184 [Worker-62: Updating Maven Project] INFO  o.e.m.j.i.AbstractJavaProjectConfigurator - Adding source folder /poormoney/src/test/java
2026-04-02 19:28:09,184 [Worker-62: Updating Maven Project] INFO  o.e.m.j.i.AbstractJavaProjectConfigurator - Adding resource folder /poormoney/src/test/resources
2026-04-02 19:28:09,382 [Worker-62: Updating Maven Project] WARN  o.apache.maven.project.MavenProject - Plugin is modifying compileSourceRoots through clear(), which will not work in Maven 4.0.0. Use MavenProject.addCompileSourceRoot()/removeCompileSourceRoot() methods instead. If using a plugin, please upgrade to the latest version or report the issue to the plugin maintainer. To disable these warnings, set -Dmaven.project.sourceRoots.warningsDisabled=true on the command line, in the .mvn/maven.config file, or in project POM properties.
2026-04-02 19:28:09,382 [Worker-62: Updating Maven Project] WARN  o.apache.maven.project.MavenProject - Plugin is modifying compileSourceRoots through add(), which will not work in Maven 4.0.0. Use MavenProject.addCompileSourceRoot()/removeCompileSourceRoot() methods instead. If using a plugin, please upgrade to the latest version or report the issue to the plugin maintainer. To disable these warnings, set -Dmaven.project.sourceRoots.warningsDisabled=true on the command line, in the .mvn/maven.config file, or in project POM properties.
2026-04-02 19:28:09,382 [Worker-62: Updating Maven Project] WARN  o.apache.maven.project.MavenProject - Plugin is modifying testCompileSourceRoots through clear(), which will not work in Maven 4.0.0. Use MavenProject.addTestCompileSourceRoot()/removeTestCompileSourceRoot() methods instead. If using a plugin, please upgrade to the latest version or report the issue to the plugin maintainer. To disable these warnings, set -Dmaven.project.sourceRoots.warningsDisabled=true on the command line, in the .mvn/maven.config file, or in project POM properties.
2026-04-02 19:28:09,383 [Worker-62: Updating Maven Project] WARN  o.apache.maven.project.MavenProject - Plugin is modifying testCompileSourceRoots through add(), which will not work in Maven 4.0.0. Use MavenProject.addTestCompileSourceRoot()/removeTestCompileSourceRoot() methods instead. If using a plugin, please upgrade to the latest version or report the issue to the plugin maintainer. To disable these warnings, set -Dmaven.project.sourceRoots.warningsDisabled=true on the command line, in the .mvn/maven.config file, or in project POM properties.
2026-04-02 19:28:09,628 [Worker-62: Updating Maven Project] INFO  o.e.m.c.i.p.ProjectConfigurationManager - Update completed for 1 poms: local refresh takes 0.00 sec, refresh facades takes 0.00 sec, update config takes 0.00 sec 
2026-04-02 19:28:09,964 [Worker-61: Building] INFO  o.a.m.s.f.DefaultMavenResourcesFiltering - Copying 1 resource from src\main\resources to target\classes
2026-04-02 19:28:09,971 [Worker-61: Building] INFO  o.a.m.s.f.DefaultMavenResourcesFiltering - Copying 1 resource from src\main\resources to target\classes
2026-04-02 19:28:09,975 [Worker-61: Building] INFO  o.a.m.s.f.DefaultMavenResourcesFiltering - skip non existing resourceDirectory C:\Users\user\Desktop\내지갑지키미\workspace\poormoney\src\test\resources
2026-04-02 19:28:10,069 [Worker-61: Building] WARN  o.apache.maven.project.MavenProject - Plugin is modifying compileSourceRoots through clear(), which will not work in Maven 4.0.0. Use MavenProject.addCompileSourceRoot()/removeCompileSourceRoot() methods instead. If using a plugin, please upgrade to the latest version or report the issue to the plugin maintainer. To disable these warnings, set -Dmaven.project.sourceRoots.warningsDisabled=true on the command line, in the .mvn/maven.config file, or in project POM properties.
2026-04-02 19:28:10,069 [Worker-61: Building] WARN  o.apache.maven.project.MavenProject - Plugin is modifying compileSourceRoots through add(), which will not work in Maven 4.0.0. Use MavenProject.addCompileSourceRoot()/removeCompileSourceRoot() methods instead. If using a plugin, please upgrade to the latest version or report the issue to the plugin maintainer. To disable these warnings, set -Dmaven.project.sourceRoots.warningsDisabled=true on the command line, in the .mvn/maven.config file, or in project POM properties.
2026-04-02 19:28:10,070 [Worker-61: Building] WARN  o.apache.maven.project.MavenProject - Plugin is modifying testCompileSourceRoots through clear(), which will not work in Maven 4.0.0. Use MavenProject.addTestCompileSourceRoot()/removeTestCompileSourceRoot() methods instead. If using a plugin, please upgrade to the latest version or report the issue to the plugin maintainer. To disable these warnings, set -Dmaven.project.sourceRoots.warningsDisabled=true on the command line, in the .mvn/maven.config file, or in project POM properties.
2026-04-02 19:28:10,070 [Worker-61: Building] WARN  o.apache.maven.project.MavenProject - Plugin is modifying testCompileSourceRoots through add(), which will not work in Maven 4.0.0. Use MavenProject.addTestCompileSourceRoot()/removeTestCompileSourceRoot() methods instead. If using a plugin, please upgrade to the latest version or report the issue to the plugin maintainer. To disable these warnings, set -Dmaven.project.sourceRoots.warningsDisabled=true on the command line, in the .mvn/maven.config file, or in project POM properties.
2026-04-02 19:28:29,203 [Worker-52: Launching Executing clean in C__Users_user_Desktop_내지갑지키미_workspace_poormoney] INFO  o.eclipse.m2e.core.internal.Bundles - getClasspathEntries(Bundle=org.eclipse.m2e.maven.runtime_3.9.1200.20260112-2306 [372])
2026-04-02 19:28:29,203 [Worker-52: Launching Executing clean in C__Users_user_Desktop_내지갑지키미_workspace_poormoney] INFO  o.eclipse.m2e.core.internal.Bundles - 	Entry: C:\Users\user\Desktop\sts-5.1.1.RELEASE\plugins\org.eclipse.m2e.maven.runtime_3.9.1200.20260112-2306
2026-04-02 19:28:29,203 [Worker-52: Launching Executing clean in C__Users_user_Desktop_내지갑지키미_workspace_poormoney] INFO  o.eclipse.m2e.core.internal.Bundles - 	Entry: C:\Users\user\Desktop\sts-5.1.1.RELEASE\plugins\org.eclipse.m2e.maven.runtime_3.9.1200.20260112-2306\jars\aopalliance-1.0.jar
2026-04-02 19:28:29,204 [Worker-52: Launching Executing clean in C__Users_user_Desktop_내지갑지키미_workspace_poormoney] INFO  o.eclipse.m2e.core.internal.Bundles - 	Entry: C:\Users\user\Desktop\sts-5.1.1.RELEASE\plugins\org.eclipse.m2e.maven.runtime_3.9.1200.20260112-2306\jars\asm-9.9.jar
2026-04-02 19:28:29,204 [Worker-52: Launching Executing clean in C__Users_user_Desktop_내지갑지키미_workspace_poormoney] INFO  o.eclipse.m2e.core.internal.Bundles - 	Entry: C:\Users\user\Desktop\sts-5.1.1.RELEASE\plugins\org.eclipse.m2e.maven.runtime_3.9.1200.20260112-2306\jars\error_prone_annotations-2.41.0.jar
2026-04-02 19:28:29,204 [Worker-52: Launching Executing clean in C__Users_user_Desktop_내지갑지키미_workspace_poormoney] INFO  o.eclipse.m2e.core.internal.Bundles - 	Entry: C:\Users\user\Desktop\sts-5.1.1.RELEASE\plugins\org.eclipse.m2e.maven.runtime_3.9.1200.20260112-2306\jars\gson-2.13.2.jar
2026-04-02 19:28:29,204 [Worker-52: Launching Executing clean in C__Users_user_Desktop_내지갑지키미_workspace_poormoney] INFO  o.eclipse.m2e.core.internal.Bundles - 	Entry: C:\Users\user\Desktop\sts-5.1.1.RELEASE\plugins\org.eclipse.m2e.maven.runtime_3.9.1200.20260112-2306\jars\guice-5.1.0-classes.jar
2026-04-02 19:28:29,204 [Worker-52: Launching Executing clean in C__Users_user_Desktop_내지갑지키미_workspace_poormoney] INFO  o.eclipse.m2e.core.internal.Bundles - 	Entry: C:\Users\user\Desktop\sts-5.1.1.RELEASE\plugins\org.eclipse.m2e.maven.runtime_3.9.1200.20260112-2306\jars\httpclient-4.5.14.jar
2026-04-02 19:28:29,204 [Worker-52: Launching Executing clean in C__Users_user_Desktop_내지갑지키미_workspace_poormoney] INFO  o.eclipse.m2e.core.internal.Bundles - 	Entry: C:\Users\user\Desktop\sts-5.1.1.RELEASE\plugins\org.eclipse.m2e.maven.runtime_3.9.1200.20260112-2306\jars\httpcore-4.4.16.jar
2026-04-02 19:28:29,205 [Worker-52: Launching Executing clean in C__Users_user_Desktop_내지갑지키미_workspace_poormoney] INFO  o.eclipse.m2e.core.internal.Bundles - 	Entry: C:\Users\user\Desktop\sts-5.1.1.RELEASE\plugins\org.eclipse.m2e.maven.runtime_3.9.1200.20260112-2306\jars\jansi-2.4.2.jar
2026-04-02 19:28:29,205 [Worker-52: Launching Executing clean in C__Users_user_Desktop_내지갑지키미_workspace_poormoney] INFO  o.eclipse.m2e.core.internal.Bundles - 	Entry: C:\Users\user\Desktop\sts-5.1.1.RELEASE\plugins\org.eclipse.m2e.maven.runtime_3.9.1200.20260112-2306\jars\jcl-over-slf4j-1.7.36.jar
2026-04-02 19:28:29,205 [Worker-52: Launching Executing clean in C__Users_user_Desktop_내지갑지키미_workspace_poormoney] INFO  o.eclipse.m2e.core.internal.Bundles - 	Entry: C:\Users\user\Desktop\sts-5.1.1.RELEASE\plugins\org.eclipse.m2e.maven.runtime_3.9.1200.20260112-2306\jars\maven-artifact-3.9.12.jar
2026-04-02 19:28:29,205 [Worker-52: Launching Executing clean in C__Users_user_Desktop_내지갑지키미_workspace_poormoney] INFO  o.eclipse.m2e.core.internal.Bundles - 	Entry: C:\Users\user\Desktop\sts-5.1.1.RELEASE\plugins\org.eclipse.m2e.maven.runtime_3.9.1200.20260112-2306\jars\maven-builder-support-3.9.12.jar
2026-04-02 19:28:29,205 [Worker-52: Launching Executing clean in C__Users_user_Desktop_내지갑지키미_workspace_poormoney] INFO  o.eclipse.m2e.core.internal.Bundles - 	Entry: C:\Users\user\Desktop\sts-5.1.1.RELEASE\plugins\org.eclipse.m2e.maven.runtime_3.9.1200.20260112-2306\jars\maven-compat-3.9.12.jar
2026-04-02 19:28:29,205 [Worker-52: Launching Executing clean in C__Users_user_Desktop_내지갑지키미_workspace_poormoney] INFO  o.eclipse.m2e.core.internal.Bundles - 	Entry: C:\Users\user\Desktop\sts-5.1.1.RELEASE\plugins\org.eclipse.m2e.maven.runtime_3.9.1200.20260112-2306\jars\maven-core-3.9.12.jar
2026-04-02 19:28:29,205 [Worker-52: Launching Executing clean in C__Users_user_Desktop_내지갑지키미_workspace_poormoney] INFO  o.eclipse.m2e.core.internal.Bundles - 	Entry: C:\Users\user\Desktop\sts-5.1.1.RELEASE\plugins\org.eclipse.m2e.maven.runtime_3.9.1200.20260112-2306\jars\maven-embedder-3.9.12.jar
2026-04-02 19:28:29,205 [Worker-52: Launching Executing clean in C__Users_user_Desktop_내지갑지키미_workspace_poormoney] INFO  o.eclipse.m2e.core.internal.Bundles - 	Entry: C:\Users\user\Desktop\sts-5.1.1.RELEASE\plugins\org.eclipse.m2e.maven.runtime_3.9.1200.20260112-2306\jars\maven-model-3.9.12.jar
2026-04-02 19:28:29,206 [Worker-52: Launching Executing clean in C__Users_user_Desktop_내지갑지키미_workspace_poormoney] INFO  o.eclipse.m2e.core.internal.Bundles - 	Entry: C:\Users\user\Desktop\sts-5.1.1.RELEASE\plugins\org.eclipse.m2e.maven.runtime_3.9.1200.20260112-2306\jars\maven-model-builder-3.9.12.jar
2026-04-02 19:28:29,206 [Worker-52: Launching Executing clean in C__Users_user_Desktop_내지갑지키미_workspace_poormoney] INFO  o.eclipse.m2e.core.internal.Bundles - 	Entry: C:\Users\user\Desktop\sts-5.1.1.RELEASE\plugins\org.eclipse.m2e.maven.runtime_3.9.1200.20260112-2306\jars\maven-plugin-api-3.9.12.jar
2026-04-02 19:28:29,206 [Worker-52: Launching Executing clean in C__Users_user_Desktop_내지갑지키미_workspace_poormoney] INFO  o.eclipse.m2e.core.internal.Bundles - 	Entry: C:\Users\user\Desktop\sts-5.1.1.RELEASE\plugins\org.eclipse.m2e.maven.runtime_3.9.1200.20260112-2306\jars\maven-repository-metadata-3.9.12.jar
2026-04-02 19:28:29,206 [Worker-52: Launching Executing clean in C__Users_user_Desktop_내지갑지키미_workspace_poormoney] INFO  o.eclipse.m2e.core.internal.Bundles - 	Entry: C:\Users\user\Desktop\sts-5.1.1.RELEASE\plugins\org.eclipse.m2e.maven.runtime_3.9.1200.20260112-2306\jars\maven-resolver-api-1.9.25.jar
2026-04-02 19:28:29,206 [Worker-52: Launching Executing clean in C__Users_user_Desktop_내지갑지키미_workspace_poormoney] INFO  o.eclipse.m2e.core.internal.Bundles - 	Entry: C:\Users\user\Desktop\sts-5.1.1.RELEASE\plugins\org.eclipse.m2e.maven.runtime_3.9.1200.20260112-2306\jars\maven-resolver-connector-basic-1.9.25.jar
2026-04-02 19:28:29,206 [Worker-52: Launching Executing clean in C__Users_user_Desktop_내지갑지키미_workspace_poormoney] INFO  o.eclipse.m2e.core.internal.Bundles - 	Entry: C:\Users\user\Desktop\sts-5.1.1.RELEASE\plugins\org.eclipse.m2e.maven.runtime_3.9.1200.20260112-2306\jars\maven-resolver-impl-1.9.25.jar
2026-04-02 19:28:29,206 [Worker-52: Launching Executing clean in C__Users_user_Desktop_내지갑지키미_workspace_poormoney] INFO  o.eclipse.m2e.core.internal.Bundles - 	Entry: C:\Users\user\Desktop\sts-5.1.1.RELEASE\plugins\org.eclipse.m2e.maven.runtime_3.9.1200.20260112-2306\jars\maven-resolver-named-locks-1.9.25.jar
2026-04-02 19:28:29,207 [Worker-52: Launching Executing clean in C__Users_user_Desktop_내지갑지키미_workspace_poormoney] INFO  o.eclipse.m2e.core.internal.Bundles - 	Entry: C:\Users\user\Desktop\sts-5.1.1.RELEASE\plugins\org.eclipse.m2e.maven.runtime_3.9.1200.20260112-2306\jars\maven-resolver-provider-3.9.12.jar
2026-04-02 19:28:29,207 [Worker-52: Launching Executing clean in C__Users_user_Desktop_내지갑지키미_workspace_poormoney] INFO  o.eclipse.m2e.core.internal.Bundles - 	Entry: C:\Users\user\Desktop\sts-5.1.1.RELEASE\plugins\org.eclipse.m2e.maven.runtime_3.9.1200.20260112-2306\jars\maven-resolver-spi-1.9.25.jar
2026-04-02 19:28:29,207 [Worker-52: Launching Executing clean in C__Users_user_Desktop_내지갑지키미_workspace_poormoney] INFO  o.eclipse.m2e.core.internal.Bundles - 	Entry: C:\Users\user\Desktop\sts-5.1.1.RELEASE\plugins\org.eclipse.m2e.maven.runtime_3.9.1200.20260112-2306\jars\maven-resolver-transport-file-1.9.25.jar
2026-04-02 19:28:29,207 [Worker-52: Launching Executing clean in C__Users_user_Desktop_내지갑지키미_workspace_poormoney] INFO  o.eclipse.m2e.core.internal.Bundles - 	Entry: C:\Users\user\Desktop\sts-5.1.1.RELEASE\plugins\org.eclipse.m2e.maven.runtime_3.9.1200.20260112-2306\jars\maven-resolver-transport-http-1.9.25.jar
2026-04-02 19:28:29,207 [Worker-52: Launching Executing clean in C__Users_user_Desktop_내지갑지키미_workspace_poormoney] INFO  o.eclipse.m2e.core.internal.Bundles - 	Entry: C:\Users\user\Desktop\sts-5.1.1.RELEASE\plugins\org.eclipse.m2e.maven.runtime_3.9.1200.20260112-2306\jars\maven-resolver-transport-wagon-1.9.25.jar
2026-04-02 19:28:29,207 [Worker-52: Launching Executing clean in C__Users_user_Desktop_내지갑지키미_workspace_poormoney] INFO  o.eclipse.m2e.core.internal.Bundles - 	Entry: C:\Users\user\Desktop\sts-5.1.1.RELEASE\plugins\org.eclipse.m2e.maven.runtime_3.9.1200.20260112-2306\jars\maven-resolver-util-1.9.25.jar
2026-04-02 19:28:29,207 [Worker-52: Launching Executing clean in C__Users_user_Desktop_내지갑지키미_workspace_poormoney] INFO  o.eclipse.m2e.core.internal.Bundles - 	Entry: C:\Users\user\Desktop\sts-5.1.1.RELEASE\plugins\org.eclipse.m2e.maven.runtime_3.9.1200.20260112-2306\jars\maven-settings-3.9.12.jar
2026-04-02 19:28:29,207 [Worker-52: Launching Executing clean in C__Users_user_Desktop_내지갑지키미_workspace_poormoney] INFO  o.eclipse.m2e.core.internal.Bundles - 	Entry: C:\Users\user\Desktop\sts-5.1.1.RELEASE\plugins\org.eclipse.m2e.maven.runtime_3.9.1200.20260112-2306\jars\maven-settings-builder-3.9.12.jar
2026-04-02 19:28:29,208 [Worker-52: Launching Executing clean in C__Users_user_Desktop_내지갑지키미_workspace_poormoney] INFO  o.eclipse.m2e.core.internal.Bundles - 	Entry: C:\Users\user\Desktop\sts-5.1.1.RELEASE\plugins\org.eclipse.m2e.maven.runtime_3.9.1200.20260112-2306\jars\maven-shared-utils-3.4.2.jar
2026-04-02 19:28:29,208 [Worker-52: Launching Executing clean in C__Users_user_Desktop_내지갑지키미_workspace_poormoney] INFO  o.eclipse.m2e.core.internal.Bundles - 	Entry: C:\Users\user\Desktop\sts-5.1.1.RELEASE\plugins\org.eclipse.m2e.maven.runtime_3.9.1200.20260112-2306\jars\org.eclipse.sisu.inject-0.9.0.M4.jar
2026-04-02 19:28:29,208 [Worker-52: Launching Executing clean in C__Users_user_Desktop_내지갑지키미_workspace_poormoney] INFO  o.eclipse.m2e.core.internal.Bundles - 	Entry: C:\Users\user\Desktop\sts-5.1.1.RELEASE\plugins\org.eclipse.m2e.maven.runtime_3.9.1200.20260112-2306\jars\org.eclipse.sisu.plexus-0.9.0.M4.jar
2026-04-02 19:28:29,208 [Worker-52: Launching Executing clean in C__Users_user_Desktop_내지갑지키미_workspace_poormoney] INFO  o.eclipse.m2e.core.internal.Bundles - 	Entry: C:\Users\user\Desktop\sts-5.1.1.RELEASE\plugins\org.eclipse.m2e.maven.runtime_3.9.1200.20260112-2306\jars\plexus-build-api-0.0.7.jar
2026-04-02 19:28:29,208 [Worker-52: Launching Executing clean in C__Users_user_Desktop_내지갑지키미_workspace_poormoney] INFO  o.eclipse.m2e.core.internal.Bundles - 	Entry: C:\Users\user\Desktop\sts-5.1.1.RELEASE\plugins\org.eclipse.m2e.maven.runtime_3.9.1200.20260112-2306\jars\plexus-build-api-1.2.0.jar
2026-04-02 19:28:29,208 [Worker-52: Launching Executing clean in C__Users_user_Desktop_내지갑지키미_workspace_poormoney] INFO  o.eclipse.m2e.core.internal.Bundles - 	Entry: C:\Users\user\Desktop\sts-5.1.1.RELEASE\plugins\org.eclipse.m2e.maven.runtime_3.9.1200.20260112-2306\jars\plexus-cipher-2.0.jar
2026-04-02 19:28:29,208 [Worker-52: Launching Executing clean in C__Users_user_Desktop_내지갑지키미_workspace_poormoney] INFO  o.eclipse.m2e.core.internal.Bundles - 	Entry: C:\Users\user\Desktop\sts-5.1.1.RELEASE\plugins\org.eclipse.m2e.maven.runtime_3.9.1200.20260112-2306\jars\plexus-classworlds-2.9.0.jar
2026-04-02 19:28:29,209 [Worker-52: Launching Executing clean in C__Users_user_Desktop_내지갑지키미_workspace_poormoney] INFO  o.eclipse.m2e.core.internal.Bundles - 	Entry: C:\Users\user\Desktop\sts-5.1.1.RELEASE\plugins\org.eclipse.m2e.maven.runtime_3.9.1200.20260112-2306\jars\plexus-component-annotations-2.2.0.jar
2026-04-02 19:28:29,209 [Worker-52: Launching Executing clean in C__Users_user_Desktop_내지갑지키미_workspace_poormoney] INFO  o.eclipse.m2e.core.internal.Bundles - 	Entry: C:\Users\user\Desktop\sts-5.1.1.RELEASE\plugins\org.eclipse.m2e.maven.runtime_3.9.1200.20260112-2306\jars\plexus-interpolation-1.29.jar
2026-04-02 19:28:29,209 [Worker-52: Launching Executing clean in C__Users_user_Desktop_내지갑지키미_workspace_poormoney] INFO  o.eclipse.m2e.core.internal.Bundles - 	Entry: C:\Users\user\Desktop\sts-5.1.1.RELEASE\plugins\org.eclipse.m2e.maven.runtime_3.9.1200.20260112-2306\jars\plexus-sec-dispatcher-2.0.jar
2026-04-02 19:28:29,209 [Worker-52: Launching Executing clean in C__Users_user_Desktop_내지갑지키미_workspace_poormoney] INFO  o.eclipse.m2e.core.internal.Bundles - 	Entry: C:\Users\user\Desktop\sts-5.1.1.RELEASE\plugins\org.eclipse.m2e.maven.runtime_3.9.1200.20260112-2306\jars\plexus-utils-3.6.0.jar
2026-04-02 19:28:29,209 [Worker-52: Launching Executing clean in C__Users_user_Desktop_내지갑지키미_workspace_poormoney] INFO  o.eclipse.m2e.core.internal.Bundles - 	Entry: C:\Users\user\Desktop\sts-5.1.1.RELEASE\plugins\org.eclipse.m2e.maven.runtime_3.9.1200.20260112-2306\jars\wagon-file-3.5.3.jar
2026-04-02 19:28:29,209 [Worker-52: Launching Executing clean in C__Users_user_Desktop_내지갑지키미_workspace_poormoney] INFO  o.eclipse.m2e.core.internal.Bundles - 	Entry: C:\Users\user\Desktop\sts-5.1.1.RELEASE\plugins\org.eclipse.m2e.maven.runtime_3.9.1200.20260112-2306\jars\wagon-http-3.5.3.jar
2026-04-02 19:28:29,209 [Worker-52: Launching Executing clean in C__Users_user_Desktop_내지갑지키미_workspace_poormoney] INFO  o.eclipse.m2e.core.internal.Bundles - 	Entry: C:\Users\user\Desktop\sts-5.1.1.RELEASE\plugins\org.eclipse.m2e.maven.runtime_3.9.1200.20260112-2306\jars\wagon-http-shared-3.5.3.jar
2026-04-02 19:28:29,209 [Worker-52: Launching Executing clean in C__Users_user_Desktop_내지갑지키미_workspace_poormoney] INFO  o.eclipse.m2e.core.internal.Bundles - 	Entry: C:\Users\user\Desktop\sts-5.1.1.RELEASE\plugins\org.eclipse.m2e.maven.runtime_3.9.1200.20260112-2306\jars\wagon-provider-api-3.5.3.jar
2026-04-02 19:28:29,210 [Worker-52: Launching Executing clean in C__Users_user_Desktop_내지갑지키미_workspace_poormoney] INFO  o.eclipse.m2e.core.internal.Bundles - getClasspathEntries(Bundle=com.google.guava_33.5.0.jre [31])
2026-04-02 19:28:29,210 [Worker-52: Launching Executing clean in C__Users_user_Desktop_내지갑지키미_workspace_poormoney] INFO  o.eclipse.m2e.core.internal.Bundles - 	Entry: C:\Users\user\Desktop\sts-5.1.1.RELEASE\plugins\com.google.guava_33.5.0.jre.jar
2026-04-02 19:28:29,210 [Worker-52: Launching Executing clean in C__Users_user_Desktop_내지갑지키미_workspace_poormoney] INFO  o.eclipse.m2e.core.internal.Bundles - getClasspathEntries(Bundle=slf4j.api_2.0.17 [620])
2026-04-02 19:28:29,210 [Worker-52: Launching Executing clean in C__Users_user_Desktop_내지갑지키미_workspace_poormoney] INFO  o.eclipse.m2e.core.internal.Bundles - 	Entry: C:\Users\user\Desktop\sts-5.1.1.RELEASE\plugins\slf4j.api_2.0.17.jar
2026-04-02 19:28:29,210 [Worker-52: Launching Executing clean in C__Users_user_Desktop_내지갑지키미_workspace_poormoney] INFO  o.eclipse.m2e.core.internal.Bundles - getClasspathEntries(Bundle=jakarta.inject.jakarta.inject-api_1.0.5 [46])
2026-04-02 19:28:29,211 [Worker-52: Launching Executing clean in C__Users_user_Desktop_내지갑지키미_workspace_poormoney] INFO  o.eclipse.m2e.core.internal.Bundles - 	Entry: C:\Users\user\Desktop\sts-5.1.1.RELEASE\plugins\jakarta.inject.jakarta.inject-api_1.0.5.jar
2026-04-02 19:28:29,211 [Worker-52: Launching Executing clean in C__Users_user_Desktop_내지갑지키미_workspace_poormoney] INFO  o.eclipse.m2e.core.internal.Bundles - getClasspathEntries(Bundle=jakarta.annotation-api_1.3.5 [43])
2026-04-02 19:28:29,211 [Worker-52: Launching Executing clean in C__Users_user_Desktop_내지갑지키미_workspace_poormoney] INFO  o.eclipse.m2e.core.internal.Bundles - 	Entry: C:\Users\user\Desktop\sts-5.1.1.RELEASE\plugins\jakarta.annotation-api_1.3.5.jar
2026-04-02 19:28:29,211 [Worker-52: Launching Executing clean in C__Users_user_Desktop_내지갑지키미_workspace_poormoney] INFO  o.eclipse.m2e.core.internal.Bundles - getClasspathEntries(Bundle=org.apache.commons.cli_1.11.0 [86])
2026-04-02 19:28:29,211 [Worker-52: Launching Executing clean in C__Users_user_Desktop_내지갑지키미_workspace_poormoney] INFO  o.eclipse.m2e.core.internal.Bundles - 	Entry: C:\Users\user\Desktop\sts-5.1.1.RELEASE\plugins\org.apache.commons.cli_1.11.0.jar
2026-04-02 19:28:29,211 [Worker-52: Launching Executing clean in C__Users_user_Desktop_내지갑지키미_workspace_poormoney] INFO  o.eclipse.m2e.core.internal.Bundles - getClasspathEntries(Bundle=org.apache.commons.commons-codec_1.21.0 [88])
2026-04-02 19:28:29,212 [Worker-52: Launching Executing clean in C__Users_user_Desktop_내지갑지키미_workspace_poormoney] INFO  o.eclipse.m2e.core.internal.Bundles - 	Entry: C:\Users\user\Desktop\sts-5.1.1.RELEASE\plugins\org.apache.commons.commons-codec_1.21.0.jar
2026-04-02 19:28:29,212 [Worker-52: Launching Executing clean in C__Users_user_Desktop_내지갑지키미_workspace_poormoney] INFO  o.eclipse.m2e.core.internal.Bundles - getClasspathEntries(Bundle=com.google.guava.failureaccess_1.0.3 [32])
2026-04-02 19:28:29,212 [Worker-52: Launching Executing clean in C__Users_user_Desktop_내지갑지키미_workspace_poormoney] INFO  o.eclipse.m2e.core.internal.Bundles - 	Entry: C:\Users\user\Desktop\sts-5.1.1.RELEASE\plugins\com.google.guava.failureaccess_1.0.3.jar
2026-04-02 19:28:29,213 [Worker-52: Launching Executing clean in C__Users_user_Desktop_내지갑지키미_workspace_poormoney] INFO  o.e.m.i.launch.MavenLaunchDelegate - Run build in "C:\Users\user\Desktop\내지갑지키미\workspace\poormoney":
2026-04-02 19:28:29,213 [Worker-52: Launching Executing clean in C__Users_user_Desktop_내지갑지키미_workspace_poormoney] INFO  o.e.m.i.launch.MavenLaunchDelegate -  mvn  -B -Dstyle.color=always clean
2026-04-02 19:28:30,514 [Worker-65: Building] INFO  o.a.m.s.f.DefaultMavenResourcesFiltering - Copying 1 resource from src\main\resources to target\classes
2026-04-02 19:28:30,515 [Worker-65: Building] INFO  o.a.m.s.f.DefaultMavenResourcesFiltering - Copying 1 resource from src\main\resources to target\classes
2026-04-02 19:28:30,517 [Worker-65: Building] INFO  o.a.m.s.f.DefaultMavenResourcesFiltering - skip non existing resourceDirectory C:\Users\user\Desktop\내지갑지키미\workspace\poormoney\src\test\resources
2026-04-02 19:28:30,528 [Worker-65: Building] WARN  o.apache.maven.project.MavenProject - Plugin is modifying compileSourceRoots through clear(), which will not work in Maven 4.0.0. Use MavenProject.addCompileSourceRoot()/removeCompileSourceRoot() methods instead. If using a plugin, please upgrade to the latest version or report the issue to the plugin maintainer. To disable these warnings, set -Dmaven.project.sourceRoots.warningsDisabled=true on the command line, in the .mvn/maven.config file, or in project POM properties.
2026-04-02 19:28:30,528 [Worker-65: Building] WARN  o.apache.maven.project.MavenProject - Plugin is modifying compileSourceRoots through add(), which will not work in Maven 4.0.0. Use MavenProject.addCompileSourceRoot()/removeCompileSourceRoot() methods instead. If using a plugin, please upgrade to the latest version or report the issue to the plugin maintainer. To disable these warnings, set -Dmaven.project.sourceRoots.warningsDisabled=true on the command line, in the .mvn/maven.config file, or in project POM properties.
2026-04-02 19:28:30,529 [Worker-65: Building] WARN  o.apache.maven.project.MavenProject - Plugin is modifying testCompileSourceRoots through clear(), which will not work in Maven 4.0.0. Use MavenProject.addTestCompileSourceRoot()/removeTestCompileSourceRoot() methods instead. If using a plugin, please upgrade to the latest version or report the issue to the plugin maintainer. To disable these warnings, set -Dmaven.project.sourceRoots.warningsDisabled=true on the command line, in the .mvn/maven.config file, or in project POM properties.
2026-04-02 19:28:30,529 [Worker-65: Building] WARN  o.apache.maven.project.MavenProject - Plugin is modifying testCompileSourceRoots through add(), which will not work in Maven 4.0.0. Use MavenProject.addTestCompileSourceRoot()/removeTestCompileSourceRoot() methods instead. If using a plugin, please upgrade to the latest version or report the issue to the plugin maintainer. To disable these warnings, set -Dmaven.project.sourceRoots.warningsDisabled=true on the command line, in the .mvn/maven.config file, or in project POM properties.
2026-04-02 19:28:45,727 [main] INFO  o.e.m2e.actions.ExecutePomAction - Creating new launch configuration
2026-04-02 19:28:53,484 [Worker-68: Launching Executing install in C__Users_user_Desktop_내지갑지키미_workspace_poormoney] INFO  o.eclipse.m2e.core.internal.Bundles - getClasspathEntries(Bundle=org.eclipse.m2e.maven.runtime_3.9.1200.20260112-2306 [372])
2026-04-02 19:28:53,485 [Worker-68: Launching Executing install in C__Users_user_Desktop_내지갑지키미_workspace_poormoney] INFO  o.eclipse.m2e.core.internal.Bundles - 	Entry: C:\Users\user\Desktop\sts-5.1.1.RELEASE\plugins\org.eclipse.m2e.maven.runtime_3.9.1200.20260112-2306
2026-04-02 19:28:53,485 [Worker-68: Launching Executing install in C__Users_user_Desktop_내지갑지키미_workspace_poormoney] INFO  o.eclipse.m2e.core.internal.Bundles - 	Entry: C:\Users\user\Desktop\sts-5.1.1.RELEASE\plugins\org.eclipse.m2e.maven.runtime_3.9.1200.20260112-2306\jars\aopalliance-1.0.jar
2026-04-02 19:28:53,485 [Worker-68: Launching Executing install in C__Users_user_Desktop_내지갑지키미_workspace_poormoney] INFO  o.eclipse.m2e.core.internal.Bundles - 	Entry: C:\Users\user\Desktop\sts-5.1.1.RELEASE\plugins\org.eclipse.m2e.maven.runtime_3.9.1200.20260112-2306\jars\asm-9.9.jar
2026-04-02 19:28:53,485 [Worker-68: Launching Executing install in C__Users_user_Desktop_내지갑지키미_workspace_poormoney] INFO  o.eclipse.m2e.core.internal.Bundles - 	Entry: C:\Users\user\Desktop\sts-5.1.1.RELEASE\plugins\org.eclipse.m2e.maven.runtime_3.9.1200.20260112-2306\jars\error_prone_annotations-2.41.0.jar
2026-04-02 19:28:53,485 [Worker-68: Launching Executing install in C__Users_user_Desktop_내지갑지키미_workspace_poormoney] INFO  o.eclipse.m2e.core.internal.Bundles - 	Entry: C:\Users\user\Desktop\sts-5.1.1.RELEASE\plugins\org.eclipse.m2e.maven.runtime_3.9.1200.20260112-2306\jars\gson-2.13.2.jar
2026-04-02 19:28:53,485 [Worker-68: Launching Executing install in C__Users_user_Desktop_내지갑지키미_workspace_poormoney] INFO  o.eclipse.m2e.core.internal.Bundles - 	Entry: C:\Users\user\Desktop\sts-5.1.1.RELEASE\plugins\org.eclipse.m2e.maven.runtime_3.9.1200.20260112-2306\jars\guice-5.1.0-classes.jar
2026-04-02 19:28:53,486 [Worker-68: Launching Executing install in C__Users_user_Desktop_내지갑지키미_workspace_poormoney] INFO  o.eclipse.m2e.core.internal.Bundles - 	Entry: C:\Users\user\Desktop\sts-5.1.1.RELEASE\plugins\org.eclipse.m2e.maven.runtime_3.9.1200.20260112-2306\jars\httpclient-4.5.14.jar
2026-04-02 19:28:53,486 [Worker-68: Launching Executing install in C__Users_user_Desktop_내지갑지키미_workspace_poormoney] INFO  o.eclipse.m2e.core.internal.Bundles - 	Entry: C:\Users\user\Desktop\sts-5.1.1.RELEASE\plugins\org.eclipse.m2e.maven.runtime_3.9.1200.20260112-2306\jars\httpcore-4.4.16.jar
2026-04-02 19:28:53,486 [Worker-68: Launching Executing install in C__Users_user_Desktop_내지갑지키미_workspace_poormoney] INFO  o.eclipse.m2e.core.internal.Bundles - 	Entry: C:\Users\user\Desktop\sts-5.1.1.RELEASE\plugins\org.eclipse.m2e.maven.runtime_3.9.1200.20260112-2306\jars\jansi-2.4.2.jar
2026-04-02 19:28:53,486 [Worker-68: Launching Executing install in C__Users_user_Desktop_내지갑지키미_workspace_poormoney] INFO  o.eclipse.m2e.core.internal.Bundles - 	Entry: C:\Users\user\Desktop\sts-5.1.1.RELEASE\plugins\org.eclipse.m2e.maven.runtime_3.9.1200.20260112-2306\jars\jcl-over-slf4j-1.7.36.jar
2026-04-02 19:28:53,486 [Worker-68: Launching Executing install in C__Users_user_Desktop_내지갑지키미_workspace_poormoney] INFO  o.eclipse.m2e.core.internal.Bundles - 	Entry: C:\Users\user\Desktop\sts-5.1.1.RELEASE\plugins\org.eclipse.m2e.maven.runtime_3.9.1200.20260112-2306\jars\maven-artifact-3.9.12.jar
2026-04-02 19:28:53,486 [Worker-68: Launching Executing install in C__Users_user_Desktop_내지갑지키미_workspace_poormoney] INFO  o.eclipse.m2e.core.internal.Bundles - 	Entry: C:\Users\user\Desktop\sts-5.1.1.RELEASE\plugins\org.eclipse.m2e.maven.runtime_3.9.1200.20260112-2306\jars\maven-builder-support-3.9.12.jar
2026-04-02 19:28:53,486 [Worker-68: Launching Executing install in C__Users_user_Desktop_내지갑지키미_workspace_poormoney] INFO  o.eclipse.m2e.core.internal.Bundles - 	Entry: C:\Users\user\Desktop\sts-5.1.1.RELEASE\plugins\org.eclipse.m2e.maven.runtime_3.9.1200.20260112-2306\jars\maven-compat-3.9.12.jar
2026-04-02 19:28:53,486 [Worker-68: Launching Executing install in C__Users_user_Desktop_내지갑지키미_workspace_poormoney] INFO  o.eclipse.m2e.core.internal.Bundles - 	Entry: C:\Users\user\Desktop\sts-5.1.1.RELEASE\plugins\org.eclipse.m2e.maven.runtime_3.9.1200.20260112-2306\jars\maven-core-3.9.12.jar
2026-04-02 19:28:53,486 [Worker-68: Launching Executing install in C__Users_user_Desktop_내지갑지키미_workspace_poormoney] INFO  o.eclipse.m2e.core.internal.Bundles - 	Entry: C:\Users\user\Desktop\sts-5.1.1.RELEASE\plugins\org.eclipse.m2e.maven.runtime_3.9.1200.20260112-2306\jars\maven-embedder-3.9.12.jar
2026-04-02 19:28:53,487 [Worker-68: Launching Executing install in C__Users_user_Desktop_내지갑지키미_workspace_poormoney] INFO  o.eclipse.m2e.core.internal.Bundles - 	Entry: C:\Users\user\Desktop\sts-5.1.1.RELEASE\plugins\org.eclipse.m2e.maven.runtime_3.9.1200.20260112-2306\jars\maven-model-3.9.12.jar
2026-04-02 19:28:53,487 [Worker-68: Launching Executing install in C__Users_user_Desktop_내지갑지키미_workspace_poormoney] INFO  o.eclipse.m2e.core.internal.Bundles - 	Entry: C:\Users\user\Desktop\sts-5.1.1.RELEASE\plugins\org.eclipse.m2e.maven.runtime_3.9.1200.20260112-2306\jars\maven-model-builder-3.9.12.jar
2026-04-02 19:28:53,487 [Worker-68: Launching Executing install in C__Users_user_Desktop_내지갑지키미_workspace_poormoney] INFO  o.eclipse.m2e.core.internal.Bundles - 	Entry: C:\Users\user\Desktop\sts-5.1.1.RELEASE\plugins\org.eclipse.m2e.maven.runtime_3.9.1200.20260112-2306\jars\maven-plugin-api-3.9.12.jar
2026-04-02 19:28:53,487 [Worker-68: Launching Executing install in C__Users_user_Desktop_내지갑지키미_workspace_poormoney] INFO  o.eclipse.m2e.core.internal.Bundles - 	Entry: C:\Users\user\Desktop\sts-5.1.1.RELEASE\plugins\org.eclipse.m2e.maven.runtime_3.9.1200.20260112-2306\jars\maven-repository-metadata-3.9.12.jar
2026-04-02 19:28:53,487 [Worker-68: Launching Executing install in C__Users_user_Desktop_내지갑지키미_workspace_poormoney] INFO  o.eclipse.m2e.core.internal.Bundles - 	Entry: C:\Users\user\Desktop\sts-5.1.1.RELEASE\plugins\org.eclipse.m2e.maven.runtime_3.9.1200.20260112-2306\jars\maven-resolver-api-1.9.25.jar
2026-04-02 19:28:53,487 [Worker-68: Launching Executing install in C__Users_user_Desktop_내지갑지키미_workspace_poormoney] INFO  o.eclipse.m2e.core.internal.Bundles - 	Entry: C:\Users\user\Desktop\sts-5.1.1.RELEASE\plugins\org.eclipse.m2e.maven.runtime_3.9.1200.20260112-2306\jars\maven-resolver-connector-basic-1.9.25.jar
2026-04-02 19:28:53,487 [Worker-68: Launching Executing install in C__Users_user_Desktop_내지갑지키미_workspace_poormoney] INFO  o.eclipse.m2e.core.internal.Bundles - 	Entry: C:\Users\user\Desktop\sts-5.1.1.RELEASE\plugins\org.eclipse.m2e.maven.runtime_3.9.1200.20260112-2306\jars\maven-resolver-impl-1.9.25.jar
2026-04-02 19:28:53,487 [Worker-68: Launching Executing install in C__Users_user_Desktop_내지갑지키미_workspace_poormoney] INFO  o.eclipse.m2e.core.internal.Bundles - 	Entry: C:\Users\user\Desktop\sts-5.1.1.RELEASE\plugins\org.eclipse.m2e.maven.runtime_3.9.1200.20260112-2306\jars\maven-resolver-named-locks-1.9.25.jar
2026-04-02 19:28:53,487 [Worker-68: Launching Executing install in C__Users_user_Desktop_내지갑지키미_workspace_poormoney] INFO  o.eclipse.m2e.core.internal.Bundles - 	Entry: C:\Users\user\Desktop\sts-5.1.1.RELEASE\plugins\org.eclipse.m2e.maven.runtime_3.9.1200.20260112-2306\jars\maven-resolver-provider-3.9.12.jar
2026-04-02 19:28:53,488 [Worker-68: Launching Executing install in C__Users_user_Desktop_내지갑지키미_workspace_poormoney] INFO  o.eclipse.m2e.core.internal.Bundles - 	Entry: C:\Users\user\Desktop\sts-5.1.1.RELEASE\plugins\org.eclipse.m2e.maven.runtime_3.9.1200.20260112-2306\jars\maven-resolver-spi-1.9.25.jar
2026-04-02 19:28:53,488 [Worker-68: Launching Executing install in C__Users_user_Desktop_내지갑지키미_workspace_poormoney] INFO  o.eclipse.m2e.core.internal.Bundles - 	Entry: C:\Users\user\Desktop\sts-5.1.1.RELEASE\plugins\org.eclipse.m2e.maven.runtime_3.9.1200.20260112-2306\jars\maven-resolver-transport-file-1.9.25.jar
2026-04-02 19:28:53,488 [Worker-68: Launching Executing install in C__Users_user_Desktop_내지갑지키미_workspace_poormoney] INFO  o.eclipse.m2e.core.internal.Bundles - 	Entry: C:\Users\user\Desktop\sts-5.1.1.RELEASE\plugins\org.eclipse.m2e.maven.runtime_3.9.1200.20260112-2306\jars\maven-resolver-transport-http-1.9.25.jar
2026-04-02 19:28:53,488 [Worker-68: Launching Executing install in C__Users_user_Desktop_내지갑지키미_workspace_poormoney] INFO  o.eclipse.m2e.core.internal.Bundles - 	Entry: C:\Users\user\Desktop\sts-5.1.1.RELEASE\plugins\org.eclipse.m2e.maven.runtime_3.9.1200.20260112-2306\jars\maven-resolver-transport-wagon-1.9.25.jar
2026-04-02 19:28:53,488 [Worker-68: Launching Executing install in C__Users_user_Desktop_내지갑지키미_workspace_poormoney] INFO  o.eclipse.m2e.core.internal.Bundles - 	Entry: C:\Users\user\Desktop\sts-5.1.1.RELEASE\plugins\org.eclipse.m2e.maven.runtime_3.9.1200.20260112-2306\jars\maven-resolver-util-1.9.25.jar
2026-04-02 19:28:53,488 [Worker-68: Launching Executing install in C__Users_user_Desktop_내지갑지키미_workspace_poormoney] INFO  o.eclipse.m2e.core.internal.Bundles - 	Entry: C:\Users\user\Desktop\sts-5.1.1.RELEASE\plugins\org.eclipse.m2e.maven.runtime_3.9.1200.20260112-2306\jars\maven-settings-3.9.12.jar
2026-04-02 19:28:53,488 [Worker-68: Launching Executing install in C__Users_user_Desktop_내지갑지키미_workspace_poormoney] INFO  o.eclipse.m2e.core.internal.Bundles - 	Entry: C:\Users\user\Desktop\sts-5.1.1.RELEASE\plugins\org.eclipse.m2e.maven.runtime_3.9.1200.20260112-2306\jars\maven-settings-builder-3.9.12.jar
2026-04-02 19:28:53,488 [Worker-68: Launching Executing install in C__Users_user_Desktop_내지갑지키미_workspace_poormoney] INFO  o.eclipse.m2e.core.internal.Bundles - 	Entry: C:\Users\user\Desktop\sts-5.1.1.RELEASE\plugins\org.eclipse.m2e.maven.runtime_3.9.1200.20260112-2306\jars\maven-shared-utils-3.4.2.jar
2026-04-02 19:28:53,489 [Worker-68: Launching Executing install in C__Users_user_Desktop_내지갑지키미_workspace_poormoney] INFO  o.eclipse.m2e.core.internal.Bundles - 	Entry: C:\Users\user\Desktop\sts-5.1.1.RELEASE\plugins\org.eclipse.m2e.maven.runtime_3.9.1200.20260112-2306\jars\org.eclipse.sisu.inject-0.9.0.M4.jar
2026-04-02 19:28:53,489 [Worker-68: Launching Executing install in C__Users_user_Desktop_내지갑지키미_workspace_poormoney] INFO  o.eclipse.m2e.core.internal.Bundles - 	Entry: C:\Users\user\Desktop\sts-5.1.1.RELEASE\plugins\org.eclipse.m2e.maven.runtime_3.9.1200.20260112-2306\jars\org.eclipse.sisu.plexus-0.9.0.M4.jar
2026-04-02 19:28:53,489 [Worker-68: Launching Executing install in C__Users_user_Desktop_내지갑지키미_workspace_poormoney] INFO  o.eclipse.m2e.core.internal.Bundles - 	Entry: C:\Users\user\Desktop\sts-5.1.1.RELEASE\plugins\org.eclipse.m2e.maven.runtime_3.9.1200.20260112-2306\jars\plexus-build-api-0.0.7.jar
2026-04-02 19:28:53,489 [Worker-68: Launching Executing install in C__Users_user_Desktop_내지갑지키미_workspace_poormoney] INFO  o.eclipse.m2e.core.internal.Bundles - 	Entry: C:\Users\user\Desktop\sts-5.1.1.RELEASE\plugins\org.eclipse.m2e.maven.runtime_3.9.1200.20260112-2306\jars\plexus-build-api-1.2.0.jar
2026-04-02 19:28:53,489 [Worker-68: Launching Executing install in C__Users_user_Desktop_내지갑지키미_workspace_poormoney] INFO  o.eclipse.m2e.core.internal.Bundles - 	Entry: C:\Users\user\Desktop\sts-5.1.1.RELEASE\plugins\org.eclipse.m2e.maven.runtime_3.9.1200.20260112-2306\jars\plexus-cipher-2.0.jar
2026-04-02 19:28:53,489 [Worker-68: Launching Executing install in C__Users_user_Desktop_내지갑지키미_workspace_poormoney] INFO  o.eclipse.m2e.core.internal.Bundles - 	Entry: C:\Users\user\Desktop\sts-5.1.1.RELEASE\plugins\org.eclipse.m2e.maven.runtime_3.9.1200.20260112-2306\jars\plexus-classworlds-2.9.0.jar
2026-04-02 19:28:53,489 [Worker-68: Launching Executing install in C__Users_user_Desktop_내지갑지키미_workspace_poormoney] INFO  o.eclipse.m2e.core.internal.Bundles - 	Entry: C:\Users\user\Desktop\sts-5.1.1.RELEASE\plugins\org.eclipse.m2e.maven.runtime_3.9.1200.20260112-2306\jars\plexus-component-annotations-2.2.0.jar
2026-04-02 19:28:53,489 [Worker-68: Launching Executing install in C__Users_user_Desktop_내지갑지키미_workspace_poormoney] INFO  o.eclipse.m2e.core.internal.Bundles - 	Entry: C:\Users\user\Desktop\sts-5.1.1.RELEASE\plugins\org.eclipse.m2e.maven.runtime_3.9.1200.20260112-2306\jars\plexus-interpolation-1.29.jar
2026-04-02 19:28:53,489 [Worker-68: Launching Executing install in C__Users_user_Desktop_내지갑지키미_workspace_poormoney] INFO  o.eclipse.m2e.core.internal.Bundles - 	Entry: C:\Users\user\Desktop\sts-5.1.1.RELEASE\plugins\org.eclipse.m2e.maven.runtime_3.9.1200.20260112-2306\jars\plexus-sec-dispatcher-2.0.jar
2026-04-02 19:28:53,490 [Worker-68: Launching Executing install in C__Users_user_Desktop_내지갑지키미_workspace_poormoney] INFO  o.eclipse.m2e.core.internal.Bundles - 	Entry: C:\Users\user\Desktop\sts-5.1.1.RELEASE\plugins\org.eclipse.m2e.maven.runtime_3.9.1200.20260112-2306\jars\plexus-utils-3.6.0.jar
2026-04-02 19:28:53,490 [Worker-68: Launching Executing install in C__Users_user_Desktop_내지갑지키미_workspace_poormoney] INFO  o.eclipse.m2e.core.internal.Bundles - 	Entry: C:\Users\user\Desktop\sts-5.1.1.RELEASE\plugins\org.eclipse.m2e.maven.runtime_3.9.1200.20260112-2306\jars\wagon-file-3.5.3.jar
2026-04-02 19:28:53,490 [Worker-68: Launching Executing install in C__Users_user_Desktop_내지갑지키미_workspace_poormoney] INFO  o.eclipse.m2e.core.internal.Bundles - 	Entry: C:\Users\user\Desktop\sts-5.1.1.RELEASE\plugins\org.eclipse.m2e.maven.runtime_3.9.1200.20260112-2306\jars\wagon-http-3.5.3.jar
2026-04-02 19:28:53,490 [Worker-68: Launching Executing install in C__Users_user_Desktop_내지갑지키미_workspace_poormoney] INFO  o.eclipse.m2e.core.internal.Bundles - 	Entry: C:\Users\user\Desktop\sts-5.1.1.RELEASE\plugins\org.eclipse.m2e.maven.runtime_3.9.1200.20260112-2306\jars\wagon-http-shared-3.5.3.jar
2026-04-02 19:28:53,490 [Worker-68: Launching Executing install in C__Users_user_Desktop_내지갑지키미_workspace_poormoney] INFO  o.eclipse.m2e.core.internal.Bundles - 	Entry: C:\Users\user\Desktop\sts-5.1.1.RELEASE\plugins\org.eclipse.m2e.maven.runtime_3.9.1200.20260112-2306\jars\wagon-provider-api-3.5.3.jar
2026-04-02 19:28:53,490 [Worker-68: Launching Executing install in C__Users_user_Desktop_내지갑지키미_workspace_poormoney] INFO  o.eclipse.m2e.core.internal.Bundles - getClasspathEntries(Bundle=com.google.guava_33.5.0.jre [31])
2026-04-02 19:28:53,491 [Worker-68: Launching Executing install in C__Users_user_Desktop_내지갑지키미_workspace_poormoney] INFO  o.eclipse.m2e.core.internal.Bundles - 	Entry: C:\Users\user\Desktop\sts-5.1.1.RELEASE\plugins\com.google.guava_33.5.0.jre.jar
2026-04-02 19:28:53,491 [Worker-68: Launching Executing install in C__Users_user_Desktop_내지갑지키미_workspace_poormoney] INFO  o.eclipse.m2e.core.internal.Bundles - getClasspathEntries(Bundle=slf4j.api_2.0.17 [620])
2026-04-02 19:28:53,491 [Worker-68: Launching Executing install in C__Users_user_Desktop_내지갑지키미_workspace_poormoney] INFO  o.eclipse.m2e.core.internal.Bundles - 	Entry: C:\Users\user\Desktop\sts-5.1.1.RELEASE\plugins\slf4j.api_2.0.17.jar
2026-04-02 19:28:53,491 [Worker-68: Launching Executing install in C__Users_user_Desktop_내지갑지키미_workspace_poormoney] INFO  o.eclipse.m2e.core.internal.Bundles - getClasspathEntries(Bundle=jakarta.inject.jakarta.inject-api_1.0.5 [46])
2026-04-02 19:28:53,491 [Worker-68: Launching Executing install in C__Users_user_Desktop_내지갑지키미_workspace_poormoney] INFO  o.eclipse.m2e.core.internal.Bundles - 	Entry: C:\Users\user\Desktop\sts-5.1.1.RELEASE\plugins\jakarta.inject.jakarta.inject-api_1.0.5.jar
2026-04-02 19:28:53,491 [Worker-68: Launching Executing install in C__Users_user_Desktop_내지갑지키미_workspace_poormoney] INFO  o.eclipse.m2e.core.internal.Bundles - getClasspathEntries(Bundle=jakarta.annotation-api_1.3.5 [43])
2026-04-02 19:28:53,492 [Worker-68: Launching Executing install in C__Users_user_Desktop_내지갑지키미_workspace_poormoney] INFO  o.eclipse.m2e.core.internal.Bundles - 	Entry: C:\Users\user\Desktop\sts-5.1.1.RELEASE\plugins\jakarta.annotation-api_1.3.5.jar
2026-04-02 19:28:53,492 [Worker-68: Launching Executing install in C__Users_user_Desktop_내지갑지키미_workspace_poormoney] INFO  o.eclipse.m2e.core.internal.Bundles - getClasspathEntries(Bundle=org.apache.commons.cli_1.11.0 [86])
2026-04-02 19:28:53,492 [Worker-68: Launching Executing install in C__Users_user_Desktop_내지갑지키미_workspace_poormoney] INFO  o.eclipse.m2e.core.internal.Bundles - 	Entry: C:\Users\user\Desktop\sts-5.1.1.RELEASE\plugins\org.apache.commons.cli_1.11.0.jar
2026-04-02 19:28:53,492 [Worker-68: Launching Executing install in C__Users_user_Desktop_내지갑지키미_workspace_poormoney] INFO  o.eclipse.m2e.core.internal.Bundles - getClasspathEntries(Bundle=org.apache.commons.commons-codec_1.21.0 [88])
2026-04-02 19:28:53,492 [Worker-68: Launching Executing install in C__Users_user_Desktop_내지갑지키미_workspace_poormoney] INFO  o.eclipse.m2e.core.internal.Bundles - 	Entry: C:\Users\user\Desktop\sts-5.1.1.RELEASE\plugins\org.apache.commons.commons-codec_1.21.0.jar
2026-04-02 19:28:53,492 [Worker-68: Launching Executing install in C__Users_user_Desktop_내지갑지키미_workspace_poormoney] INFO  o.eclipse.m2e.core.internal.Bundles - getClasspathEntries(Bundle=com.google.guava.failureaccess_1.0.3 [32])
2026-04-02 19:28:53,493 [Worker-68: Launching Executing install in C__Users_user_Desktop_내지갑지키미_workspace_poormoney] INFO  o.eclipse.m2e.core.internal.Bundles - 	Entry: C:\Users\user\Desktop\sts-5.1.1.RELEASE\plugins\com.google.guava.failureaccess_1.0.3.jar
2026-04-02 19:28:53,494 [Worker-68: Launching Executing install in C__Users_user_Desktop_내지갑지키미_workspace_poormoney] INFO  o.e.m.i.launch.MavenLaunchDelegate - Run build in "C:\Users\user\Desktop\내지갑지키미\workspace\poormoney":
2026-04-02 19:28:53,494 [Worker-68: Launching Executing install in C__Users_user_Desktop_내지갑지키미_workspace_poormoney] INFO  o.e.m.i.launch.MavenLaunchDelegate -  mvn  -B -Dstyle.color=always install
2026-04-02 19:30:24,777 [Worker-57: Building] INFO  o.a.m.s.f.DefaultMavenResourcesFiltering - Copying 1 resource from src\main\resources to target\classes
2026-04-02 19:30:24,780 [Worker-57: Building] INFO  o.a.m.s.f.DefaultMavenResourcesFiltering - Copying 0 resource from src\main\resources to target\classes
2026-04-02 19:30:24,782 [Worker-57: Building] INFO  o.a.m.s.f.DefaultMavenResourcesFiltering - skip non existing resourceDirectory C:\Users\user\Desktop\내지갑지키미\workspace\poormoney\src\test\resources
2026-04-02 19:30:24,782 [Worker-57: Building] WARN  o.apache.maven.project.MavenProject - Plugin is modifying compileSourceRoots through clear(), which will not work in Maven 4.0.0. Use MavenProject.addCompileSourceRoot()/removeCompileSourceRoot() methods instead. If using a plugin, please upgrade to the latest version or report the issue to the plugin maintainer. To disable these warnings, set -Dmaven.project.sourceRoots.warningsDisabled=true on the command line, in the .mvn/maven.config file, or in project POM properties.
2026-04-02 19:30:24,782 [Worker-57: Building] WARN  o.apache.maven.project.MavenProject - Plugin is modifying compileSourceRoots through add(), which will not work in Maven 4.0.0. Use MavenProject.addCompileSourceRoot()/removeCompileSourceRoot() methods instead. If using a plugin, please upgrade to the latest version or report the issue to the plugin maintainer. To disable these warnings, set -Dmaven.project.sourceRoots.warningsDisabled=true on the command line, in the .mvn/maven.config file, or in project POM properties.
2026-04-02 19:30:24,783 [Worker-57: Building] WARN  o.apache.maven.project.MavenProject - Plugin is modifying testCompileSourceRoots through clear(), which will not work in Maven 4.0.0. Use MavenProject.addTestCompileSourceRoot()/removeTestCompileSourceRoot() methods instead. If using a plugin, please upgrade to the latest version or report the issue to the plugin maintainer. To disable these warnings, set -Dmaven.project.sourceRoots.warningsDisabled=true on the command line, in the .mvn/maven.config file, or in project POM properties.
2026-04-02 19:30:24,783 [Worker-57: Building] WARN  o.apache.maven.project.MavenProject - Plugin is modifying testCompileSourceRoots through add(), which will not work in Maven 4.0.0. Use MavenProject.addTestCompileSourceRoot()/removeTestCompileSourceRoot() methods instead. If using a plugin, please upgrade to the latest version or report the issue to the plugin maintainer. To disable these warnings, set -Dmaven.project.sourceRoots.warningsDisabled=true on the command line, in the .mvn/maven.config file, or in project POM properties.
2026-04-02 20:08:51,743 [main] INFO  o.e.m2e.actions.ExecutePomAction - Creating new launch configuration
2026-04-02 20:08:55,835 [Worker-73: Launching poormoney (10)] INFO  o.eclipse.m2e.core.internal.Bundles - getClasspathEntries(Bundle=org.eclipse.m2e.maven.runtime_3.9.1200.20260112-2306 [372])
2026-04-02 20:08:55,836 [Worker-73: Launching poormoney (10)] INFO  o.eclipse.m2e.core.internal.Bundles - 	Entry: C:\Users\user\Desktop\sts-5.1.1.RELEASE\plugins\org.eclipse.m2e.maven.runtime_3.9.1200.20260112-2306
2026-04-02 20:08:55,836 [Worker-73: Launching poormoney (10)] INFO  o.eclipse.m2e.core.internal.Bundles - 	Entry: C:\Users\user\Desktop\sts-5.1.1.RELEASE\plugins\org.eclipse.m2e.maven.runtime_3.9.1200.20260112-2306\jars\aopalliance-1.0.jar
2026-04-02 20:08:55,836 [Worker-73: Launching poormoney (10)] INFO  o.eclipse.m2e.core.internal.Bundles - 	Entry: C:\Users\user\Desktop\sts-5.1.1.RELEASE\plugins\org.eclipse.m2e.maven.runtime_3.9.1200.20260112-2306\jars\asm-9.9.jar
2026-04-02 20:08:55,837 [Worker-73: Launching poormoney (10)] INFO  o.eclipse.m2e.core.internal.Bundles - 	Entry: C:\Users\user\Desktop\sts-5.1.1.RELEASE\plugins\org.eclipse.m2e.maven.runtime_3.9.1200.20260112-2306\jars\error_prone_annotations-2.41.0.jar
2026-04-02 20:08:55,837 [Worker-73: Launching poormoney (10)] INFO  o.eclipse.m2e.core.internal.Bundles - 	Entry: C:\Users\user\Desktop\sts-5.1.1.RELEASE\plugins\org.eclipse.m2e.maven.runtime_3.9.1200.20260112-2306\jars\gson-2.13.2.jar
2026-04-02 20:08:55,837 [Worker-73: Launching poormoney (10)] INFO  o.eclipse.m2e.core.internal.Bundles - 	Entry: C:\Users\user\Desktop\sts-5.1.1.RELEASE\plugins\org.eclipse.m2e.maven.runtime_3.9.1200.20260112-2306\jars\guice-5.1.0-classes.jar
2026-04-02 20:08:55,837 [Worker-73: Launching poormoney (10)] INFO  o.eclipse.m2e.core.internal.Bundles - 	Entry: C:\Users\user\Desktop\sts-5.1.1.RELEASE\plugins\org.eclipse.m2e.maven.runtime_3.9.1200.20260112-2306\jars\httpclient-4.5.14.jar
2026-04-02 20:08:55,837 [Worker-73: Launching poormoney (10)] INFO  o.eclipse.m2e.core.internal.Bundles - 	Entry: C:\Users\user\Desktop\sts-5.1.1.RELEASE\plugins\org.eclipse.m2e.maven.runtime_3.9.1200.20260112-2306\jars\httpcore-4.4.16.jar
2026-04-02 20:08:55,837 [Worker-73: Launching poormoney (10)] INFO  o.eclipse.m2e.core.internal.Bundles - 	Entry: C:\Users\user\Desktop\sts-5.1.1.RELEASE\plugins\org.eclipse.m2e.maven.runtime_3.9.1200.20260112-2306\jars\jansi-2.4.2.jar
2026-04-02 20:08:55,837 [Worker-73: Launching poormoney (10)] INFO  o.eclipse.m2e.core.internal.Bundles - 	Entry: C:\Users\user\Desktop\sts-5.1.1.RELEASE\plugins\org.eclipse.m2e.maven.runtime_3.9.1200.20260112-2306\jars\jcl-over-slf4j-1.7.36.jar
2026-04-02 20:08:55,838 [Worker-73: Launching poormoney (10)] INFO  o.eclipse.m2e.core.internal.Bundles - 	Entry: C:\Users\user\Desktop\sts-5.1.1.RELEASE\plugins\org.eclipse.m2e.maven.runtime_3.9.1200.20260112-2306\jars\maven-artifact-3.9.12.jar
2026-04-02 20:08:55,838 [Worker-73: Launching poormoney (10)] INFO  o.eclipse.m2e.core.internal.Bundles - 	Entry: C:\Users\user\Desktop\sts-5.1.1.RELEASE\plugins\org.eclipse.m2e.maven.runtime_3.9.1200.20260112-2306\jars\maven-builder-support-3.9.12.jar
2026-04-02 20:08:55,838 [Worker-73: Launching poormoney (10)] INFO  o.eclipse.m2e.core.internal.Bundles - 	Entry: C:\Users\user\Desktop\sts-5.1.1.RELEASE\plugins\org.eclipse.m2e.maven.runtime_3.9.1200.20260112-2306\jars\maven-compat-3.9.12.jar
2026-04-02 20:08:55,838 [Worker-73: Launching poormoney (10)] INFO  o.eclipse.m2e.core.internal.Bundles - 	Entry: C:\Users\user\Desktop\sts-5.1.1.RELEASE\plugins\org.eclipse.m2e.maven.runtime_3.9.1200.20260112-2306\jars\maven-core-3.9.12.jar
2026-04-02 20:08:55,838 [Worker-73: Launching poormoney (10)] INFO  o.eclipse.m2e.core.internal.Bundles - 	Entry: C:\Users\user\Desktop\sts-5.1.1.RELEASE\plugins\org.eclipse.m2e.maven.runtime_3.9.1200.20260112-2306\jars\maven-embedder-3.9.12.jar
2026-04-02 20:08:55,838 [Worker-73: Launching poormoney (10)] INFO  o.eclipse.m2e.core.internal.Bundles - 	Entry: C:\Users\user\Desktop\sts-5.1.1.RELEASE\plugins\org.eclipse.m2e.maven.runtime_3.9.1200.20260112-2306\jars\maven-model-3.9.12.jar
2026-04-02 20:08:55,838 [Worker-73: Launching poormoney (10)] INFO  o.eclipse.m2e.core.internal.Bundles - 	Entry: C:\Users\user\Desktop\sts-5.1.1.RELEASE\plugins\org.eclipse.m2e.maven.runtime_3.9.1200.20260112-2306\jars\maven-model-builder-3.9.12.jar
2026-04-02 20:08:55,839 [Worker-73: Launching poormoney (10)] INFO  o.eclipse.m2e.core.internal.Bundles - 	Entry: C:\Users\user\Desktop\sts-5.1.1.RELEASE\plugins\org.eclipse.m2e.maven.runtime_3.9.1200.20260112-2306\jars\maven-plugin-api-3.9.12.jar
2026-04-02 20:08:55,839 [Worker-73: Launching poormoney (10)] INFO  o.eclipse.m2e.core.internal.Bundles - 	Entry: C:\Users\user\Desktop\sts-5.1.1.RELEASE\plugins\org.eclipse.m2e.maven.runtime_3.9.1200.20260112-2306\jars\maven-repository-metadata-3.9.12.jar
2026-04-02 20:08:55,839 [Worker-73: Launching poormoney (10)] INFO  o.eclipse.m2e.core.internal.Bundles - 	Entry: C:\Users\user\Desktop\sts-5.1.1.RELEASE\plugins\org.eclipse.m2e.maven.runtime_3.9.1200.20260112-2306\jars\maven-resolver-api-1.9.25.jar
2026-04-02 20:08:55,839 [Worker-73: Launching poormoney (10)] INFO  o.eclipse.m2e.core.internal.Bundles - 	Entry: C:\Users\user\Desktop\sts-5.1.1.RELEASE\plugins\org.eclipse.m2e.maven.runtime_3.9.1200.20260112-2306\jars\maven-resolver-connector-basic-1.9.25.jar
2026-04-02 20:08:55,839 [Worker-73: Launching poormoney (10)] INFO  o.eclipse.m2e.core.internal.Bundles - 	Entry: C:\Users\user\Desktop\sts-5.1.1.RELEASE\plugins\org.eclipse.m2e.maven.runtime_3.9.1200.20260112-2306\jars\maven-resolver-impl-1.9.25.jar
2026-04-02 20:08:55,839 [Worker-73: Launching poormoney (10)] INFO  o.eclipse.m2e.core.internal.Bundles - 	Entry: C:\Users\user\Desktop\sts-5.1.1.RELEASE\plugins\org.eclipse.m2e.maven.runtime_3.9.1200.20260112-2306\jars\maven-resolver-named-locks-1.9.25.jar
2026-04-02 20:08:55,839 [Worker-73: Launching poormoney (10)] INFO  o.eclipse.m2e.core.internal.Bundles - 	Entry: C:\Users\user\Desktop\sts-5.1.1.RELEASE\plugins\org.eclipse.m2e.maven.runtime_3.9.1200.20260112-2306\jars\maven-resolver-provider-3.9.12.jar
2026-04-02 20:08:55,840 [Worker-73: Launching poormoney (10)] INFO  o.eclipse.m2e.core.internal.Bundles - 	Entry: C:\Users\user\Desktop\sts-5.1.1.RELEASE\plugins\org.eclipse.m2e.maven.runtime_3.9.1200.20260112-2306\jars\maven-resolver-spi-1.9.25.jar
2026-04-02 20:08:55,840 [Worker-73: Launching poormoney (10)] INFO  o.eclipse.m2e.core.internal.Bundles - 	Entry: C:\Users\user\Desktop\sts-5.1.1.RELEASE\plugins\org.eclipse.m2e.maven.runtime_3.9.1200.20260112-2306\jars\maven-resolver-transport-file-1.9.25.jar
2026-04-02 20:08:55,840 [Worker-73: Launching poormoney (10)] INFO  o.eclipse.m2e.core.internal.Bundles - 	Entry: C:\Users\user\Desktop\sts-5.1.1.RELEASE\plugins\org.eclipse.m2e.maven.runtime_3.9.1200.20260112-2306\jars\maven-resolver-transport-http-1.9.25.jar
2026-04-02 20:08:55,840 [Worker-73: Launching poormoney (10)] INFO  o.eclipse.m2e.core.internal.Bundles - 	Entry: C:\Users\user\Desktop\sts-5.1.1.RELEASE\plugins\org.eclipse.m2e.maven.runtime_3.9.1200.20260112-2306\jars\maven-resolver-transport-wagon-1.9.25.jar
2026-04-02 20:08:55,840 [Worker-73: Launching poormoney (10)] INFO  o.eclipse.m2e.core.internal.Bundles - 	Entry: C:\Users\user\Desktop\sts-5.1.1.RELEASE\plugins\org.eclipse.m2e.maven.runtime_3.9.1200.20260112-2306\jars\maven-resolver-util-1.9.25.jar
2026-04-02 20:08:55,840 [Worker-73: Launching poormoney (10)] INFO  o.eclipse.m2e.core.internal.Bundles - 	Entry: C:\Users\user\Desktop\sts-5.1.1.RELEASE\plugins\org.eclipse.m2e.maven.runtime_3.9.1200.20260112-2306\jars\maven-settings-3.9.12.jar
2026-04-02 20:08:55,840 [Worker-73: Launching poormoney (10)] INFO  o.eclipse.m2e.core.internal.Bundles - 	Entry: C:\Users\user\Desktop\sts-5.1.1.RELEASE\plugins\org.eclipse.m2e.maven.runtime_3.9.1200.20260112-2306\jars\maven-settings-builder-3.9.12.jar
2026-04-02 20:08:55,840 [Worker-73: Launching poormoney (10)] INFO  o.eclipse.m2e.core.internal.Bundles - 	Entry: C:\Users\user\Desktop\sts-5.1.1.RELEASE\plugins\org.eclipse.m2e.maven.runtime_3.9.1200.20260112-2306\jars\maven-shared-utils-3.4.2.jar
2026-04-02 20:08:55,841 [Worker-73: Launching poormoney (10)] INFO  o.eclipse.m2e.core.internal.Bundles - 	Entry: C:\Users\user\Desktop\sts-5.1.1.RELEASE\plugins\org.eclipse.m2e.maven.runtime_3.9.1200.20260112-2306\jars\org.eclipse.sisu.inject-0.9.0.M4.jar
2026-04-02 20:08:55,841 [Worker-73: Launching poormoney (10)] INFO  o.eclipse.m2e.core.internal.Bundles - 	Entry: C:\Users\user\Desktop\sts-5.1.1.RELEASE\plugins\org.eclipse.m2e.maven.runtime_3.9.1200.20260112-2306\jars\org.eclipse.sisu.plexus-0.9.0.M4.jar
2026-04-02 20:08:55,841 [Worker-73: Launching poormoney (10)] INFO  o.eclipse.m2e.core.internal.Bundles - 	Entry: C:\Users\user\Desktop\sts-5.1.1.RELEASE\plugins\org.eclipse.m2e.maven.runtime_3.9.1200.20260112-2306\jars\plexus-build-api-0.0.7.jar
2026-04-02 20:08:55,841 [Worker-73: Launching poormoney (10)] INFO  o.eclipse.m2e.core.internal.Bundles - 	Entry: C:\Users\user\Desktop\sts-5.1.1.RELEASE\plugins\org.eclipse.m2e.maven.runtime_3.9.1200.20260112-2306\jars\plexus-build-api-1.2.0.jar
2026-04-02 20:08:55,841 [Worker-73: Launching poormoney (10)] INFO  o.eclipse.m2e.core.internal.Bundles - 	Entry: C:\Users\user\Desktop\sts-5.1.1.RELEASE\plugins\org.eclipse.m2e.maven.runtime_3.9.1200.20260112-2306\jars\plexus-cipher-2.0.jar
2026-04-02 20:08:55,841 [Worker-73: Launching poormoney (10)] INFO  o.eclipse.m2e.core.internal.Bundles - 	Entry: C:\Users\user\Desktop\sts-5.1.1.RELEASE\plugins\org.eclipse.m2e.maven.runtime_3.9.1200.20260112-2306\jars\plexus-classworlds-2.9.0.jar
2026-04-02 20:08:55,841 [Worker-73: Launching poormoney (10)] INFO  o.eclipse.m2e.core.internal.Bundles - 	Entry: C:\Users\user\Desktop\sts-5.1.1.RELEASE\plugins\org.eclipse.m2e.maven.runtime_3.9.1200.20260112-2306\jars\plexus-component-annotations-2.2.0.jar
2026-04-02 20:08:55,842 [Worker-73: Launching poormoney (10)] INFO  o.eclipse.m2e.core.internal.Bundles - 	Entry: C:\Users\user\Desktop\sts-5.1.1.RELEASE\plugins\org.eclipse.m2e.maven.runtime_3.9.1200.20260112-2306\jars\plexus-interpolation-1.29.jar
2026-04-02 20:08:55,842 [Worker-73: Launching poormoney (10)] INFO  o.eclipse.m2e.core.internal.Bundles - 	Entry: C:\Users\user\Desktop\sts-5.1.1.RELEASE\plugins\org.eclipse.m2e.maven.runtime_3.9.1200.20260112-2306\jars\plexus-sec-dispatcher-2.0.jar
2026-04-02 20:08:55,842 [Worker-73: Launching poormoney (10)] INFO  o.eclipse.m2e.core.internal.Bundles - 	Entry: C:\Users\user\Desktop\sts-5.1.1.RELEASE\plugins\org.eclipse.m2e.maven.runtime_3.9.1200.20260112-2306\jars\plexus-utils-3.6.0.jar
2026-04-02 20:08:55,842 [Worker-73: Launching poormoney (10)] INFO  o.eclipse.m2e.core.internal.Bundles - 	Entry: C:\Users\user\Desktop\sts-5.1.1.RELEASE\plugins\org.eclipse.m2e.maven.runtime_3.9.1200.20260112-2306\jars\wagon-file-3.5.3.jar
2026-04-02 20:08:55,842 [Worker-73: Launching poormoney (10)] INFO  o.eclipse.m2e.core.internal.Bundles - 	Entry: C:\Users\user\Desktop\sts-5.1.1.RELEASE\plugins\org.eclipse.m2e.maven.runtime_3.9.1200.20260112-2306\jars\wagon-http-3.5.3.jar
2026-04-02 20:08:55,842 [Worker-73: Launching poormoney (10)] INFO  o.eclipse.m2e.core.internal.Bundles - 	Entry: C:\Users\user\Desktop\sts-5.1.1.RELEASE\plugins\org.eclipse.m2e.maven.runtime_3.9.1200.20260112-2306\jars\wagon-http-shared-3.5.3.jar
2026-04-02 20:08:55,842 [Worker-73: Launching poormoney (10)] INFO  o.eclipse.m2e.core.internal.Bundles - 	Entry: C:\Users\user\Desktop\sts-5.1.1.RELEASE\plugins\org.eclipse.m2e.maven.runtime_3.9.1200.20260112-2306\jars\wagon-provider-api-3.5.3.jar
2026-04-02 20:08:55,843 [Worker-73: Launching poormoney (10)] INFO  o.eclipse.m2e.core.internal.Bundles - getClasspathEntries(Bundle=com.google.guava_33.5.0.jre [31])
2026-04-02 20:08:55,843 [Worker-73: Launching poormoney (10)] INFO  o.eclipse.m2e.core.internal.Bundles - 	Entry: C:\Users\user\Desktop\sts-5.1.1.RELEASE\plugins\com.google.guava_33.5.0.jre.jar
2026-04-02 20:08:55,843 [Worker-73: Launching poormoney (10)] INFO  o.eclipse.m2e.core.internal.Bundles - getClasspathEntries(Bundle=slf4j.api_2.0.17 [620])
2026-04-02 20:08:55,843 [Worker-73: Launching poormoney (10)] INFO  o.eclipse.m2e.core.internal.Bundles - 	Entry: C:\Users\user\Desktop\sts-5.1.1.RELEASE\plugins\slf4j.api_2.0.17.jar
2026-04-02 20:08:55,843 [Worker-73: Launching poormoney (10)] INFO  o.eclipse.m2e.core.internal.Bundles - getClasspathEntries(Bundle=jakarta.inject.jakarta.inject-api_1.0.5 [46])
2026-04-02 20:08:55,844 [Worker-73: Launching poormoney (10)] INFO  o.eclipse.m2e.core.internal.Bundles - 	Entry: C:\Users\user\Desktop\sts-5.1.1.RELEASE\plugins\jakarta.inject.jakarta.inject-api_1.0.5.jar
2026-04-02 20:08:55,844 [Worker-73: Launching poormoney (10)] INFO  o.eclipse.m2e.core.internal.Bundles - getClasspathEntries(Bundle=jakarta.annotation-api_1.3.5 [43])
2026-04-02 20:08:55,844 [Worker-73: Launching poormoney (10)] INFO  o.eclipse.m2e.core.internal.Bundles - 	Entry: C:\Users\user\Desktop\sts-5.1.1.RELEASE\plugins\jakarta.annotation-api_1.3.5.jar
2026-04-02 20:08:55,844 [Worker-73: Launching poormoney (10)] INFO  o.eclipse.m2e.core.internal.Bundles - getClasspathEntries(Bundle=org.apache.commons.cli_1.11.0 [86])
2026-04-02 20:08:55,844 [Worker-73: Launching poormoney (10)] INFO  o.eclipse.m2e.core.internal.Bundles - 	Entry: C:\Users\user\Desktop\sts-5.1.1.RELEASE\plugins\org.apache.commons.cli_1.11.0.jar
2026-04-02 20:08:55,844 [Worker-73: Launching poormoney (10)] INFO  o.eclipse.m2e.core.internal.Bundles - getClasspathEntries(Bundle=org.apache.commons.commons-codec_1.21.0 [88])
2026-04-02 20:08:55,845 [Worker-73: Launching poormoney (10)] INFO  o.eclipse.m2e.core.internal.Bundles - 	Entry: C:\Users\user\Desktop\sts-5.1.1.RELEASE\plugins\org.apache.commons.commons-codec_1.21.0.jar
2026-04-02 20:08:55,845 [Worker-73: Launching poormoney (10)] INFO  o.eclipse.m2e.core.internal.Bundles - getClasspathEntries(Bundle=com.google.guava.failureaccess_1.0.3 [32])
2026-04-02 20:08:55,845 [Worker-73: Launching poormoney (10)] INFO  o.eclipse.m2e.core.internal.Bundles - 	Entry: C:\Users\user\Desktop\sts-5.1.1.RELEASE\plugins\com.google.guava.failureaccess_1.0.3.jar
2026-04-02 20:08:55,846 [Worker-73: Launching poormoney (10)] INFO  o.e.m.i.launch.MavenLaunchDelegate - Run build in "C:\Users\user\Desktop\내지갑지키미\workspace\poormoney":
2026-04-02 20:08:55,846 [Worker-73: Launching poormoney (10)] INFO  o.e.m.i.launch.MavenLaunchDelegate -  mvn  -B -Dstyle.color=always clean install
2026-04-02 20:25:56,425 [Worker-88: Building] INFO  o.a.m.s.f.DefaultMavenResourcesFiltering - Copying 1 resource from src\main\resources to target\classes
2026-04-02 20:25:56,428 [Worker-88: Building] INFO  o.a.m.s.f.DefaultMavenResourcesFiltering - Copying 1 resource from src\main\resources to target\classes
2026-04-02 20:25:56,431 [Worker-88: Building] INFO  o.a.m.s.f.DefaultMavenResourcesFiltering - skip non existing resourceDirectory C:\Users\user\Desktop\내지갑지키미\workspace\poormoney\src\test\resources
2026-04-02 20:25:56,456 [Worker-88: Building] WARN  o.apache.maven.project.MavenProject - Plugin is modifying compileSourceRoots through clear(), which will not work in Maven 4.0.0. Use MavenProject.addCompileSourceRoot()/removeCompileSourceRoot() methods instead. If using a plugin, please upgrade to the latest version or report the issue to the plugin maintainer. To disable these warnings, set -Dmaven.project.sourceRoots.warningsDisabled=true on the command line, in the .mvn/maven.config file, or in project POM properties.
2026-04-02 20:25:56,457 [Worker-88: Building] WARN  o.apache.maven.project.MavenProject - Plugin is modifying compileSourceRoots through add(), which will not work in Maven 4.0.0. Use MavenProject.addCompileSourceRoot()/removeCompileSourceRoot() methods instead. If using a plugin, please upgrade to the latest version or report the issue to the plugin maintainer. To disable these warnings, set -Dmaven.project.sourceRoots.warningsDisabled=true on the command line, in the .mvn/maven.config file, or in project POM properties.
2026-04-02 20:25:56,457 [Worker-88: Building] WARN  o.apache.maven.project.MavenProject - Plugin is modifying testCompileSourceRoots through clear(), which will not work in Maven 4.0.0. Use MavenProject.addTestCompileSourceRoot()/removeTestCompileSourceRoot() methods instead. If using a plugin, please upgrade to the latest version or report the issue to the plugin maintainer. To disable these warnings, set -Dmaven.project.sourceRoots.warningsDisabled=true on the command line, in the .mvn/maven.config file, or in project POM properties.
2026-04-02 20:25:56,457 [Worker-88: Building] WARN  o.apache.maven.project.MavenProject - Plugin is modifying testCompileSourceRoots through add(), which will not work in Maven 4.0.0. Use MavenProject.addTestCompileSourceRoot()/removeTestCompileSourceRoot() methods instead. If using a plugin, please upgrade to the latest version or report the issue to the plugin maintainer. To disable these warnings, set -Dmaven.project.sourceRoots.warningsDisabled=true on the command line, in the .mvn/maven.config file, or in project POM properties.
2026-04-02 20:49:31,882 [Worker-111: Building] INFO  o.a.m.s.f.DefaultMavenResourcesFiltering - Copying 1 resource from src\main\resources to target\classes
2026-04-02 20:49:31,884 [Worker-111: Building] INFO  o.a.m.s.f.DefaultMavenResourcesFiltering - Copying 1 resource from src\main\resources to target\classes
2026-04-02 20:49:31,886 [Worker-111: Building] INFO  o.a.m.s.f.DefaultMavenResourcesFiltering - skip non existing resourceDirectory C:\Users\user\Desktop\내지갑지키미\workspace\poormoney\src\test\resources
2026-04-02 20:49:31,886 [Worker-111: Building] WARN  o.apache.maven.project.MavenProject - Plugin is modifying compileSourceRoots through clear(), which will not work in Maven 4.0.0. Use MavenProject.addCompileSourceRoot()/removeCompileSourceRoot() methods instead. If using a plugin, please upgrade to the latest version or report the issue to the plugin maintainer. To disable these warnings, set -Dmaven.project.sourceRoots.warningsDisabled=true on the command line, in the .mvn/maven.config file, or in project POM properties.
2026-04-02 20:49:31,887 [Worker-111: Building] WARN  o.apache.maven.project.MavenProject - Plugin is modifying compileSourceRoots through add(), which will not work in Maven 4.0.0. Use MavenProject.addCompileSourceRoot()/removeCompileSourceRoot() methods instead. If using a plugin, please upgrade to the latest version or report the issue to the plugin maintainer. To disable these warnings, set -Dmaven.project.sourceRoots.warningsDisabled=true on the command line, in the .mvn/maven.config file, or in project POM properties.
2026-04-02 20:49:31,887 [Worker-111: Building] WARN  o.apache.maven.project.MavenProject - Plugin is modifying testCompileSourceRoots through clear(), which will not work in Maven 4.0.0. Use MavenProject.addTestCompileSourceRoot()/removeTestCompileSourceRoot() methods instead. If using a plugin, please upgrade to the latest version or report the issue to the plugin maintainer. To disable these warnings, set -Dmaven.project.sourceRoots.warningsDisabled=true on the command line, in the .mvn/maven.config file, or in project POM properties.
2026-04-02 20:49:31,887 [Worker-111: Building] WARN  o.apache.maven.project.MavenProject - Plugin is modifying testCompileSourceRoots through add(), which will not work in Maven 4.0.0. Use MavenProject.addTestCompileSourceRoot()/removeTestCompileSourceRoot() methods instead. If using a plugin, please upgrade to the latest version or report the issue to the plugin maintainer. To disable these warnings, set -Dmaven.project.sourceRoots.warningsDisabled=true on the command line, in the .mvn/maven.config file, or in project POM properties.
2026-04-02 20:52:46,016 [Worker-119: Launching Executing clean in C__Users_user_Desktop_내지갑지키미_workspace_poormoney] INFO  o.eclipse.m2e.core.internal.Bundles - getClasspathEntries(Bundle=org.eclipse.m2e.maven.runtime_3.9.1200.20260112-2306 [372])
2026-04-02 20:52:46,017 [Worker-119: Launching Executing clean in C__Users_user_Desktop_내지갑지키미_workspace_poormoney] INFO  o.eclipse.m2e.core.internal.Bundles - 	Entry: C:\Users\user\Desktop\sts-5.1.1.RELEASE\plugins\org.eclipse.m2e.maven.runtime_3.9.1200.20260112-2306
2026-04-02 20:52:46,018 [Worker-119: Launching Executing clean in C__Users_user_Desktop_내지갑지키미_workspace_poormoney] INFO  o.eclipse.m2e.core.internal.Bundles - 	Entry: C:\Users\user\Desktop\sts-5.1.1.RELEASE\plugins\org.eclipse.m2e.maven.runtime_3.9.1200.20260112-2306\jars\aopalliance-1.0.jar
2026-04-02 20:52:46,018 [Worker-119: Launching Executing clean in C__Users_user_Desktop_내지갑지키미_workspace_poormoney] INFO  o.eclipse.m2e.core.internal.Bundles - 	Entry: C:\Users\user\Desktop\sts-5.1.1.RELEASE\plugins\org.eclipse.m2e.maven.runtime_3.9.1200.20260112-2306\jars\asm-9.9.jar
2026-04-02 20:52:46,018 [Worker-119: Launching Executing clean in C__Users_user_Desktop_내지갑지키미_workspace_poormoney] INFO  o.eclipse.m2e.core.internal.Bundles - 	Entry: C:\Users\user\Desktop\sts-5.1.1.RELEASE\plugins\org.eclipse.m2e.maven.runtime_3.9.1200.20260112-2306\jars\error_prone_annotations-2.41.0.jar
2026-04-02 20:52:46,018 [Worker-119: Launching Executing clean in C__Users_user_Desktop_내지갑지키미_workspace_poormoney] INFO  o.eclipse.m2e.core.internal.Bundles - 	Entry: C:\Users\user\Desktop\sts-5.1.1.RELEASE\plugins\org.eclipse.m2e.maven.runtime_3.9.1200.20260112-2306\jars\gson-2.13.2.jar
2026-04-02 20:52:46,018 [Worker-119: Launching Executing clean in C__Users_user_Desktop_내지갑지키미_workspace_poormoney] INFO  o.eclipse.m2e.core.internal.Bundles - 	Entry: C:\Users\user\Desktop\sts-5.1.1.RELEASE\plugins\org.eclipse.m2e.maven.runtime_3.9.1200.20260112-2306\jars\guice-5.1.0-classes.jar
2026-04-02 20:52:46,018 [Worker-119: Launching Executing clean in C__Users_user_Desktop_내지갑지키미_workspace_poormoney] INFO  o.eclipse.m2e.core.internal.Bundles - 	Entry: C:\Users\user\Desktop\sts-5.1.1.RELEASE\plugins\org.eclipse.m2e.maven.runtime_3.9.1200.20260112-2306\jars\httpclient-4.5.14.jar
2026-04-02 20:52:46,019 [Worker-119: Launching Executing clean in C__Users_user_Desktop_내지갑지키미_workspace_poormoney] INFO  o.eclipse.m2e.core.internal.Bundles - 	Entry: C:\Users\user\Desktop\sts-5.1.1.RELEASE\plugins\org.eclipse.m2e.maven.runtime_3.9.1200.20260112-2306\jars\httpcore-4.4.16.jar
2026-04-02 20:52:46,019 [Worker-119: Launching Executing clean in C__Users_user_Desktop_내지갑지키미_workspace_poormoney] INFO  o.eclipse.m2e.core.internal.Bundles - 	Entry: C:\Users\user\Desktop\sts-5.1.1.RELEASE\plugins\org.eclipse.m2e.maven.runtime_3.9.1200.20260112-2306\jars\jansi-2.4.2.jar
2026-04-02 20:52:46,019 [Worker-119: Launching Executing clean in C__Users_user_Desktop_내지갑지키미_workspace_poormoney] INFO  o.eclipse.m2e.core.internal.Bundles - 	Entry: C:\Users\user\Desktop\sts-5.1.1.RELEASE\plugins\org.eclipse.m2e.maven.runtime_3.9.1200.20260112-2306\jars\jcl-over-slf4j-1.7.36.jar
2026-04-02 20:52:46,019 [Worker-119: Launching Executing clean in C__Users_user_Desktop_내지갑지키미_workspace_poormoney] INFO  o.eclipse.m2e.core.internal.Bundles - 	Entry: C:\Users\user\Desktop\sts-5.1.1.RELEASE\plugins\org.eclipse.m2e.maven.runtime_3.9.1200.20260112-2306\jars\maven-artifact-3.9.12.jar
2026-04-02 20:52:46,019 [Worker-119: Launching Executing clean in C__Users_user_Desktop_내지갑지키미_workspace_poormoney] INFO  o.eclipse.m2e.core.internal.Bundles - 	Entry: C:\Users\user\Desktop\sts-5.1.1.RELEASE\plugins\org.eclipse.m2e.maven.runtime_3.9.1200.20260112-2306\jars\maven-builder-support-3.9.12.jar
2026-04-02 20:52:46,019 [Worker-119: Launching Executing clean in C__Users_user_Desktop_내지갑지키미_workspace_poormoney] INFO  o.eclipse.m2e.core.internal.Bundles - 	Entry: C:\Users\user\Desktop\sts-5.1.1.RELEASE\plugins\org.eclipse.m2e.maven.runtime_3.9.1200.20260112-2306\jars\maven-compat-3.9.12.jar
2026-04-02 20:52:46,020 [Worker-119: Launching Executing clean in C__Users_user_Desktop_내지갑지키미_workspace_poormoney] INFO  o.eclipse.m2e.core.internal.Bundles - 	Entry: C:\Users\user\Desktop\sts-5.1.1.RELEASE\plugins\org.eclipse.m2e.maven.runtime_3.9.1200.20260112-2306\jars\maven-core-3.9.12.jar
2026-04-02 20:52:46,020 [Worker-119: Launching Executing clean in C__Users_user_Desktop_내지갑지키미_workspace_poormoney] INFO  o.eclipse.m2e.core.internal.Bundles - 	Entry: C:\Users\user\Desktop\sts-5.1.1.RELEASE\plugins\org.eclipse.m2e.maven.runtime_3.9.1200.20260112-2306\jars\maven-embedder-3.9.12.jar
2026-04-02 20:52:46,020 [Worker-119: Launching Executing clean in C__Users_user_Desktop_내지갑지키미_workspace_poormoney] INFO  o.eclipse.m2e.core.internal.Bundles - 	Entry: C:\Users\user\Desktop\sts-5.1.1.RELEASE\plugins\org.eclipse.m2e.maven.runtime_3.9.1200.20260112-2306\jars\maven-model-3.9.12.jar
2026-04-02 20:52:46,020 [Worker-119: Launching Executing clean in C__Users_user_Desktop_내지갑지키미_workspace_poormoney] INFO  o.eclipse.m2e.core.internal.Bundles - 	Entry: C:\Users\user\Desktop\sts-5.1.1.RELEASE\plugins\org.eclipse.m2e.maven.runtime_3.9.1200.20260112-2306\jars\maven-model-builder-3.9.12.jar
2026-04-02 20:52:46,020 [Worker-119: Launching Executing clean in C__Users_user_Desktop_내지갑지키미_workspace_poormoney] INFO  o.eclipse.m2e.core.internal.Bundles - 	Entry: C:\Users\user\Desktop\sts-5.1.1.RELEASE\plugins\org.eclipse.m2e.maven.runtime_3.9.1200.20260112-2306\jars\maven-plugin-api-3.9.12.jar
2026-04-02 20:52:46,020 [Worker-119: Launching Executing clean in C__Users_user_Desktop_내지갑지키미_workspace_poormoney] INFO  o.eclipse.m2e.core.internal.Bundles - 	Entry: C:\Users\user\Desktop\sts-5.1.1.RELEASE\plugins\org.eclipse.m2e.maven.runtime_3.9.1200.20260112-2306\jars\maven-repository-metadata-3.9.12.jar
2026-04-02 20:52:46,020 [Worker-119: Launching Executing clean in C__Users_user_Desktop_내지갑지키미_workspace_poormoney] INFO  o.eclipse.m2e.core.internal.Bundles - 	Entry: C:\Users\user\Desktop\sts-5.1.1.RELEASE\plugins\org.eclipse.m2e.maven.runtime_3.9.1200.20260112-2306\jars\maven-resolver-api-1.9.25.jar
2026-04-02 20:52:46,021 [Worker-119: Launching Executing clean in C__Users_user_Desktop_내지갑지키미_workspace_poormoney] INFO  o.eclipse.m2e.core.internal.Bundles - 	Entry: C:\Users\user\Desktop\sts-5.1.1.RELEASE\plugins\org.eclipse.m2e.maven.runtime_3.9.1200.20260112-2306\jars\maven-resolver-connector-basic-1.9.25.jar
2026-04-02 20:52:46,021 [Worker-119: Launching Executing clean in C__Users_user_Desktop_내지갑지키미_workspace_poormoney] INFO  o.eclipse.m2e.core.internal.Bundles - 	Entry: C:\Users\user\Desktop\sts-5.1.1.RELEASE\plugins\org.eclipse.m2e.maven.runtime_3.9.1200.20260112-2306\jars\maven-resolver-impl-1.9.25.jar
2026-04-02 20:52:46,021 [Worker-119: Launching Executing clean in C__Users_user_Desktop_내지갑지키미_workspace_poormoney] INFO  o.eclipse.m2e.core.internal.Bundles - 	Entry: C:\Users\user\Desktop\sts-5.1.1.RELEASE\plugins\org.eclipse.m2e.maven.runtime_3.9.1200.20260112-2306\jars\maven-resolver-named-locks-1.9.25.jar
2026-04-02 20:52:46,021 [Worker-119: Launching Executing clean in C__Users_user_Desktop_내지갑지키미_workspace_poormoney] INFO  o.eclipse.m2e.core.internal.Bundles - 	Entry: C:\Users\user\Desktop\sts-5.1.1.RELEASE\plugins\org.eclipse.m2e.maven.runtime_3.9.1200.20260112-2306\jars\maven-resolver-provider-3.9.12.jar
2026-04-02 20:52:46,021 [Worker-119: Launching Executing clean in C__Users_user_Desktop_내지갑지키미_workspace_poormoney] INFO  o.eclipse.m2e.core.internal.Bundles - 	Entry: C:\Users\user\Desktop\sts-5.1.1.RELEASE\plugins\org.eclipse.m2e.maven.runtime_3.9.1200.20260112-2306\jars\maven-resolver-spi-1.9.25.jar
2026-04-02 20:52:46,021 [Worker-119: Launching Executing clean in C__Users_user_Desktop_내지갑지키미_workspace_poormoney] INFO  o.eclipse.m2e.core.internal.Bundles - 	Entry: C:\Users\user\Desktop\sts-5.1.1.RELEASE\plugins\org.eclipse.m2e.maven.runtime_3.9.1200.20260112-2306\jars\maven-resolver-transport-file-1.9.25.jar
2026-04-02 20:52:46,021 [Worker-119: Launching Executing clean in C__Users_user_Desktop_내지갑지키미_workspace_poormoney] INFO  o.eclipse.m2e.core.internal.Bundles - 	Entry: C:\Users\user\Desktop\sts-5.1.1.RELEASE\plugins\org.eclipse.m2e.maven.runtime_3.9.1200.20260112-2306\jars\maven-resolver-transport-http-1.9.25.jar
2026-04-02 20:52:46,021 [Worker-119: Launching Executing clean in C__Users_user_Desktop_내지갑지키미_workspace_poormoney] INFO  o.eclipse.m2e.core.internal.Bundles - 	Entry: C:\Users\user\Desktop\sts-5.1.1.RELEASE\plugins\org.eclipse.m2e.maven.runtime_3.9.1200.20260112-2306\jars\maven-resolver-transport-wagon-1.9.25.jar
2026-04-02 20:52:46,021 [Worker-119: Launching Executing clean in C__Users_user_Desktop_내지갑지키미_workspace_poormoney] INFO  o.eclipse.m2e.core.internal.Bundles - 	Entry: C:\Users\user\Desktop\sts-5.1.1.RELEASE\plugins\org.eclipse.m2e.maven.runtime_3.9.1200.20260112-2306\jars\maven-resolver-util-1.9.25.jar
2026-04-02 20:52:46,021 [Worker-119: Launching Executing clean in C__Users_user_Desktop_내지갑지키미_workspace_poormoney] INFO  o.eclipse.m2e.core.internal.Bundles - 	Entry: C:\Users\user\Desktop\sts-5.1.1.RELEASE\plugins\org.eclipse.m2e.maven.runtime_3.9.1200.20260112-2306\jars\maven-settings-3.9.12.jar
2026-04-02 20:52:46,021 [Worker-119: Launching Executing clean in C__Users_user_Desktop_내지갑지키미_workspace_poormoney] INFO  o.eclipse.m2e.core.internal.Bundles - 	Entry: C:\Users\user\Desktop\sts-5.1.1.RELEASE\plugins\org.eclipse.m2e.maven.runtime_3.9.1200.20260112-2306\jars\maven-settings-builder-3.9.12.jar
2026-04-02 20:52:46,021 [Worker-119: Launching Executing clean in C__Users_user_Desktop_내지갑지키미_workspace_poormoney] INFO  o.eclipse.m2e.core.internal.Bundles - 	Entry: C:\Users\user\Desktop\sts-5.1.1.RELEASE\plugins\org.eclipse.m2e.maven.runtime_3.9.1200.20260112-2306\jars\maven-shared-utils-3.4.2.jar
2026-04-02 20:52:46,022 [Worker-119: Launching Executing clean in C__Users_user_Desktop_내지갑지키미_workspace_poormoney] INFO  o.eclipse.m2e.core.internal.Bundles - 	Entry: C:\Users\user\Desktop\sts-5.1.1.RELEASE\plugins\org.eclipse.m2e.maven.runtime_3.9.1200.20260112-2306\jars\org.eclipse.sisu.inject-0.9.0.M4.jar
2026-04-02 20:52:46,022 [Worker-119: Launching Executing clean in C__Users_user_Desktop_내지갑지키미_workspace_poormoney] INFO  o.eclipse.m2e.core.internal.Bundles - 	Entry: C:\Users\user\Desktop\sts-5.1.1.RELEASE\plugins\org.eclipse.m2e.maven.runtime_3.9.1200.20260112-2306\jars\org.eclipse.sisu.plexus-0.9.0.M4.jar
2026-04-02 20:52:46,022 [Worker-119: Launching Executing clean in C__Users_user_Desktop_내지갑지키미_workspace_poormoney] INFO  o.eclipse.m2e.core.internal.Bundles - 	Entry: C:\Users\user\Desktop\sts-5.1.1.RELEASE\plugins\org.eclipse.m2e.maven.runtime_3.9.1200.20260112-2306\jars\plexus-build-api-0.0.7.jar
2026-04-02 20:52:46,022 [Worker-119: Launching Executing clean in C__Users_user_Desktop_내지갑지키미_workspace_poormoney] INFO  o.eclipse.m2e.core.internal.Bundles - 	Entry: C:\Users\user\Desktop\sts-5.1.1.RELEASE\plugins\org.eclipse.m2e.maven.runtime_3.9.1200.20260112-2306\jars\plexus-build-api-1.2.0.jar
2026-04-02 20:52:46,022 [Worker-119: Launching Executing clean in C__Users_user_Desktop_내지갑지키미_workspace_poormoney] INFO  o.eclipse.m2e.core.internal.Bundles - 	Entry: C:\Users\user\Desktop\sts-5.1.1.RELEASE\plugins\org.eclipse.m2e.maven.runtime_3.9.1200.20260112-2306\jars\plexus-cipher-2.0.jar
2026-04-02 20:52:46,022 [Worker-119: Launching Executing clean in C__Users_user_Desktop_내지갑지키미_workspace_poormoney] INFO  o.eclipse.m2e.core.internal.Bundles - 	Entry: C:\Users\user\Desktop\sts-5.1.1.RELEASE\plugins\org.eclipse.m2e.maven.runtime_3.9.1200.20260112-2306\jars\plexus-classworlds-2.9.0.jar
2026-04-02 20:52:46,022 [Worker-119: Launching Executing clean in C__Users_user_Desktop_내지갑지키미_workspace_poormoney] INFO  o.eclipse.m2e.core.internal.Bundles - 	Entry: C:\Users\user\Desktop\sts-5.1.1.RELEASE\plugins\org.eclipse.m2e.maven.runtime_3.9.1200.20260112-2306\jars\plexus-component-annotations-2.2.0.jar
2026-04-02 20:52:46,022 [Worker-119: Launching Executing clean in C__Users_user_Desktop_내지갑지키미_workspace_poormoney] INFO  o.eclipse.m2e.core.internal.Bundles - 	Entry: C:\Users\user\Desktop\sts-5.1.1.RELEASE\plugins\org.eclipse.m2e.maven.runtime_3.9.1200.20260112-2306\jars\plexus-interpolation-1.29.jar
2026-04-02 20:52:46,023 [Worker-119: Launching Executing clean in C__Users_user_Desktop_내지갑지키미_workspace_poormoney] INFO  o.eclipse.m2e.core.internal.Bundles - 	Entry: C:\Users\user\Desktop\sts-5.1.1.RELEASE\plugins\org.eclipse.m2e.maven.runtime_3.9.1200.20260112-2306\jars\plexus-sec-dispatcher-2.0.jar
2026-04-02 20:52:46,023 [Worker-119: Launching Executing clean in C__Users_user_Desktop_내지갑지키미_workspace_poormoney] INFO  o.eclipse.m2e.core.internal.Bundles - 	Entry: C:\Users\user\Desktop\sts-5.1.1.RELEASE\plugins\org.eclipse.m2e.maven.runtime_3.9.1200.20260112-2306\jars\plexus-utils-3.6.0.jar
2026-04-02 20:52:46,023 [Worker-119: Launching Executing clean in C__Users_user_Desktop_내지갑지키미_workspace_poormoney] INFO  o.eclipse.m2e.core.internal.Bundles - 	Entry: C:\Users\user\Desktop\sts-5.1.1.RELEASE\plugins\org.eclipse.m2e.maven.runtime_3.9.1200.20260112-2306\jars\wagon-file-3.5.3.jar
2026-04-02 20:52:46,023 [Worker-119: Launching Executing clean in C__Users_user_Desktop_내지갑지키미_workspace_poormoney] INFO  o.eclipse.m2e.core.internal.Bundles - 	Entry: C:\Users\user\Desktop\sts-5.1.1.RELEASE\plugins\org.eclipse.m2e.maven.runtime_3.9.1200.20260112-2306\jars\wagon-http-3.5.3.jar
2026-04-02 20:52:46,023 [Worker-119: Launching Executing clean in C__Users_user_Desktop_내지갑지키미_workspace_poormoney] INFO  o.eclipse.m2e.core.internal.Bundles - 	Entry: C:\Users\user\Desktop\sts-5.1.1.RELEASE\plugins\org.eclipse.m2e.maven.runtime_3.9.1200.20260112-2306\jars\wagon-http-shared-3.5.3.jar
2026-04-02 20:52:46,023 [Worker-119: Launching Executing clean in C__Users_user_Desktop_내지갑지키미_workspace_poormoney] INFO  o.eclipse.m2e.core.internal.Bundles - 	Entry: C:\Users\user\Desktop\sts-5.1.1.RELEASE\plugins\org.eclipse.m2e.maven.runtime_3.9.1200.20260112-2306\jars\wagon-provider-api-3.5.3.jar
2026-04-02 20:52:46,023 [Worker-119: Launching Executing clean in C__Users_user_Desktop_내지갑지키미_workspace_poormoney] INFO  o.eclipse.m2e.core.internal.Bundles - getClasspathEntries(Bundle=com.google.guava_33.5.0.jre [31])
2026-04-02 20:52:46,024 [Worker-119: Launching Executing clean in C__Users_user_Desktop_내지갑지키미_workspace_poormoney] INFO  o.eclipse.m2e.core.internal.Bundles - 	Entry: C:\Users\user\Desktop\sts-5.1.1.RELEASE\plugins\com.google.guava_33.5.0.jre.jar
2026-04-02 20:52:46,024 [Worker-119: Launching Executing clean in C__Users_user_Desktop_내지갑지키미_workspace_poormoney] INFO  o.eclipse.m2e.core.internal.Bundles - getClasspathEntries(Bundle=slf4j.api_2.0.17 [620])
2026-04-02 20:52:46,024 [Worker-119: Launching Executing clean in C__Users_user_Desktop_내지갑지키미_workspace_poormoney] INFO  o.eclipse.m2e.core.internal.Bundles - 	Entry: C:\Users\user\Desktop\sts-5.1.1.RELEASE\plugins\slf4j.api_2.0.17.jar
2026-04-02 20:52:46,024 [Worker-119: Launching Executing clean in C__Users_user_Desktop_내지갑지키미_workspace_poormoney] INFO  o.eclipse.m2e.core.internal.Bundles - getClasspathEntries(Bundle=jakarta.inject.jakarta.inject-api_1.0.5 [46])
2026-04-02 20:52:46,025 [Worker-119: Launching Executing clean in C__Users_user_Desktop_내지갑지키미_workspace_poormoney] INFO  o.eclipse.m2e.core.internal.Bundles - 	Entry: C:\Users\user\Desktop\sts-5.1.1.RELEASE\plugins\jakarta.inject.jakarta.inject-api_1.0.5.jar
2026-04-02 20:52:46,025 [Worker-119: Launching Executing clean in C__Users_user_Desktop_내지갑지키미_workspace_poormoney] INFO  o.eclipse.m2e.core.internal.Bundles - getClasspathEntries(Bundle=jakarta.annotation-api_1.3.5 [43])
2026-04-02 20:52:46,025 [Worker-119: Launching Executing clean in C__Users_user_Desktop_내지갑지키미_workspace_poormoney] INFO  o.eclipse.m2e.core.internal.Bundles - 	Entry: C:\Users\user\Desktop\sts-5.1.1.RELEASE\plugins\jakarta.annotation-api_1.3.5.jar
2026-04-02 20:52:46,025 [Worker-119: Launching Executing clean in C__Users_user_Desktop_내지갑지키미_workspace_poormoney] INFO  o.eclipse.m2e.core.internal.Bundles - getClasspathEntries(Bundle=org.apache.commons.cli_1.11.0 [86])
2026-04-02 20:52:46,025 [Worker-119: Launching Executing clean in C__Users_user_Desktop_내지갑지키미_workspace_poormoney] INFO  o.eclipse.m2e.core.internal.Bundles - 	Entry: C:\Users\user\Desktop\sts-5.1.1.RELEASE\plugins\org.apache.commons.cli_1.11.0.jar
2026-04-02 20:52:46,025 [Worker-119: Launching Executing clean in C__Users_user_Desktop_내지갑지키미_workspace_poormoney] INFO  o.eclipse.m2e.core.internal.Bundles - getClasspathEntries(Bundle=org.apache.commons.commons-codec_1.21.0 [88])
2026-04-02 20:52:46,026 [Worker-119: Launching Executing clean in C__Users_user_Desktop_내지갑지키미_workspace_poormoney] INFO  o.eclipse.m2e.core.internal.Bundles - 	Entry: C:\Users\user\Desktop\sts-5.1.1.RELEASE\plugins\org.apache.commons.commons-codec_1.21.0.jar
2026-04-02 20:52:46,026 [Worker-119: Launching Executing clean in C__Users_user_Desktop_내지갑지키미_workspace_poormoney] INFO  o.eclipse.m2e.core.internal.Bundles - getClasspathEntries(Bundle=com.google.guava.failureaccess_1.0.3 [32])
2026-04-02 20:52:46,027 [Worker-119: Launching Executing clean in C__Users_user_Desktop_내지갑지키미_workspace_poormoney] INFO  o.eclipse.m2e.core.internal.Bundles - 	Entry: C:\Users\user\Desktop\sts-5.1.1.RELEASE\plugins\com.google.guava.failureaccess_1.0.3.jar
2026-04-02 20:52:46,028 [Worker-119: Launching Executing clean in C__Users_user_Desktop_내지갑지키미_workspace_poormoney] INFO  o.e.m.i.launch.MavenLaunchDelegate - Run build in "C:\Users\user\Desktop\내지갑지키미\workspace\poormoney":
2026-04-02 20:52:46,028 [Worker-119: Launching Executing clean in C__Users_user_Desktop_내지갑지키미_workspace_poormoney] INFO  o.e.m.i.launch.MavenLaunchDelegate -  mvn  -B -Dstyle.color=always clean
2026-04-02 20:52:47,529 [Worker-121: Building] INFO  o.a.m.s.f.DefaultMavenResourcesFiltering - Copying 1 resource from src\main\resources to target\classes
2026-04-02 20:52:47,530 [Worker-121: Building] INFO  o.a.m.s.f.DefaultMavenResourcesFiltering - Copying 1 resource from src\main\resources to target\classes
2026-04-02 20:52:47,533 [Worker-121: Building] INFO  o.a.m.s.f.DefaultMavenResourcesFiltering - skip non existing resourceDirectory C:\Users\user\Desktop\내지갑지키미\workspace\poormoney\src\test\resources
2026-04-02 20:52:47,542 [Worker-121: Building] WARN  o.apache.maven.project.MavenProject - Plugin is modifying compileSourceRoots through clear(), which will not work in Maven 4.0.0. Use MavenProject.addCompileSourceRoot()/removeCompileSourceRoot() methods instead. If using a plugin, please upgrade to the latest version or report the issue to the plugin maintainer. To disable these warnings, set -Dmaven.project.sourceRoots.warningsDisabled=true on the command line, in the .mvn/maven.config file, or in project POM properties.
2026-04-02 20:52:47,542 [Worker-121: Building] WARN  o.apache.maven.project.MavenProject - Plugin is modifying compileSourceRoots through add(), which will not work in Maven 4.0.0. Use MavenProject.addCompileSourceRoot()/removeCompileSourceRoot() methods instead. If using a plugin, please upgrade to the latest version or report the issue to the plugin maintainer. To disable these warnings, set -Dmaven.project.sourceRoots.warningsDisabled=true on the command line, in the .mvn/maven.config file, or in project POM properties.
2026-04-02 20:52:47,543 [Worker-121: Building] WARN  o.apache.maven.project.MavenProject - Plugin is modifying testCompileSourceRoots through clear(), which will not work in Maven 4.0.0. Use MavenProject.addTestCompileSourceRoot()/removeTestCompileSourceRoot() methods instead. If using a plugin, please upgrade to the latest version or report the issue to the plugin maintainer. To disable these warnings, set -Dmaven.project.sourceRoots.warningsDisabled=true on the command line, in the .mvn/maven.config file, or in project POM properties.
2026-04-02 20:52:47,543 [Worker-121: Building] WARN  o.apache.maven.project.MavenProject - Plugin is modifying testCompileSourceRoots through add(), which will not work in Maven 4.0.0. Use MavenProject.addTestCompileSourceRoot()/removeTestCompileSourceRoot() methods instead. If using a plugin, please upgrade to the latest version or report the issue to the plugin maintainer. To disable these warnings, set -Dmaven.project.sourceRoots.warningsDisabled=true on the command line, in the .mvn/maven.config file, or in project POM properties.
2026-04-02 20:52:51,939 [Worker-111: Launching Executing install in C__Users_user_Desktop_내지갑지키미_workspace_poormoney] INFO  o.eclipse.m2e.core.internal.Bundles - getClasspathEntries(Bundle=org.eclipse.m2e.maven.runtime_3.9.1200.20260112-2306 [372])
2026-04-02 20:52:51,939 [Worker-111: Launching Executing install in C__Users_user_Desktop_내지갑지키미_workspace_poormoney] INFO  o.eclipse.m2e.core.internal.Bundles - 	Entry: C:\Users\user\Desktop\sts-5.1.1.RELEASE\plugins\org.eclipse.m2e.maven.runtime_3.9.1200.20260112-2306
2026-04-02 20:52:51,940 [Worker-111: Launching Executing install in C__Users_user_Desktop_내지갑지키미_workspace_poormoney] INFO  o.eclipse.m2e.core.internal.Bundles - 	Entry: C:\Users\user\Desktop\sts-5.1.1.RELEASE\plugins\org.eclipse.m2e.maven.runtime_3.9.1200.20260112-2306\jars\aopalliance-1.0.jar
2026-04-02 20:52:51,940 [Worker-111: Launching Executing install in C__Users_user_Desktop_내지갑지키미_workspace_poormoney] INFO  o.eclipse.m2e.core.internal.Bundles - 	Entry: C:\Users\user\Desktop\sts-5.1.1.RELEASE\plugins\org.eclipse.m2e.maven.runtime_3.9.1200.20260112-2306\jars\asm-9.9.jar
2026-04-02 20:52:51,940 [Worker-111: Launching Executing install in C__Users_user_Desktop_내지갑지키미_workspace_poormoney] INFO  o.eclipse.m2e.core.internal.Bundles - 	Entry: C:\Users\user\Desktop\sts-5.1.1.RELEASE\plugins\org.eclipse.m2e.maven.runtime_3.9.1200.20260112-2306\jars\error_prone_annotations-2.41.0.jar
2026-04-02 20:52:51,940 [Worker-111: Launching Executing install in C__Users_user_Desktop_내지갑지키미_workspace_poormoney] INFO  o.eclipse.m2e.core.internal.Bundles - 	Entry: C:\Users\user\Desktop\sts-5.1.1.RELEASE\plugins\org.eclipse.m2e.maven.runtime_3.9.1200.20260112-2306\jars\gson-2.13.2.jar
2026-04-02 20:52:51,940 [Worker-111: Launching Executing install in C__Users_user_Desktop_내지갑지키미_workspace_poormoney] INFO  o.eclipse.m2e.core.internal.Bundles - 	Entry: C:\Users\user\Desktop\sts-5.1.1.RELEASE\plugins\org.eclipse.m2e.maven.runtime_3.9.1200.20260112-2306\jars\guice-5.1.0-classes.jar
2026-04-02 20:52:51,940 [Worker-111: Launching Executing install in C__Users_user_Desktop_내지갑지키미_workspace_poormoney] INFO  o.eclipse.m2e.core.internal.Bundles - 	Entry: C:\Users\user\Desktop\sts-5.1.1.RELEASE\plugins\org.eclipse.m2e.maven.runtime_3.9.1200.20260112-2306\jars\httpclient-4.5.14.jar
2026-04-02 20:52:51,940 [Worker-111: Launching Executing install in C__Users_user_Desktop_내지갑지키미_workspace_poormoney] INFO  o.eclipse.m2e.core.internal.Bundles - 	Entry: C:\Users\user\Desktop\sts-5.1.1.RELEASE\plugins\org.eclipse.m2e.maven.runtime_3.9.1200.20260112-2306\jars\httpcore-4.4.16.jar
2026-04-02 20:52:51,941 [Worker-111: Launching Executing install in C__Users_user_Desktop_내지갑지키미_workspace_poormoney] INFO  o.eclipse.m2e.core.internal.Bundles - 	Entry: C:\Users\user\Desktop\sts-5.1.1.RELEASE\plugins\org.eclipse.m2e.maven.runtime_3.9.1200.20260112-2306\jars\jansi-2.4.2.jar
2026-04-02 20:52:51,941 [Worker-111: Launching Executing install in C__Users_user_Desktop_내지갑지키미_workspace_poormoney] INFO  o.eclipse.m2e.core.internal.Bundles - 	Entry: C:\Users\user\Desktop\sts-5.1.1.RELEASE\plugins\org.eclipse.m2e.maven.runtime_3.9.1200.20260112-2306\jars\jcl-over-slf4j-1.7.36.jar
2026-04-02 20:52:51,941 [Worker-111: Launching Executing install in C__Users_user_Desktop_내지갑지키미_workspace_poormoney] INFO  o.eclipse.m2e.core.internal.Bundles - 	Entry: C:\Users\user\Desktop\sts-5.1.1.RELEASE\plugins\org.eclipse.m2e.maven.runtime_3.9.1200.20260112-2306\jars\maven-artifact-3.9.12.jar
2026-04-02 20:52:51,941 [Worker-111: Launching Executing install in C__Users_user_Desktop_내지갑지키미_workspace_poormoney] INFO  o.eclipse.m2e.core.internal.Bundles - 	Entry: C:\Users\user\Desktop\sts-5.1.1.RELEASE\plugins\org.eclipse.m2e.maven.runtime_3.9.1200.20260112-2306\jars\maven-builder-support-3.9.12.jar
2026-04-02 20:52:51,941 [Worker-111: Launching Executing install in C__Users_user_Desktop_내지갑지키미_workspace_poormoney] INFO  o.eclipse.m2e.core.internal.Bundles - 	Entry: C:\Users\user\Desktop\sts-5.1.1.RELEASE\plugins\org.eclipse.m2e.maven.runtime_3.9.1200.20260112-2306\jars\maven-compat-3.9.12.jar
2026-04-02 20:52:51,941 [Worker-111: Launching Executing install in C__Users_user_Desktop_내지갑지키미_workspace_poormoney] INFO  o.eclipse.m2e.core.internal.Bundles - 	Entry: C:\Users\user\Desktop\sts-5.1.1.RELEASE\plugins\org.eclipse.m2e.maven.runtime_3.9.1200.20260112-2306\jars\maven-core-3.9.12.jar
2026-04-02 20:52:51,941 [Worker-111: Launching Executing install in C__Users_user_Desktop_내지갑지키미_workspace_poormoney] INFO  o.eclipse.m2e.core.internal.Bundles - 	Entry: C:\Users\user\Desktop\sts-5.1.1.RELEASE\plugins\org.eclipse.m2e.maven.runtime_3.9.1200.20260112-2306\jars\maven-embedder-3.9.12.jar
2026-04-02 20:52:51,941 [Worker-111: Launching Executing install in C__Users_user_Desktop_내지갑지키미_workspace_poormoney] INFO  o.eclipse.m2e.core.internal.Bundles - 	Entry: C:\Users\user\Desktop\sts-5.1.1.RELEASE\plugins\org.eclipse.m2e.maven.runtime_3.9.1200.20260112-2306\jars\maven-model-3.9.12.jar
2026-04-02 20:52:51,941 [Worker-111: Launching Executing install in C__Users_user_Desktop_내지갑지키미_workspace_poormoney] INFO  o.eclipse.m2e.core.internal.Bundles - 	Entry: C:\Users\user\Desktop\sts-5.1.1.RELEASE\plugins\org.eclipse.m2e.maven.runtime_3.9.1200.20260112-2306\jars\maven-model-builder-3.9.12.jar
2026-04-02 20:52:51,942 [Worker-111: Launching Executing install in C__Users_user_Desktop_내지갑지키미_workspace_poormoney] INFO  o.eclipse.m2e.core.internal.Bundles - 	Entry: C:\Users\user\Desktop\sts-5.1.1.RELEASE\plugins\org.eclipse.m2e.maven.runtime_3.9.1200.20260112-2306\jars\maven-plugin-api-3.9.12.jar
2026-04-02 20:52:51,942 [Worker-111: Launching Executing install in C__Users_user_Desktop_내지갑지키미_workspace_poormoney] INFO  o.eclipse.m2e.core.internal.Bundles - 	Entry: C:\Users\user\Desktop\sts-5.1.1.RELEASE\plugins\org.eclipse.m2e.maven.runtime_3.9.1200.20260112-2306\jars\maven-repository-metadata-3.9.12.jar
2026-04-02 20:52:51,942 [Worker-111: Launching Executing install in C__Users_user_Desktop_내지갑지키미_workspace_poormoney] INFO  o.eclipse.m2e.core.internal.Bundles - 	Entry: C:\Users\user\Desktop\sts-5.1.1.RELEASE\plugins\org.eclipse.m2e.maven.runtime_3.9.1200.20260112-2306\jars\maven-resolver-api-1.9.25.jar
2026-04-02 20:52:51,942 [Worker-111: Launching Executing install in C__Users_user_Desktop_내지갑지키미_workspace_poormoney] INFO  o.eclipse.m2e.core.internal.Bundles - 	Entry: C:\Users\user\Desktop\sts-5.1.1.RELEASE\plugins\org.eclipse.m2e.maven.runtime_3.9.1200.20260112-2306\jars\maven-resolver-connector-basic-1.9.25.jar
2026-04-02 20:52:51,943 [Worker-111: Launching Executing install in C__Users_user_Desktop_내지갑지키미_workspace_poormoney] INFO  o.eclipse.m2e.core.internal.Bundles - 	Entry: C:\Users\user\Desktop\sts-5.1.1.RELEASE\plugins\org.eclipse.m2e.maven.runtime_3.9.1200.20260112-2306\jars\maven-resolver-impl-1.9.25.jar
2026-04-02 20:52:51,943 [Worker-111: Launching Executing install in C__Users_user_Desktop_내지갑지키미_workspace_poormoney] INFO  o.eclipse.m2e.core.internal.Bundles - 	Entry: C:\Users\user\Desktop\sts-5.1.1.RELEASE\plugins\org.eclipse.m2e.maven.runtime_3.9.1200.20260112-2306\jars\maven-resolver-named-locks-1.9.25.jar
2026-04-02 20:52:51,943 [Worker-111: Launching Executing install in C__Users_user_Desktop_내지갑지키미_workspace_poormoney] INFO  o.eclipse.m2e.core.internal.Bundles - 	Entry: C:\Users\user\Desktop\sts-5.1.1.RELEASE\plugins\org.eclipse.m2e.maven.runtime_3.9.1200.20260112-2306\jars\maven-resolver-provider-3.9.12.jar
2026-04-02 20:52:51,943 [Worker-111: Launching Executing install in C__Users_user_Desktop_내지갑지키미_workspace_poormoney] INFO  o.eclipse.m2e.core.internal.Bundles - 	Entry: C:\Users\user\Desktop\sts-5.1.1.RELEASE\plugins\org.eclipse.m2e.maven.runtime_3.9.1200.20260112-2306\jars\maven-resolver-spi-1.9.25.jar
2026-04-02 20:52:51,943 [Worker-111: Launching Executing install in C__Users_user_Desktop_내지갑지키미_workspace_poormoney] INFO  o.eclipse.m2e.core.internal.Bundles - 	Entry: C:\Users\user\Desktop\sts-5.1.1.RELEASE\plugins\org.eclipse.m2e.maven.runtime_3.9.1200.20260112-2306\jars\maven-resolver-transport-file-1.9.25.jar
2026-04-02 20:52:51,943 [Worker-111: Launching Executing install in C__Users_user_Desktop_내지갑지키미_workspace_poormoney] INFO  o.eclipse.m2e.core.internal.Bundles - 	Entry: C:\Users\user\Desktop\sts-5.1.1.RELEASE\plugins\org.eclipse.m2e.maven.runtime_3.9.1200.20260112-2306\jars\maven-resolver-transport-http-1.9.25.jar
2026-04-02 20:52:51,943 [Worker-111: Launching Executing install in C__Users_user_Desktop_내지갑지키미_workspace_poormoney] INFO  o.eclipse.m2e.core.internal.Bundles - 	Entry: C:\Users\user\Desktop\sts-5.1.1.RELEASE\plugins\org.eclipse.m2e.maven.runtime_3.9.1200.20260112-2306\jars\maven-resolver-transport-wagon-1.9.25.jar
2026-04-02 20:52:51,943 [Worker-111: Launching Executing install in C__Users_user_Desktop_내지갑지키미_workspace_poormoney] INFO  o.eclipse.m2e.core.internal.Bundles - 	Entry: C:\Users\user\Desktop\sts-5.1.1.RELEASE\plugins\org.eclipse.m2e.maven.runtime_3.9.1200.20260112-2306\jars\maven-resolver-util-1.9.25.jar
2026-04-02 20:52:51,943 [Worker-111: Launching Executing install in C__Users_user_Desktop_내지갑지키미_workspace_poormoney] INFO  o.eclipse.m2e.core.internal.Bundles - 	Entry: C:\Users\user\Desktop\sts-5.1.1.RELEASE\plugins\org.eclipse.m2e.maven.runtime_3.9.1200.20260112-2306\jars\maven-settings-3.9.12.jar
2026-04-02 20:52:51,944 [Worker-111: Launching Executing install in C__Users_user_Desktop_내지갑지키미_workspace_poormoney] INFO  o.eclipse.m2e.core.internal.Bundles - 	Entry: C:\Users\user\Desktop\sts-5.1.1.RELEASE\plugins\org.eclipse.m2e.maven.runtime_3.9.1200.20260112-2306\jars\maven-settings-builder-3.9.12.jar
2026-04-02 20:52:51,944 [Worker-111: Launching Executing install in C__Users_user_Desktop_내지갑지키미_workspace_poormoney] INFO  o.eclipse.m2e.core.internal.Bundles - 	Entry: C:\Users\user\Desktop\sts-5.1.1.RELEASE\plugins\org.eclipse.m2e.maven.runtime_3.9.1200.20260112-2306\jars\maven-shared-utils-3.4.2.jar
2026-04-02 20:52:51,944 [Worker-111: Launching Executing install in C__Users_user_Desktop_내지갑지키미_workspace_poormoney] INFO  o.eclipse.m2e.core.internal.Bundles - 	Entry: C:\Users\user\Desktop\sts-5.1.1.RELEASE\plugins\org.eclipse.m2e.maven.runtime_3.9.1200.20260112-2306\jars\org.eclipse.sisu.inject-0.9.0.M4.jar
2026-04-02 20:52:51,944 [Worker-111: Launching Executing install in C__Users_user_Desktop_내지갑지키미_workspace_poormoney] INFO  o.eclipse.m2e.core.internal.Bundles - 	Entry: C:\Users\user\Desktop\sts-5.1.1.RELEASE\plugins\org.eclipse.m2e.maven.runtime_3.9.1200.20260112-2306\jars\org.eclipse.sisu.plexus-0.9.0.M4.jar
2026-04-02 20:52:51,944 [Worker-111: Launching Executing install in C__Users_user_Desktop_내지갑지키미_workspace_poormoney] INFO  o.eclipse.m2e.core.internal.Bundles - 	Entry: C:\Users\user\Desktop\sts-5.1.1.RELEASE\plugins\org.eclipse.m2e.maven.runtime_3.9.1200.20260112-2306\jars\plexus-build-api-0.0.7.jar
2026-04-02 20:52:51,944 [Worker-111: Launching Executing install in C__Users_user_Desktop_내지갑지키미_workspace_poormoney] INFO  o.eclipse.m2e.core.internal.Bundles - 	Entry: C:\Users\user\Desktop\sts-5.1.1.RELEASE\plugins\org.eclipse.m2e.maven.runtime_3.9.1200.20260112-2306\jars\plexus-build-api-1.2.0.jar
2026-04-02 20:52:51,944 [Worker-111: Launching Executing install in C__Users_user_Desktop_내지갑지키미_workspace_poormoney] INFO  o.eclipse.m2e.core.internal.Bundles - 	Entry: C:\Users\user\Desktop\sts-5.1.1.RELEASE\plugins\org.eclipse.m2e.maven.runtime_3.9.1200.20260112-2306\jars\plexus-cipher-2.0.jar
2026-04-02 20:52:51,944 [Worker-111: Launching Executing install in C__Users_user_Desktop_내지갑지키미_workspace_poormoney] INFO  o.eclipse.m2e.core.internal.Bundles - 	Entry: C:\Users\user\Desktop\sts-5.1.1.RELEASE\plugins\org.eclipse.m2e.maven.runtime_3.9.1200.20260112-2306\jars\plexus-classworlds-2.9.0.jar
2026-04-02 20:52:51,945 [Worker-111: Launching Executing install in C__Users_user_Desktop_내지갑지키미_workspace_poormoney] INFO  o.eclipse.m2e.core.internal.Bundles - 	Entry: C:\Users\user\Desktop\sts-5.1.1.RELEASE\plugins\org.eclipse.m2e.maven.runtime_3.9.1200.20260112-2306\jars\plexus-component-annotations-2.2.0.jar
2026-04-02 20:52:51,945 [Worker-111: Launching Executing install in C__Users_user_Desktop_내지갑지키미_workspace_poormoney] INFO  o.eclipse.m2e.core.internal.Bundles - 	Entry: C:\Users\user\Desktop\sts-5.1.1.RELEASE\plugins\org.eclipse.m2e.maven.runtime_3.9.1200.20260112-2306\jars\plexus-interpolation-1.29.jar
2026-04-02 20:52:51,945 [Worker-111: Launching Executing install in C__Users_user_Desktop_내지갑지키미_workspace_poormoney] INFO  o.eclipse.m2e.core.internal.Bundles - 	Entry: C:\Users\user\Desktop\sts-5.1.1.RELEASE\plugins\org.eclipse.m2e.maven.runtime_3.9.1200.20260112-2306\jars\plexus-sec-dispatcher-2.0.jar
2026-04-02 20:52:51,945 [Worker-111: Launching Executing install in C__Users_user_Desktop_내지갑지키미_workspace_poormoney] INFO  o.eclipse.m2e.core.internal.Bundles - 	Entry: C:\Users\user\Desktop\sts-5.1.1.RELEASE\plugins\org.eclipse.m2e.maven.runtime_3.9.1200.20260112-2306\jars\plexus-utils-3.6.0.jar
2026-04-02 20:52:51,945 [Worker-111: Launching Executing install in C__Users_user_Desktop_내지갑지키미_workspace_poormoney] INFO  o.eclipse.m2e.core.internal.Bundles - 	Entry: C:\Users\user\Desktop\sts-5.1.1.RELEASE\plugins\org.eclipse.m2e.maven.runtime_3.9.1200.20260112-2306\jars\wagon-file-3.5.3.jar
2026-04-02 20:52:51,945 [Worker-111: Launching Executing install in C__Users_user_Desktop_내지갑지키미_workspace_poormoney] INFO  o.eclipse.m2e.core.internal.Bundles - 	Entry: C:\Users\user\Desktop\sts-5.1.1.RELEASE\plugins\org.eclipse.m2e.maven.runtime_3.9.1200.20260112-2306\jars\wagon-http-3.5.3.jar
2026-04-02 20:52:51,945 [Worker-111: Launching Executing install in C__Users_user_Desktop_내지갑지키미_workspace_poormoney] INFO  o.eclipse.m2e.core.internal.Bundles - 	Entry: C:\Users\user\Desktop\sts-5.1.1.RELEASE\plugins\org.eclipse.m2e.maven.runtime_3.9.1200.20260112-2306\jars\wagon-http-shared-3.5.3.jar
2026-04-02 20:52:51,945 [Worker-111: Launching Executing install in C__Users_user_Desktop_내지갑지키미_workspace_poormoney] INFO  o.eclipse.m2e.core.internal.Bundles - 	Entry: C:\Users\user\Desktop\sts-5.1.1.RELEASE\plugins\org.eclipse.m2e.maven.runtime_3.9.1200.20260112-2306\jars\wagon-provider-api-3.5.3.jar
2026-04-02 20:52:51,946 [Worker-111: Launching Executing install in C__Users_user_Desktop_내지갑지키미_workspace_poormoney] INFO  o.eclipse.m2e.core.internal.Bundles - getClasspathEntries(Bundle=com.google.guava_33.5.0.jre [31])
2026-04-02 20:52:51,946 [Worker-111: Launching Executing install in C__Users_user_Desktop_내지갑지키미_workspace_poormoney] INFO  o.eclipse.m2e.core.internal.Bundles - 	Entry: C:\Users\user\Desktop\sts-5.1.1.RELEASE\plugins\com.google.guava_33.5.0.jre.jar
2026-04-02 20:52:51,946 [Worker-111: Launching Executing install in C__Users_user_Desktop_내지갑지키미_workspace_poormoney] INFO  o.eclipse.m2e.core.internal.Bundles - getClasspathEntries(Bundle=slf4j.api_2.0.17 [620])
2026-04-02 20:52:51,946 [Worker-111: Launching Executing install in C__Users_user_Desktop_내지갑지키미_workspace_poormoney] INFO  o.eclipse.m2e.core.internal.Bundles - 	Entry: C:\Users\user\Desktop\sts-5.1.1.RELEASE\plugins\slf4j.api_2.0.17.jar
2026-04-02 20:52:51,946 [Worker-111: Launching Executing install in C__Users_user_Desktop_내지갑지키미_workspace_poormoney] INFO  o.eclipse.m2e.core.internal.Bundles - getClasspathEntries(Bundle=jakarta.inject.jakarta.inject-api_1.0.5 [46])
2026-04-02 20:52:51,947 [Worker-111: Launching Executing install in C__Users_user_Desktop_내지갑지키미_workspace_poormoney] INFO  o.eclipse.m2e.core.internal.Bundles - 	Entry: C:\Users\user\Desktop\sts-5.1.1.RELEASE\plugins\jakarta.inject.jakarta.inject-api_1.0.5.jar
2026-04-02 20:52:51,947 [Worker-111: Launching Executing install in C__Users_user_Desktop_내지갑지키미_workspace_poormoney] INFO  o.eclipse.m2e.core.internal.Bundles - getClasspathEntries(Bundle=jakarta.annotation-api_1.3.5 [43])
2026-04-02 20:52:51,947 [Worker-111: Launching Executing install in C__Users_user_Desktop_내지갑지키미_workspace_poormoney] INFO  o.eclipse.m2e.core.internal.Bundles - 	Entry: C:\Users\user\Desktop\sts-5.1.1.RELEASE\plugins\jakarta.annotation-api_1.3.5.jar
2026-04-02 20:52:51,947 [Worker-111: Launching Executing install in C__Users_user_Desktop_내지갑지키미_workspace_poormoney] INFO  o.eclipse.m2e.core.internal.Bundles - getClasspathEntries(Bundle=org.apache.commons.cli_1.11.0 [86])
2026-04-02 20:52:51,947 [Worker-111: Launching Executing install in C__Users_user_Desktop_내지갑지키미_workspace_poormoney] INFO  o.eclipse.m2e.core.internal.Bundles - 	Entry: C:\Users\user\Desktop\sts-5.1.1.RELEASE\plugins\org.apache.commons.cli_1.11.0.jar
2026-04-02 20:52:51,947 [Worker-111: Launching Executing install in C__Users_user_Desktop_내지갑지키미_workspace_poormoney] INFO  o.eclipse.m2e.core.internal.Bundles - getClasspathEntries(Bundle=org.apache.commons.commons-codec_1.21.0 [88])
2026-04-02 20:52:51,948 [Worker-111: Launching Executing install in C__Users_user_Desktop_내지갑지키미_workspace_poormoney] INFO  o.eclipse.m2e.core.internal.Bundles - 	Entry: C:\Users\user\Desktop\sts-5.1.1.RELEASE\plugins\org.apache.commons.commons-codec_1.21.0.jar
2026-04-02 20:52:51,948 [Worker-111: Launching Executing install in C__Users_user_Desktop_내지갑지키미_workspace_poormoney] INFO  o.eclipse.m2e.core.internal.Bundles - getClasspathEntries(Bundle=com.google.guava.failureaccess_1.0.3 [32])
2026-04-02 20:52:51,948 [Worker-111: Launching Executing install in C__Users_user_Desktop_내지갑지키미_workspace_poormoney] INFO  o.eclipse.m2e.core.internal.Bundles - 	Entry: C:\Users\user\Desktop\sts-5.1.1.RELEASE\plugins\com.google.guava.failureaccess_1.0.3.jar
2026-04-02 20:52:51,949 [Worker-111: Launching Executing install in C__Users_user_Desktop_내지갑지키미_workspace_poormoney] INFO  o.e.m.i.launch.MavenLaunchDelegate - Run build in "C:\Users\user\Desktop\내지갑지키미\workspace\poormoney":
2026-04-02 20:52:51,949 [Worker-111: Launching Executing install in C__Users_user_Desktop_내지갑지키미_workspace_poormoney] INFO  o.e.m.i.launch.MavenLaunchDelegate -  mvn  -B -Dstyle.color=always install
2026-04-02 20:52:58,614 [Worker-122: Updating Maven Project] INFO  o.e.m.c.i.p.ProjectConfigurationManager - Update started
2026-04-02 20:52:58,802 [Worker-122: Updating Maven Project] INFO  o.e.m.c.i.l.LifecycleMappingFactory - Using org.eclipse.m2e.jdt.JarLifecycleMapping lifecycle mapping for MavenProject: poormoney:poormoney:0.0.1-SNAPSHOT @ C:\Users\user\Desktop\내지갑지키미\workspace\poormoney\pom.xml.
2026-04-02 20:52:59,153 [Worker-122: Updating Maven Project] INFO  o.e.m.j.i.AbstractJavaProjectConfigurator - Adding source folder /poormoney/src/main/java
2026-04-02 20:52:59,153 [Worker-122: Updating Maven Project] INFO  o.e.m.j.i.AbstractJavaProjectConfigurator - Adding resource folder /poormoney/src/main/resources
2026-04-02 20:52:59,154 [Worker-122: Updating Maven Project] INFO  o.e.m.j.i.AbstractJavaProjectConfigurator - Adding resource folder /poormoney/src/main/resources
2026-04-02 20:52:59,154 [Worker-122: Updating Maven Project] INFO  o.e.m.j.i.AbstractJavaProjectConfigurator - Adding source folder /poormoney/src/test/java
2026-04-02 20:52:59,155 [Worker-122: Updating Maven Project] INFO  o.e.m.j.i.AbstractJavaProjectConfigurator - Adding resource folder /poormoney/src/test/resources
2026-04-02 20:52:59,359 [Worker-122: Updating Maven Project] WARN  o.apache.maven.project.MavenProject - Plugin is modifying compileSourceRoots through clear(), which will not work in Maven 4.0.0. Use MavenProject.addCompileSourceRoot()/removeCompileSourceRoot() methods instead. If using a plugin, please upgrade to the latest version or report the issue to the plugin maintainer. To disable these warnings, set -Dmaven.project.sourceRoots.warningsDisabled=true on the command line, in the .mvn/maven.config file, or in project POM properties.
2026-04-02 20:52:59,359 [Worker-122: Updating Maven Project] WARN  o.apache.maven.project.MavenProject - Plugin is modifying compileSourceRoots through add(), which will not work in Maven 4.0.0. Use MavenProject.addCompileSourceRoot()/removeCompileSourceRoot() methods instead. If using a plugin, please upgrade to the latest version or report the issue to the plugin maintainer. To disable these warnings, set -Dmaven.project.sourceRoots.warningsDisabled=true on the command line, in the .mvn/maven.config file, or in project POM properties.
2026-04-02 20:52:59,360 [Worker-122: Updating Maven Project] WARN  o.apache.maven.project.MavenProject - Plugin is modifying testCompileSourceRoots through clear(), which will not work in Maven 4.0.0. Use MavenProject.addTestCompileSourceRoot()/removeTestCompileSourceRoot() methods instead. If using a plugin, please upgrade to the latest version or report the issue to the plugin maintainer. To disable these warnings, set -Dmaven.project.sourceRoots.warningsDisabled=true on the command line, in the .mvn/maven.config file, or in project POM properties.
2026-04-02 20:52:59,360 [Worker-122: Updating Maven Project] WARN  o.apache.maven.project.MavenProject - Plugin is modifying testCompileSourceRoots through add(), which will not work in Maven 4.0.0. Use MavenProject.addTestCompileSourceRoot()/removeTestCompileSourceRoot() methods instead. If using a plugin, please upgrade to the latest version or report the issue to the plugin maintainer. To disable these warnings, set -Dmaven.project.sourceRoots.warningsDisabled=true on the command line, in the .mvn/maven.config file, or in project POM properties.
2026-04-02 20:52:59,708 [Worker-122: Updating Maven Project] INFO  o.e.m.c.i.p.ProjectConfigurationManager - Update completed for 1 poms: local refresh takes 0.00 sec, refresh facades takes 0.00 sec, update config takes 0.00 sec 
2026-04-02 20:53:00,086 [Worker-122: Building] INFO  o.a.m.s.f.DefaultMavenResourcesFiltering - Copying 1 resource from src\main\resources to target\classes
2026-04-02 20:53:00,092 [Worker-122: Building] INFO  o.a.m.s.f.DefaultMavenResourcesFiltering - Copying 1 resource from src\main\resources to target\classes
2026-04-02 20:53:00,097 [Worker-122: Building] INFO  o.a.m.s.f.DefaultMavenResourcesFiltering - skip non existing resourceDirectory C:\Users\user\Desktop\내지갑지키미\workspace\poormoney\src\test\resources
2026-04-02 20:53:00,186 [Worker-122: Building] WARN  o.apache.maven.project.MavenProject - Plugin is modifying compileSourceRoots through clear(), which will not work in Maven 4.0.0. Use MavenProject.addCompileSourceRoot()/removeCompileSourceRoot() methods instead. If using a plugin, please upgrade to the latest version or report the issue to the plugin maintainer. To disable these warnings, set -Dmaven.project.sourceRoots.warningsDisabled=true on the command line, in the .mvn/maven.config file, or in project POM properties.
2026-04-02 20:53:00,187 [Worker-122: Building] WARN  o.apache.maven.project.MavenProject - Plugin is modifying compileSourceRoots through add(), which will not work in Maven 4.0.0. Use MavenProject.addCompileSourceRoot()/removeCompileSourceRoot() methods instead. If using a plugin, please upgrade to the latest version or report the issue to the plugin maintainer. To disable these warnings, set -Dmaven.project.sourceRoots.warningsDisabled=true on the command line, in the .mvn/maven.config file, or in project POM properties.
2026-04-02 20:53:00,187 [Worker-122: Building] WARN  o.apache.maven.project.MavenProject - Plugin is modifying testCompileSourceRoots through clear(), which will not work in Maven 4.0.0. Use MavenProject.addTestCompileSourceRoot()/removeTestCompileSourceRoot() methods instead. If using a plugin, please upgrade to the latest version or report the issue to the plugin maintainer. To disable these warnings, set -Dmaven.project.sourceRoots.warningsDisabled=true on the command line, in the .mvn/maven.config file, or in project POM properties.
2026-04-02 20:53:00,188 [Worker-122: Building] WARN  o.apache.maven.project.MavenProject - Plugin is modifying testCompileSourceRoots through add(), which will not work in Maven 4.0.0. Use MavenProject.addTestCompileSourceRoot()/removeTestCompileSourceRoot() methods instead. If using a plugin, please upgrade to the latest version or report the issue to the plugin maintainer. To disable these warnings, set -Dmaven.project.sourceRoots.warningsDisabled=true on the command line, in the .mvn/maven.config file, or in project POM properties.
2026-04-02 21:09:47,428 [main] INFO  o.e.m2e.actions.ExecutePomAction - Creating new launch configuration
2026-04-02 21:09:56,256 [main] INFO  o.e.m2e.actions.ExecutePomAction - Creating new launch configuration
2026-04-02 21:10:08,222 [Worker-119: Launching poormoney (12)] INFO  o.eclipse.m2e.core.internal.Bundles - getClasspathEntries(Bundle=org.eclipse.m2e.maven.runtime_3.9.1200.20260112-2306 [372])
2026-04-02 21:10:08,223 [Worker-119: Launching poormoney (12)] INFO  o.eclipse.m2e.core.internal.Bundles - 	Entry: C:\Users\user\Desktop\sts-5.1.1.RELEASE\plugins\org.eclipse.m2e.maven.runtime_3.9.1200.20260112-2306
2026-04-02 21:10:08,223 [Worker-119: Launching poormoney (12)] INFO  o.eclipse.m2e.core.internal.Bundles - 	Entry: C:\Users\user\Desktop\sts-5.1.1.RELEASE\plugins\org.eclipse.m2e.maven.runtime_3.9.1200.20260112-2306\jars\aopalliance-1.0.jar
2026-04-02 21:10:08,223 [Worker-119: Launching poormoney (12)] INFO  o.eclipse.m2e.core.internal.Bundles - 	Entry: C:\Users\user\Desktop\sts-5.1.1.RELEASE\plugins\org.eclipse.m2e.maven.runtime_3.9.1200.20260112-2306\jars\asm-9.9.jar
2026-04-02 21:10:08,223 [Worker-119: Launching poormoney (12)] INFO  o.eclipse.m2e.core.internal.Bundles - 	Entry: C:\Users\user\Desktop\sts-5.1.1.RELEASE\plugins\org.eclipse.m2e.maven.runtime_3.9.1200.20260112-2306\jars\error_prone_annotations-2.41.0.jar
2026-04-02 21:10:08,224 [Worker-119: Launching poormoney (12)] INFO  o.eclipse.m2e.core.internal.Bundles - 	Entry: C:\Users\user\Desktop\sts-5.1.1.RELEASE\plugins\org.eclipse.m2e.maven.runtime_3.9.1200.20260112-2306\jars\gson-2.13.2.jar
2026-04-02 21:10:08,224 [Worker-119: Launching poormoney (12)] INFO  o.eclipse.m2e.core.internal.Bundles - 	Entry: C:\Users\user\Desktop\sts-5.1.1.RELEASE\plugins\org.eclipse.m2e.maven.runtime_3.9.1200.20260112-2306\jars\guice-5.1.0-classes.jar
2026-04-02 21:10:08,224 [Worker-119: Launching poormoney (12)] INFO  o.eclipse.m2e.core.internal.Bundles - 	Entry: C:\Users\user\Desktop\sts-5.1.1.RELEASE\plugins\org.eclipse.m2e.maven.runtime_3.9.1200.20260112-2306\jars\httpclient-4.5.14.jar
2026-04-02 21:10:08,224 [Worker-119: Launching poormoney (12)] INFO  o.eclipse.m2e.core.internal.Bundles - 	Entry: C:\Users\user\Desktop\sts-5.1.1.RELEASE\plugins\org.eclipse.m2e.maven.runtime_3.9.1200.20260112-2306\jars\httpcore-4.4.16.jar
2026-04-02 21:10:08,224 [Worker-119: Launching poormoney (12)] INFO  o.eclipse.m2e.core.internal.Bundles - 	Entry: C:\Users\user\Desktop\sts-5.1.1.RELEASE\plugins\org.eclipse.m2e.maven.runtime_3.9.1200.20260112-2306\jars\jansi-2.4.2.jar
2026-04-02 21:10:08,224 [Worker-119: Launching poormoney (12)] INFO  o.eclipse.m2e.core.internal.Bundles - 	Entry: C:\Users\user\Desktop\sts-5.1.1.RELEASE\plugins\org.eclipse.m2e.maven.runtime_3.9.1200.20260112-2306\jars\jcl-over-slf4j-1.7.36.jar
2026-04-02 21:10:08,224 [Worker-119: Launching poormoney (12)] INFO  o.eclipse.m2e.core.internal.Bundles - 	Entry: C:\Users\user\Desktop\sts-5.1.1.RELEASE\plugins\org.eclipse.m2e.maven.runtime_3.9.1200.20260112-2306\jars\maven-artifact-3.9.12.jar
2026-04-02 21:10:08,224 [Worker-119: Launching poormoney (12)] INFO  o.eclipse.m2e.core.internal.Bundles - 	Entry: C:\Users\user\Desktop\sts-5.1.1.RELEASE\plugins\org.eclipse.m2e.maven.runtime_3.9.1200.20260112-2306\jars\maven-builder-support-3.9.12.jar
2026-04-02 21:10:08,225 [Worker-119: Launching poormoney (12)] INFO  o.eclipse.m2e.core.internal.Bundles - 	Entry: C:\Users\user\Desktop\sts-5.1.1.RELEASE\plugins\org.eclipse.m2e.maven.runtime_3.9.1200.20260112-2306\jars\maven-compat-3.9.12.jar
2026-04-02 21:10:08,225 [Worker-119: Launching poormoney (12)] INFO  o.eclipse.m2e.core.internal.Bundles - 	Entry: C:\Users\user\Desktop\sts-5.1.1.RELEASE\plugins\org.eclipse.m2e.maven.runtime_3.9.1200.20260112-2306\jars\maven-core-3.9.12.jar
2026-04-02 21:10:08,225 [Worker-119: Launching poormoney (12)] INFO  o.eclipse.m2e.core.internal.Bundles - 	Entry: C:\Users\user\Desktop\sts-5.1.1.RELEASE\plugins\org.eclipse.m2e.maven.runtime_3.9.1200.20260112-2306\jars\maven-embedder-3.9.12.jar
2026-04-02 21:10:08,225 [Worker-119: Launching poormoney (12)] INFO  o.eclipse.m2e.core.internal.Bundles - 	Entry: C:\Users\user\Desktop\sts-5.1.1.RELEASE\plugins\org.eclipse.m2e.maven.runtime_3.9.1200.20260112-2306\jars\maven-model-3.9.12.jar
2026-04-02 21:10:08,225 [Worker-119: Launching poormoney (12)] INFO  o.eclipse.m2e.core.internal.Bundles - 	Entry: C:\Users\user\Desktop\sts-5.1.1.RELEASE\plugins\org.eclipse.m2e.maven.runtime_3.9.1200.20260112-2306\jars\maven-model-builder-3.9.12.jar
2026-04-02 21:10:08,225 [Worker-119: Launching poormoney (12)] INFO  o.eclipse.m2e.core.internal.Bundles - 	Entry: C:\Users\user\Desktop\sts-5.1.1.RELEASE\plugins\org.eclipse.m2e.maven.runtime_3.9.1200.20260112-2306\jars\maven-plugin-api-3.9.12.jar
2026-04-02 21:10:08,225 [Worker-119: Launching poormoney (12)] INFO  o.eclipse.m2e.core.internal.Bundles - 	Entry: C:\Users\user\Desktop\sts-5.1.1.RELEASE\plugins\org.eclipse.m2e.maven.runtime_3.9.1200.20260112-2306\jars\maven-repository-metadata-3.9.12.jar
2026-04-02 21:10:08,226 [Worker-119: Launching poormoney (12)] INFO  o.eclipse.m2e.core.internal.Bundles - 	Entry: C:\Users\user\Desktop\sts-5.1.1.RELEASE\plugins\org.eclipse.m2e.maven.runtime_3.9.1200.20260112-2306\jars\maven-resolver-api-1.9.25.jar
2026-04-02 21:10:08,226 [Worker-119: Launching poormoney (12)] INFO  o.eclipse.m2e.core.internal.Bundles - 	Entry: C:\Users\user\Desktop\sts-5.1.1.RELEASE\plugins\org.eclipse.m2e.maven.runtime_3.9.1200.20260112-2306\jars\maven-resolver-connector-basic-1.9.25.jar
2026-04-02 21:10:08,226 [Worker-119: Launching poormoney (12)] INFO  o.eclipse.m2e.core.internal.Bundles - 	Entry: C:\Users\user\Desktop\sts-5.1.1.RELEASE\plugins\org.eclipse.m2e.maven.runtime_3.9.1200.20260112-2306\jars\maven-resolver-impl-1.9.25.jar
2026-04-02 21:10:08,226 [Worker-119: Launching poormoney (12)] INFO  o.eclipse.m2e.core.internal.Bundles - 	Entry: C:\Users\user\Desktop\sts-5.1.1.RELEASE\plugins\org.eclipse.m2e.maven.runtime_3.9.1200.20260112-2306\jars\maven-resolver-named-locks-1.9.25.jar
2026-04-02 21:10:08,226 [Worker-119: Launching poormoney (12)] INFO  o.eclipse.m2e.core.internal.Bundles - 	Entry: C:\Users\user\Desktop\sts-5.1.1.RELEASE\plugins\org.eclipse.m2e.maven.runtime_3.9.1200.20260112-2306\jars\maven-resolver-provider-3.9.12.jar
2026-04-02 21:10:08,226 [Worker-119: Launching poormoney (12)] INFO  o.eclipse.m2e.core.internal.Bundles - 	Entry: C:\Users\user\Desktop\sts-5.1.1.RELEASE\plugins\org.eclipse.m2e.maven.runtime_3.9.1200.20260112-2306\jars\maven-resolver-spi-1.9.25.jar
2026-04-02 21:10:08,227 [Worker-119: Launching poormoney (12)] INFO  o.eclipse.m2e.core.internal.Bundles - 	Entry: C:\Users\user\Desktop\sts-5.1.1.RELEASE\plugins\org.eclipse.m2e.maven.runtime_3.9.1200.20260112-2306\jars\maven-resolver-transport-file-1.9.25.jar
2026-04-02 21:10:08,227 [Worker-119: Launching poormoney (12)] INFO  o.eclipse.m2e.core.internal.Bundles - 	Entry: C:\Users\user\Desktop\sts-5.1.1.RELEASE\plugins\org.eclipse.m2e.maven.runtime_3.9.1200.20260112-2306\jars\maven-resolver-transport-http-1.9.25.jar
2026-04-02 21:10:08,227 [Worker-119: Launching poormoney (12)] INFO  o.eclipse.m2e.core.internal.Bundles - 	Entry: C:\Users\user\Desktop\sts-5.1.1.RELEASE\plugins\org.eclipse.m2e.maven.runtime_3.9.1200.20260112-2306\jars\maven-resolver-transport-wagon-1.9.25.jar
2026-04-02 21:10:08,227 [Worker-119: Launching poormoney (12)] INFO  o.eclipse.m2e.core.internal.Bundles - 	Entry: C:\Users\user\Desktop\sts-5.1.1.RELEASE\plugins\org.eclipse.m2e.maven.runtime_3.9.1200.20260112-2306\jars\maven-resolver-util-1.9.25.jar
2026-04-02 21:10:08,227 [Worker-119: Launching poormoney (12)] INFO  o.eclipse.m2e.core.internal.Bundles - 	Entry: C:\Users\user\Desktop\sts-5.1.1.RELEASE\plugins\org.eclipse.m2e.maven.runtime_3.9.1200.20260112-2306\jars\maven-settings-3.9.12.jar
2026-04-02 21:10:08,227 [Worker-119: Launching poormoney (12)] INFO  o.eclipse.m2e.core.internal.Bundles - 	Entry: C:\Users\user\Desktop\sts-5.1.1.RELEASE\plugins\org.eclipse.m2e.maven.runtime_3.9.1200.20260112-2306\jars\maven-settings-builder-3.9.12.jar
2026-04-02 21:10:08,227 [Worker-119: Launching poormoney (12)] INFO  o.eclipse.m2e.core.internal.Bundles - 	Entry: C:\Users\user\Desktop\sts-5.1.1.RELEASE\plugins\org.eclipse.m2e.maven.runtime_3.9.1200.20260112-2306\jars\maven-shared-utils-3.4.2.jar
2026-04-02 21:10:08,228 [Worker-119: Launching poormoney (12)] INFO  o.eclipse.m2e.core.internal.Bundles - 	Entry: C:\Users\user\Desktop\sts-5.1.1.RELEASE\plugins\org.eclipse.m2e.maven.runtime_3.9.1200.20260112-2306\jars\org.eclipse.sisu.inject-0.9.0.M4.jar
2026-04-02 21:10:08,228 [Worker-119: Launching poormoney (12)] INFO  o.eclipse.m2e.core.internal.Bundles - 	Entry: C:\Users\user\Desktop\sts-5.1.1.RELEASE\plugins\org.eclipse.m2e.maven.runtime_3.9.1200.20260112-2306\jars\org.eclipse.sisu.plexus-0.9.0.M4.jar
2026-04-02 21:10:08,228 [Worker-119: Launching poormoney (12)] INFO  o.eclipse.m2e.core.internal.Bundles - 	Entry: C:\Users\user\Desktop\sts-5.1.1.RELEASE\plugins\org.eclipse.m2e.maven.runtime_3.9.1200.20260112-2306\jars\plexus-build-api-0.0.7.jar
2026-04-02 21:10:08,228 [Worker-119: Launching poormoney (12)] INFO  o.eclipse.m2e.core.internal.Bundles - 	Entry: C:\Users\user\Desktop\sts-5.1.1.RELEASE\plugins\org.eclipse.m2e.maven.runtime_3.9.1200.20260112-2306\jars\plexus-build-api-1.2.0.jar
2026-04-02 21:10:08,228 [Worker-119: Launching poormoney (12)] INFO  o.eclipse.m2e.core.internal.Bundles - 	Entry: C:\Users\user\Desktop\sts-5.1.1.RELEASE\plugins\org.eclipse.m2e.maven.runtime_3.9.1200.20260112-2306\jars\plexus-cipher-2.0.jar
2026-04-02 21:10:08,228 [Worker-119: Launching poormoney (12)] INFO  o.eclipse.m2e.core.internal.Bundles - 	Entry: C:\Users\user\Desktop\sts-5.1.1.RELEASE\plugins\org.eclipse.m2e.maven.runtime_3.9.1200.20260112-2306\jars\plexus-classworlds-2.9.0.jar
2026-04-02 21:10:08,229 [Worker-119: Launching poormoney (12)] INFO  o.eclipse.m2e.core.internal.Bundles - 	Entry: C:\Users\user\Desktop\sts-5.1.1.RELEASE\plugins\org.eclipse.m2e.maven.runtime_3.9.1200.20260112-2306\jars\plexus-component-annotations-2.2.0.jar
2026-04-02 21:10:08,229 [Worker-119: Launching poormoney (12)] INFO  o.eclipse.m2e.core.internal.Bundles - 	Entry: C:\Users\user\Desktop\sts-5.1.1.RELEASE\plugins\org.eclipse.m2e.maven.runtime_3.9.1200.20260112-2306\jars\plexus-interpolation-1.29.jar
2026-04-02 21:10:08,229 [Worker-119: Launching poormoney (12)] INFO  o.eclipse.m2e.core.internal.Bundles - 	Entry: C:\Users\user\Desktop\sts-5.1.1.RELEASE\plugins\org.eclipse.m2e.maven.runtime_3.9.1200.20260112-2306\jars\plexus-sec-dispatcher-2.0.jar
2026-04-02 21:10:08,229 [Worker-119: Launching poormoney (12)] INFO  o.eclipse.m2e.core.internal.Bundles - 	Entry: C:\Users\user\Desktop\sts-5.1.1.RELEASE\plugins\org.eclipse.m2e.maven.runtime_3.9.1200.20260112-2306\jars\plexus-utils-3.6.0.jar
2026-04-02 21:10:08,229 [Worker-119: Launching poormoney (12)] INFO  o.eclipse.m2e.core.internal.Bundles - 	Entry: C:\Users\user\Desktop\sts-5.1.1.RELEASE\plugins\org.eclipse.m2e.maven.runtime_3.9.1200.20260112-2306\jars\wagon-file-3.5.3.jar
2026-04-02 21:10:08,229 [Worker-119: Launching poormoney (12)] INFO  o.eclipse.m2e.core.internal.Bundles - 	Entry: C:\Users\user\Desktop\sts-5.1.1.RELEASE\plugins\org.eclipse.m2e.maven.runtime_3.9.1200.20260112-2306\jars\wagon-http-3.5.3.jar
2026-04-02 21:10:08,229 [Worker-119: Launching poormoney (12)] INFO  o.eclipse.m2e.core.internal.Bundles - 	Entry: C:\Users\user\Desktop\sts-5.1.1.RELEASE\plugins\org.eclipse.m2e.maven.runtime_3.9.1200.20260112-2306\jars\wagon-http-shared-3.5.3.jar
2026-04-02 21:10:08,229 [Worker-119: Launching poormoney (12)] INFO  o.eclipse.m2e.core.internal.Bundles - 	Entry: C:\Users\user\Desktop\sts-5.1.1.RELEASE\plugins\org.eclipse.m2e.maven.runtime_3.9.1200.20260112-2306\jars\wagon-provider-api-3.5.3.jar
2026-04-02 21:10:08,230 [Worker-119: Launching poormoney (12)] INFO  o.eclipse.m2e.core.internal.Bundles - getClasspathEntries(Bundle=com.google.guava_33.5.0.jre [31])
2026-04-02 21:10:08,230 [Worker-119: Launching poormoney (12)] INFO  o.eclipse.m2e.core.internal.Bundles - 	Entry: C:\Users\user\Desktop\sts-5.1.1.RELEASE\plugins\com.google.guava_33.5.0.jre.jar
2026-04-02 21:10:08,230 [Worker-119: Launching poormoney (12)] INFO  o.eclipse.m2e.core.internal.Bundles - getClasspathEntries(Bundle=slf4j.api_2.0.17 [620])
2026-04-02 21:10:08,230 [Worker-119: Launching poormoney (12)] INFO  o.eclipse.m2e.core.internal.Bundles - 	Entry: C:\Users\user\Desktop\sts-5.1.1.RELEASE\plugins\slf4j.api_2.0.17.jar
2026-04-02 21:10:08,230 [Worker-119: Launching poormoney (12)] INFO  o.eclipse.m2e.core.internal.Bundles - getClasspathEntries(Bundle=jakarta.inject.jakarta.inject-api_1.0.5 [46])
2026-04-02 21:10:08,231 [Worker-119: Launching poormoney (12)] INFO  o.eclipse.m2e.core.internal.Bundles - 	Entry: C:\Users\user\Desktop\sts-5.1.1.RELEASE\plugins\jakarta.inject.jakarta.inject-api_1.0.5.jar
2026-04-02 21:10:08,231 [Worker-119: Launching poormoney (12)] INFO  o.eclipse.m2e.core.internal.Bundles - getClasspathEntries(Bundle=jakarta.annotation-api_1.3.5 [43])
2026-04-02 21:10:08,231 [Worker-119: Launching poormoney (12)] INFO  o.eclipse.m2e.core.internal.Bundles - 	Entry: C:\Users\user\Desktop\sts-5.1.1.RELEASE\plugins\jakarta.annotation-api_1.3.5.jar
2026-04-02 21:10:08,231 [Worker-119: Launching poormoney (12)] INFO  o.eclipse.m2e.core.internal.Bundles - getClasspathEntries(Bundle=org.apache.commons.cli_1.11.0 [86])
2026-04-02 21:10:08,231 [Worker-119: Launching poormoney (12)] INFO  o.eclipse.m2e.core.internal.Bundles - 	Entry: C:\Users\user\Desktop\sts-5.1.1.RELEASE\plugins\org.apache.commons.cli_1.11.0.jar
2026-04-02 21:10:08,231 [Worker-119: Launching poormoney (12)] INFO  o.eclipse.m2e.core.internal.Bundles - getClasspathEntries(Bundle=org.apache.commons.commons-codec_1.21.0 [88])
2026-04-02 21:10:08,232 [Worker-119: Launching poormoney (12)] INFO  o.eclipse.m2e.core.internal.Bundles - 	Entry: C:\Users\user\Desktop\sts-5.1.1.RELEASE\plugins\org.apache.commons.commons-codec_1.21.0.jar
2026-04-02 21:10:08,232 [Worker-119: Launching poormoney (12)] INFO  o.eclipse.m2e.core.internal.Bundles - getClasspathEntries(Bundle=com.google.guava.failureaccess_1.0.3 [32])
2026-04-02 21:10:08,232 [Worker-119: Launching poormoney (12)] INFO  o.eclipse.m2e.core.internal.Bundles - 	Entry: C:\Users\user\Desktop\sts-5.1.1.RELEASE\plugins\com.google.guava.failureaccess_1.0.3.jar
2026-04-02 21:10:08,234 [Worker-119: Launching poormoney (12)] INFO  o.e.m.i.launch.MavenLaunchDelegate - Run build in "C:\Users\user\Desktop\내지갑지키미\workspace\poormoney":
2026-04-02 21:10:08,234 [Worker-119: Launching poormoney (12)] INFO  o.e.m.i.launch.MavenLaunchDelegate -  mvn  -B -Dstyle.color=always clean install
2026-04-02 21:21:06,783 [Worker-129: Building] INFO  o.a.m.s.f.DefaultMavenResourcesFiltering - Copying 1 resource from src\main\resources to target\classes
2026-04-02 21:21:06,786 [Worker-129: Building] INFO  o.a.m.s.f.DefaultMavenResourcesFiltering - Copying 1 resource from src\main\resources to target\classes
2026-04-02 21:21:06,790 [Worker-129: Building] INFO  o.a.m.s.f.DefaultMavenResourcesFiltering - skip non existing resourceDirectory C:\Users\user\Desktop\내지갑지키미\workspace\poormoney\src\test\resources
2026-04-02 21:21:06,817 [Worker-129: Building] WARN  o.apache.maven.project.MavenProject - Plugin is modifying compileSourceRoots through clear(), which will not work in Maven 4.0.0. Use MavenProject.addCompileSourceRoot()/removeCompileSourceRoot() methods instead. If using a plugin, please upgrade to the latest version or report the issue to the plugin maintainer. To disable these warnings, set -Dmaven.project.sourceRoots.warningsDisabled=true on the command line, in the .mvn/maven.config file, or in project POM properties.
2026-04-02 21:21:06,818 [Worker-129: Building] WARN  o.apache.maven.project.MavenProject - Plugin is modifying compileSourceRoots through add(), which will not work in Maven 4.0.0. Use MavenProject.addCompileSourceRoot()/removeCompileSourceRoot() methods instead. If using a plugin, please upgrade to the latest version or report the issue to the plugin maintainer. To disable these warnings, set -Dmaven.project.sourceRoots.warningsDisabled=true on the command line, in the .mvn/maven.config file, or in project POM properties.
2026-04-02 21:21:06,818 [Worker-129: Building] WARN  o.apache.maven.project.MavenProject - Plugin is modifying testCompileSourceRoots through clear(), which will not work in Maven 4.0.0. Use MavenProject.addTestCompileSourceRoot()/removeTestCompileSourceRoot() methods instead. If using a plugin, please upgrade to the latest version or report the issue to the plugin maintainer. To disable these warnings, set -Dmaven.project.sourceRoots.warningsDisabled=true on the command line, in the .mvn/maven.config file, or in project POM properties.
2026-04-02 21:21:06,819 [Worker-129: Building] WARN  o.apache.maven.project.MavenProject - Plugin is modifying testCompileSourceRoots through add(), which will not work in Maven 4.0.0. Use MavenProject.addTestCompileSourceRoot()/removeTestCompileSourceRoot() methods instead. If using a plugin, please upgrade to the latest version or report the issue to the plugin maintainer. To disable these warnings, set -Dmaven.project.sourceRoots.warningsDisabled=true on the command line, in the .mvn/maven.config file, or in project POM properties.
2026-04-02 21:21:10,623 [main] INFO  o.e.m2e.actions.ExecutePomAction - Creating new launch configuration
2026-04-02 21:21:17,998 [main] INFO  o.e.m2e.actions.ExecutePomAction - Creating new launch configuration
2026-04-02 21:21:21,545 [Worker-138: Launching poormoney (14)] INFO  o.eclipse.m2e.core.internal.Bundles - getClasspathEntries(Bundle=org.eclipse.m2e.maven.runtime_3.9.1200.20260112-2306 [372])
2026-04-02 21:21:21,547 [Worker-138: Launching poormoney (14)] INFO  o.eclipse.m2e.core.internal.Bundles - 	Entry: C:\Users\user\Desktop\sts-5.1.1.RELEASE\plugins\org.eclipse.m2e.maven.runtime_3.9.1200.20260112-2306
2026-04-02 21:21:21,547 [Worker-138: Launching poormoney (14)] INFO  o.eclipse.m2e.core.internal.Bundles - 	Entry: C:\Users\user\Desktop\sts-5.1.1.RELEASE\plugins\org.eclipse.m2e.maven.runtime_3.9.1200.20260112-2306\jars\aopalliance-1.0.jar
2026-04-02 21:21:21,547 [Worker-138: Launching poormoney (14)] INFO  o.eclipse.m2e.core.internal.Bundles - 	Entry: C:\Users\user\Desktop\sts-5.1.1.RELEASE\plugins\org.eclipse.m2e.maven.runtime_3.9.1200.20260112-2306\jars\asm-9.9.jar
2026-04-02 21:21:21,547 [Worker-138: Launching poormoney (14)] INFO  o.eclipse.m2e.core.internal.Bundles - 	Entry: C:\Users\user\Desktop\sts-5.1.1.RELEASE\plugins\org.eclipse.m2e.maven.runtime_3.9.1200.20260112-2306\jars\error_prone_annotations-2.41.0.jar
2026-04-02 21:21:21,547 [Worker-138: Launching poormoney (14)] INFO  o.eclipse.m2e.core.internal.Bundles - 	Entry: C:\Users\user\Desktop\sts-5.1.1.RELEASE\plugins\org.eclipse.m2e.maven.runtime_3.9.1200.20260112-2306\jars\gson-2.13.2.jar
2026-04-02 21:21:21,547 [Worker-138: Launching poormoney (14)] INFO  o.eclipse.m2e.core.internal.Bundles - 	Entry: C:\Users\user\Desktop\sts-5.1.1.RELEASE\plugins\org.eclipse.m2e.maven.runtime_3.9.1200.20260112-2306\jars\guice-5.1.0-classes.jar
2026-04-02 21:21:21,548 [Worker-138: Launching poormoney (14)] INFO  o.eclipse.m2e.core.internal.Bundles - 	Entry: C:\Users\user\Desktop\sts-5.1.1.RELEASE\plugins\org.eclipse.m2e.maven.runtime_3.9.1200.20260112-2306\jars\httpclient-4.5.14.jar
2026-04-02 21:21:21,548 [Worker-138: Launching poormoney (14)] INFO  o.eclipse.m2e.core.internal.Bundles - 	Entry: C:\Users\user\Desktop\sts-5.1.1.RELEASE\plugins\org.eclipse.m2e.maven.runtime_3.9.1200.20260112-2306\jars\httpcore-4.4.16.jar
2026-04-02 21:21:21,548 [Worker-138: Launching poormoney (14)] INFO  o.eclipse.m2e.core.internal.Bundles - 	Entry: C:\Users\user\Desktop\sts-5.1.1.RELEASE\plugins\org.eclipse.m2e.maven.runtime_3.9.1200.20260112-2306\jars\jansi-2.4.2.jar
2026-04-02 21:21:21,548 [Worker-138: Launching poormoney (14)] INFO  o.eclipse.m2e.core.internal.Bundles - 	Entry: C:\Users\user\Desktop\sts-5.1.1.RELEASE\plugins\org.eclipse.m2e.maven.runtime_3.9.1200.20260112-2306\jars\jcl-over-slf4j-1.7.36.jar
2026-04-02 21:21:21,548 [Worker-138: Launching poormoney (14)] INFO  o.eclipse.m2e.core.internal.Bundles - 	Entry: C:\Users\user\Desktop\sts-5.1.1.RELEASE\plugins\org.eclipse.m2e.maven.runtime_3.9.1200.20260112-2306\jars\maven-artifact-3.9.12.jar
2026-04-02 21:21:21,548 [Worker-138: Launching poormoney (14)] INFO  o.eclipse.m2e.core.internal.Bundles - 	Entry: C:\Users\user\Desktop\sts-5.1.1.RELEASE\plugins\org.eclipse.m2e.maven.runtime_3.9.1200.20260112-2306\jars\maven-builder-support-3.9.12.jar
2026-04-02 21:21:21,548 [Worker-138: Launching poormoney (14)] INFO  o.eclipse.m2e.core.internal.Bundles - 	Entry: C:\Users\user\Desktop\sts-5.1.1.RELEASE\plugins\org.eclipse.m2e.maven.runtime_3.9.1200.20260112-2306\jars\maven-compat-3.9.12.jar
2026-04-02 21:21:21,548 [Worker-138: Launching poormoney (14)] INFO  o.eclipse.m2e.core.internal.Bundles - 	Entry: C:\Users\user\Desktop\sts-5.1.1.RELEASE\plugins\org.eclipse.m2e.maven.runtime_3.9.1200.20260112-2306\jars\maven-core-3.9.12.jar
2026-04-02 21:21:21,548 [Worker-138: Launching poormoney (14)] INFO  o.eclipse.m2e.core.internal.Bundles - 	Entry: C:\Users\user\Desktop\sts-5.1.1.RELEASE\plugins\org.eclipse.m2e.maven.runtime_3.9.1200.20260112-2306\jars\maven-embedder-3.9.12.jar
2026-04-02 21:21:21,549 [Worker-138: Launching poormoney (14)] INFO  o.eclipse.m2e.core.internal.Bundles - 	Entry: C:\Users\user\Desktop\sts-5.1.1.RELEASE\plugins\org.eclipse.m2e.maven.runtime_3.9.1200.20260112-2306\jars\maven-model-3.9.12.jar
2026-04-02 21:21:21,549 [Worker-138: Launching poormoney (14)] INFO  o.eclipse.m2e.core.internal.Bundles - 	Entry: C:\Users\user\Desktop\sts-5.1.1.RELEASE\plugins\org.eclipse.m2e.maven.runtime_3.9.1200.20260112-2306\jars\maven-model-builder-3.9.12.jar
2026-04-02 21:21:21,549 [Worker-138: Launching poormoney (14)] INFO  o.eclipse.m2e.core.internal.Bundles - 	Entry: C:\Users\user\Desktop\sts-5.1.1.RELEASE\plugins\org.eclipse.m2e.maven.runtime_3.9.1200.20260112-2306\jars\maven-plugin-api-3.9.12.jar
2026-04-02 21:21:21,549 [Worker-138: Launching poormoney (14)] INFO  o.eclipse.m2e.core.internal.Bundles - 	Entry: C:\Users\user\Desktop\sts-5.1.1.RELEASE\plugins\org.eclipse.m2e.maven.runtime_3.9.1200.20260112-2306\jars\maven-repository-metadata-3.9.12.jar
2026-04-02 21:21:21,549 [Worker-138: Launching poormoney (14)] INFO  o.eclipse.m2e.core.internal.Bundles - 	Entry: C:\Users\user\Desktop\sts-5.1.1.RELEASE\plugins\org.eclipse.m2e.maven.runtime_3.9.1200.20260112-2306\jars\maven-resolver-api-1.9.25.jar
2026-04-02 21:21:21,549 [Worker-138: Launching poormoney (14)] INFO  o.eclipse.m2e.core.internal.Bundles - 	Entry: C:\Users\user\Desktop\sts-5.1.1.RELEASE\plugins\org.eclipse.m2e.maven.runtime_3.9.1200.20260112-2306\jars\maven-resolver-connector-basic-1.9.25.jar
2026-04-02 21:21:21,549 [Worker-138: Launching poormoney (14)] INFO  o.eclipse.m2e.core.internal.Bundles - 	Entry: C:\Users\user\Desktop\sts-5.1.1.RELEASE\plugins\org.eclipse.m2e.maven.runtime_3.9.1200.20260112-2306\jars\maven-resolver-impl-1.9.25.jar
2026-04-02 21:21:21,550 [Worker-138: Launching poormoney (14)] INFO  o.eclipse.m2e.core.internal.Bundles - 	Entry: C:\Users\user\Desktop\sts-5.1.1.RELEASE\plugins\org.eclipse.m2e.maven.runtime_3.9.1200.20260112-2306\jars\maven-resolver-named-locks-1.9.25.jar
2026-04-02 21:21:21,550 [Worker-138: Launching poormoney (14)] INFO  o.eclipse.m2e.core.internal.Bundles - 	Entry: C:\Users\user\Desktop\sts-5.1.1.RELEASE\plugins\org.eclipse.m2e.maven.runtime_3.9.1200.20260112-2306\jars\maven-resolver-provider-3.9.12.jar
2026-04-02 21:21:21,550 [Worker-138: Launching poormoney (14)] INFO  o.eclipse.m2e.core.internal.Bundles - 	Entry: C:\Users\user\Desktop\sts-5.1.1.RELEASE\plugins\org.eclipse.m2e.maven.runtime_3.9.1200.20260112-2306\jars\maven-resolver-spi-1.9.25.jar
2026-04-02 21:21:21,550 [Worker-138: Launching poormoney (14)] INFO  o.eclipse.m2e.core.internal.Bundles - 	Entry: C:\Users\user\Desktop\sts-5.1.1.RELEASE\plugins\org.eclipse.m2e.maven.runtime_3.9.1200.20260112-2306\jars\maven-resolver-transport-file-1.9.25.jar
2026-04-02 21:21:21,550 [Worker-138: Launching poormoney (14)] INFO  o.eclipse.m2e.core.internal.Bundles - 	Entry: C:\Users\user\Desktop\sts-5.1.1.RELEASE\plugins\org.eclipse.m2e.maven.runtime_3.9.1200.20260112-2306\jars\maven-resolver-transport-http-1.9.25.jar
2026-04-02 21:21:21,550 [Worker-138: Launching poormoney (14)] INFO  o.eclipse.m2e.core.internal.Bundles - 	Entry: C:\Users\user\Desktop\sts-5.1.1.RELEASE\plugins\org.eclipse.m2e.maven.runtime_3.9.1200.20260112-2306\jars\maven-resolver-transport-wagon-1.9.25.jar
2026-04-02 21:21:21,550 [Worker-138: Launching poormoney (14)] INFO  o.eclipse.m2e.core.internal.Bundles - 	Entry: C:\Users\user\Desktop\sts-5.1.1.RELEASE\plugins\org.eclipse.m2e.maven.runtime_3.9.1200.20260112-2306\jars\maven-resolver-util-1.9.25.jar
2026-04-02 21:21:21,550 [Worker-138: Launching poormoney (14)] INFO  o.eclipse.m2e.core.internal.Bundles - 	Entry: C:\Users\user\Desktop\sts-5.1.1.RELEASE\plugins\org.eclipse.m2e.maven.runtime_3.9.1200.20260112-2306\jars\maven-settings-3.9.12.jar
2026-04-02 21:21:21,551 [Worker-138: Launching poormoney (14)] INFO  o.eclipse.m2e.core.internal.Bundles - 	Entry: C:\Users\user\Desktop\sts-5.1.1.RELEASE\plugins\org.eclipse.m2e.maven.runtime_3.9.1200.20260112-2306\jars\maven-settings-builder-3.9.12.jar
2026-04-02 21:21:21,551 [Worker-138: Launching poormoney (14)] INFO  o.eclipse.m2e.core.internal.Bundles - 	Entry: C:\Users\user\Desktop\sts-5.1.1.RELEASE\plugins\org.eclipse.m2e.maven.runtime_3.9.1200.20260112-2306\jars\maven-shared-utils-3.4.2.jar
2026-04-02 21:21:21,551 [Worker-138: Launching poormoney (14)] INFO  o.eclipse.m2e.core.internal.Bundles - 	Entry: C:\Users\user\Desktop\sts-5.1.1.RELEASE\plugins\org.eclipse.m2e.maven.runtime_3.9.1200.20260112-2306\jars\org.eclipse.sisu.inject-0.9.0.M4.jar
2026-04-02 21:21:21,551 [Worker-138: Launching poormoney (14)] INFO  o.eclipse.m2e.core.internal.Bundles - 	Entry: C:\Users\user\Desktop\sts-5.1.1.RELEASE\plugins\org.eclipse.m2e.maven.runtime_3.9.1200.20260112-2306\jars\org.eclipse.sisu.plexus-0.9.0.M4.jar
2026-04-02 21:21:21,551 [Worker-138: Launching poormoney (14)] INFO  o.eclipse.m2e.core.internal.Bundles - 	Entry: C:\Users\user\Desktop\sts-5.1.1.RELEASE\plugins\org.eclipse.m2e.maven.runtime_3.9.1200.20260112-2306\jars\plexus-build-api-0.0.7.jar
2026-04-02 21:21:21,551 [Worker-138: Launching poormoney (14)] INFO  o.eclipse.m2e.core.internal.Bundles - 	Entry: C:\Users\user\Desktop\sts-5.1.1.RELEASE\plugins\org.eclipse.m2e.maven.runtime_3.9.1200.20260112-2306\jars\plexus-build-api-1.2.0.jar
2026-04-02 21:21:21,552 [Worker-138: Launching poormoney (14)] INFO  o.eclipse.m2e.core.internal.Bundles - 	Entry: C:\Users\user\Desktop\sts-5.1.1.RELEASE\plugins\org.eclipse.m2e.maven.runtime_3.9.1200.20260112-2306\jars\plexus-cipher-2.0.jar
2026-04-02 21:21:21,552 [Worker-138: Launching poormoney (14)] INFO  o.eclipse.m2e.core.internal.Bundles - 	Entry: C:\Users\user\Desktop\sts-5.1.1.RELEASE\plugins\org.eclipse.m2e.maven.runtime_3.9.1200.20260112-2306\jars\plexus-classworlds-2.9.0.jar
2026-04-02 21:21:21,552 [Worker-138: Launching poormoney (14)] INFO  o.eclipse.m2e.core.internal.Bundles - 	Entry: C:\Users\user\Desktop\sts-5.1.1.RELEASE\plugins\org.eclipse.m2e.maven.runtime_3.9.1200.20260112-2306\jars\plexus-component-annotations-2.2.0.jar
2026-04-02 21:21:21,552 [Worker-138: Launching poormoney (14)] INFO  o.eclipse.m2e.core.internal.Bundles - 	Entry: C:\Users\user\Desktop\sts-5.1.1.RELEASE\plugins\org.eclipse.m2e.maven.runtime_3.9.1200.20260112-2306\jars\plexus-interpolation-1.29.jar
2026-04-02 21:21:21,552 [Worker-138: Launching poormoney (14)] INFO  o.eclipse.m2e.core.internal.Bundles - 	Entry: C:\Users\user\Desktop\sts-5.1.1.RELEASE\plugins\org.eclipse.m2e.maven.runtime_3.9.1200.20260112-2306\jars\plexus-sec-dispatcher-2.0.jar
2026-04-02 21:21:21,552 [Worker-138: Launching poormoney (14)] INFO  o.eclipse.m2e.core.internal.Bundles - 	Entry: C:\Users\user\Desktop\sts-5.1.1.RELEASE\plugins\org.eclipse.m2e.maven.runtime_3.9.1200.20260112-2306\jars\plexus-utils-3.6.0.jar
2026-04-02 21:21:21,553 [Worker-138: Launching poormoney (14)] INFO  o.eclipse.m2e.core.internal.Bundles - 	Entry: C:\Users\user\Desktop\sts-5.1.1.RELEASE\plugins\org.eclipse.m2e.maven.runtime_3.9.1200.20260112-2306\jars\wagon-file-3.5.3.jar
2026-04-02 21:21:21,553 [Worker-138: Launching poormoney (14)] INFO  o.eclipse.m2e.core.internal.Bundles - 	Entry: C:\Users\user\Desktop\sts-5.1.1.RELEASE\plugins\org.eclipse.m2e.maven.runtime_3.9.1200.20260112-2306\jars\wagon-http-3.5.3.jar
2026-04-02 21:21:21,553 [Worker-138: Launching poormoney (14)] INFO  o.eclipse.m2e.core.internal.Bundles - 	Entry: C:\Users\user\Desktop\sts-5.1.1.RELEASE\plugins\org.eclipse.m2e.maven.runtime_3.9.1200.20260112-2306\jars\wagon-http-shared-3.5.3.jar
2026-04-02 21:21:21,553 [Worker-138: Launching poormoney (14)] INFO  o.eclipse.m2e.core.internal.Bundles - 	Entry: C:\Users\user\Desktop\sts-5.1.1.RELEASE\plugins\org.eclipse.m2e.maven.runtime_3.9.1200.20260112-2306\jars\wagon-provider-api-3.5.3.jar
2026-04-02 21:21:21,553 [Worker-138: Launching poormoney (14)] INFO  o.eclipse.m2e.core.internal.Bundles - getClasspathEntries(Bundle=com.google.guava_33.5.0.jre [31])
2026-04-02 21:21:21,554 [Worker-138: Launching poormoney (14)] INFO  o.eclipse.m2e.core.internal.Bundles - 	Entry: C:\Users\user\Desktop\sts-5.1.1.RELEASE\plugins\com.google.guava_33.5.0.jre.jar
2026-04-02 21:21:21,554 [Worker-138: Launching poormoney (14)] INFO  o.eclipse.m2e.core.internal.Bundles - getClasspathEntries(Bundle=slf4j.api_2.0.17 [620])
2026-04-02 21:21:21,554 [Worker-138: Launching poormoney (14)] INFO  o.eclipse.m2e.core.internal.Bundles - 	Entry: C:\Users\user\Desktop\sts-5.1.1.RELEASE\plugins\slf4j.api_2.0.17.jar
2026-04-02 21:21:21,554 [Worker-138: Launching poormoney (14)] INFO  o.eclipse.m2e.core.internal.Bundles - getClasspathEntries(Bundle=jakarta.inject.jakarta.inject-api_1.0.5 [46])
2026-04-02 21:21:21,554 [Worker-138: Launching poormoney (14)] INFO  o.eclipse.m2e.core.internal.Bundles - 	Entry: C:\Users\user\Desktop\sts-5.1.1.RELEASE\plugins\jakarta.inject.jakarta.inject-api_1.0.5.jar
2026-04-02 21:21:21,554 [Worker-138: Launching poormoney (14)] INFO  o.eclipse.m2e.core.internal.Bundles - getClasspathEntries(Bundle=jakarta.annotation-api_1.3.5 [43])
2026-04-02 21:21:21,555 [Worker-138: Launching poormoney (14)] INFO  o.eclipse.m2e.core.internal.Bundles - 	Entry: C:\Users\user\Desktop\sts-5.1.1.RELEASE\plugins\jakarta.annotation-api_1.3.5.jar
2026-04-02 21:21:21,555 [Worker-138: Launching poormoney (14)] INFO  o.eclipse.m2e.core.internal.Bundles - getClasspathEntries(Bundle=org.apache.commons.cli_1.11.0 [86])
2026-04-02 21:21:21,555 [Worker-138: Launching poormoney (14)] INFO  o.eclipse.m2e.core.internal.Bundles - 	Entry: C:\Users\user\Desktop\sts-5.1.1.RELEASE\plugins\org.apache.commons.cli_1.11.0.jar
2026-04-02 21:21:21,555 [Worker-138: Launching poormoney (14)] INFO  o.eclipse.m2e.core.internal.Bundles - getClasspathEntries(Bundle=org.apache.commons.commons-codec_1.21.0 [88])
2026-04-02 21:21:21,555 [Worker-138: Launching poormoney (14)] INFO  o.eclipse.m2e.core.internal.Bundles - 	Entry: C:\Users\user\Desktop\sts-5.1.1.RELEASE\plugins\org.apache.commons.commons-codec_1.21.0.jar
2026-04-02 21:21:21,555 [Worker-138: Launching poormoney (14)] INFO  o.eclipse.m2e.core.internal.Bundles - getClasspathEntries(Bundle=com.google.guava.failureaccess_1.0.3 [32])
2026-04-02 21:21:21,556 [Worker-138: Launching poormoney (14)] INFO  o.eclipse.m2e.core.internal.Bundles - 	Entry: C:\Users\user\Desktop\sts-5.1.1.RELEASE\plugins\com.google.guava.failureaccess_1.0.3.jar
2026-04-02 21:21:21,557 [Worker-138: Launching poormoney (14)] INFO  o.e.m.i.launch.MavenLaunchDelegate - Run build in "C:\Users\user\Desktop\내지갑지키미\workspace\poormoney":
2026-04-02 21:21:21,557 [Worker-138: Launching poormoney (14)] INFO  o.e.m.i.launch.MavenLaunchDelegate -  mvn  -B -Dstyle.color=always clean install
2026-04-02 21:37:55,533 [main] INFO  o.e.m2e.actions.ExecutePomAction - Creating new launch configuration
2026-04-02 21:38:01,139 [Worker-147: Launching poormoney (15)] INFO  o.eclipse.m2e.core.internal.Bundles - getClasspathEntries(Bundle=org.eclipse.m2e.maven.runtime_3.9.1200.20260112-2306 [372])
2026-04-02 21:38:01,140 [Worker-147: Launching poormoney (15)] INFO  o.eclipse.m2e.core.internal.Bundles - 	Entry: C:\Users\user\Desktop\sts-5.1.1.RELEASE\plugins\org.eclipse.m2e.maven.runtime_3.9.1200.20260112-2306
2026-04-02 21:38:01,140 [Worker-147: Launching poormoney (15)] INFO  o.eclipse.m2e.core.internal.Bundles - 	Entry: C:\Users\user\Desktop\sts-5.1.1.RELEASE\plugins\org.eclipse.m2e.maven.runtime_3.9.1200.20260112-2306\jars\aopalliance-1.0.jar
2026-04-02 21:38:01,140 [Worker-147: Launching poormoney (15)] INFO  o.eclipse.m2e.core.internal.Bundles - 	Entry: C:\Users\user\Desktop\sts-5.1.1.RELEASE\plugins\org.eclipse.m2e.maven.runtime_3.9.1200.20260112-2306\jars\asm-9.9.jar
2026-04-02 21:38:01,140 [Worker-147: Launching poormoney (15)] INFO  o.eclipse.m2e.core.internal.Bundles - 	Entry: C:\Users\user\Desktop\sts-5.1.1.RELEASE\plugins\org.eclipse.m2e.maven.runtime_3.9.1200.20260112-2306\jars\error_prone_annotations-2.41.0.jar
2026-04-02 21:38:01,140 [Worker-147: Launching poormoney (15)] INFO  o.eclipse.m2e.core.internal.Bundles - 	Entry: C:\Users\user\Desktop\sts-5.1.1.RELEASE\plugins\org.eclipse.m2e.maven.runtime_3.9.1200.20260112-2306\jars\gson-2.13.2.jar
2026-04-02 21:38:01,140 [Worker-147: Launching poormoney (15)] INFO  o.eclipse.m2e.core.internal.Bundles - 	Entry: C:\Users\user\Desktop\sts-5.1.1.RELEASE\plugins\org.eclipse.m2e.maven.runtime_3.9.1200.20260112-2306\jars\guice-5.1.0-classes.jar
2026-04-02 21:38:01,141 [Worker-147: Launching poormoney (15)] INFO  o.eclipse.m2e.core.internal.Bundles - 	Entry: C:\Users\user\Desktop\sts-5.1.1.RELEASE\plugins\org.eclipse.m2e.maven.runtime_3.9.1200.20260112-2306\jars\httpclient-4.5.14.jar
2026-04-02 21:38:01,141 [Worker-147: Launching poormoney (15)] INFO  o.eclipse.m2e.core.internal.Bundles - 	Entry: C:\Users\user\Desktop\sts-5.1.1.RELEASE\plugins\org.eclipse.m2e.maven.runtime_3.9.1200.20260112-2306\jars\httpcore-4.4.16.jar
2026-04-02 21:38:01,141 [Worker-147: Launching poormoney (15)] INFO  o.eclipse.m2e.core.internal.Bundles - 	Entry: C:\Users\user\Desktop\sts-5.1.1.RELEASE\plugins\org.eclipse.m2e.maven.runtime_3.9.1200.20260112-2306\jars\jansi-2.4.2.jar
2026-04-02 21:38:01,141 [Worker-147: Launching poormoney (15)] INFO  o.eclipse.m2e.core.internal.Bundles - 	Entry: C:\Users\user\Desktop\sts-5.1.1.RELEASE\plugins\org.eclipse.m2e.maven.runtime_3.9.1200.20260112-2306\jars\jcl-over-slf4j-1.7.36.jar
2026-04-02 21:38:01,141 [Worker-147: Launching poormoney (15)] INFO  o.eclipse.m2e.core.internal.Bundles - 	Entry: C:\Users\user\Desktop\sts-5.1.1.RELEASE\plugins\org.eclipse.m2e.maven.runtime_3.9.1200.20260112-2306\jars\maven-artifact-3.9.12.jar
2026-04-02 21:38:01,141 [Worker-147: Launching poormoney (15)] INFO  o.eclipse.m2e.core.internal.Bundles - 	Entry: C:\Users\user\Desktop\sts-5.1.1.RELEASE\plugins\org.eclipse.m2e.maven.runtime_3.9.1200.20260112-2306\jars\maven-builder-support-3.9.12.jar
2026-04-02 21:38:01,141 [Worker-147: Launching poormoney (15)] INFO  o.eclipse.m2e.core.internal.Bundles - 	Entry: C:\Users\user\Desktop\sts-5.1.1.RELEASE\plugins\org.eclipse.m2e.maven.runtime_3.9.1200.20260112-2306\jars\maven-compat-3.9.12.jar
2026-04-02 21:38:01,142 [Worker-147: Launching poormoney (15)] INFO  o.eclipse.m2e.core.internal.Bundles - 	Entry: C:\Users\user\Desktop\sts-5.1.1.RELEASE\plugins\org.eclipse.m2e.maven.runtime_3.9.1200.20260112-2306\jars\maven-core-3.9.12.jar
2026-04-02 21:38:01,142 [Worker-147: Launching poormoney (15)] INFO  o.eclipse.m2e.core.internal.Bundles - 	Entry: C:\Users\user\Desktop\sts-5.1.1.RELEASE\plugins\org.eclipse.m2e.maven.runtime_3.9.1200.20260112-2306\jars\maven-embedder-3.9.12.jar
2026-04-02 21:38:01,142 [Worker-147: Launching poormoney (15)] INFO  o.eclipse.m2e.core.internal.Bundles - 	Entry: C:\Users\user\Desktop\sts-5.1.1.RELEASE\plugins\org.eclipse.m2e.maven.runtime_3.9.1200.20260112-2306\jars\maven-model-3.9.12.jar
2026-04-02 21:38:01,142 [Worker-147: Launching poormoney (15)] INFO  o.eclipse.m2e.core.internal.Bundles - 	Entry: C:\Users\user\Desktop\sts-5.1.1.RELEASE\plugins\org.eclipse.m2e.maven.runtime_3.9.1200.20260112-2306\jars\maven-model-builder-3.9.12.jar
2026-04-02 21:38:01,142 [Worker-147: Launching poormoney (15)] INFO  o.eclipse.m2e.core.internal.Bundles - 	Entry: C:\Users\user\Desktop\sts-5.1.1.RELEASE\plugins\org.eclipse.m2e.maven.runtime_3.9.1200.20260112-2306\jars\maven-plugin-api-3.9.12.jar
2026-04-02 21:38:01,142 [Worker-147: Launching poormoney (15)] INFO  o.eclipse.m2e.core.internal.Bundles - 	Entry: C:\Users\user\Desktop\sts-5.1.1.RELEASE\plugins\org.eclipse.m2e.maven.runtime_3.9.1200.20260112-2306\jars\maven-repository-metadata-3.9.12.jar
2026-04-02 21:38:01,143 [Worker-147: Launching poormoney (15)] INFO  o.eclipse.m2e.core.internal.Bundles - 	Entry: C:\Users\user\Desktop\sts-5.1.1.RELEASE\plugins\org.eclipse.m2e.maven.runtime_3.9.1200.20260112-2306\jars\maven-resolver-api-1.9.25.jar
2026-04-02 21:38:01,143 [Worker-147: Launching poormoney (15)] INFO  o.eclipse.m2e.core.internal.Bundles - 	Entry: C:\Users\user\Desktop\sts-5.1.1.RELEASE\plugins\org.eclipse.m2e.maven.runtime_3.9.1200.20260112-2306\jars\maven-resolver-connector-basic-1.9.25.jar
2026-04-02 21:38:01,143 [Worker-147: Launching poormoney (15)] INFO  o.eclipse.m2e.core.internal.Bundles - 	Entry: C:\Users\user\Desktop\sts-5.1.1.RELEASE\plugins\org.eclipse.m2e.maven.runtime_3.9.1200.20260112-2306\jars\maven-resolver-impl-1.9.25.jar
2026-04-02 21:38:01,143 [Worker-147: Launching poormoney (15)] INFO  o.eclipse.m2e.core.internal.Bundles - 	Entry: C:\Users\user\Desktop\sts-5.1.1.RELEASE\plugins\org.eclipse.m2e.maven.runtime_3.9.1200.20260112-2306\jars\maven-resolver-named-locks-1.9.25.jar
2026-04-02 21:38:01,143 [Worker-147: Launching poormoney (15)] INFO  o.eclipse.m2e.core.internal.Bundles - 	Entry: C:\Users\user\Desktop\sts-5.1.1.RELEASE\plugins\org.eclipse.m2e.maven.runtime_3.9.1200.20260112-2306\jars\maven-resolver-provider-3.9.12.jar
2026-04-02 21:38:01,143 [Worker-147: Launching poormoney (15)] INFO  o.eclipse.m2e.core.internal.Bundles - 	Entry: C:\Users\user\Desktop\sts-5.1.1.RELEASE\plugins\org.eclipse.m2e.maven.runtime_3.9.1200.20260112-2306\jars\maven-resolver-spi-1.9.25.jar
2026-04-02 21:38:01,143 [Worker-147: Launching poormoney (15)] INFO  o.eclipse.m2e.core.internal.Bundles - 	Entry: C:\Users\user\Desktop\sts-5.1.1.RELEASE\plugins\org.eclipse.m2e.maven.runtime_3.9.1200.20260112-2306\jars\maven-resolver-transport-file-1.9.25.jar
2026-04-02 21:38:01,143 [Worker-147: Launching poormoney (15)] INFO  o.eclipse.m2e.core.internal.Bundles - 	Entry: C:\Users\user\Desktop\sts-5.1.1.RELEASE\plugins\org.eclipse.m2e.maven.runtime_3.9.1200.20260112-2306\jars\maven-resolver-transport-http-1.9.25.jar
2026-04-02 21:38:01,143 [Worker-147: Launching poormoney (15)] INFO  o.eclipse.m2e.core.internal.Bundles - 	Entry: C:\Users\user\Desktop\sts-5.1.1.RELEASE\plugins\org.eclipse.m2e.maven.runtime_3.9.1200.20260112-2306\jars\maven-resolver-transport-wagon-1.9.25.jar
2026-04-02 21:38:01,144 [Worker-147: Launching poormoney (15)] INFO  o.eclipse.m2e.core.internal.Bundles - 	Entry: C:\Users\user\Desktop\sts-5.1.1.RELEASE\plugins\org.eclipse.m2e.maven.runtime_3.9.1200.20260112-2306\jars\maven-resolver-util-1.9.25.jar
2026-04-02 21:38:01,144 [Worker-147: Launching poormoney (15)] INFO  o.eclipse.m2e.core.internal.Bundles - 	Entry: C:\Users\user\Desktop\sts-5.1.1.RELEASE\plugins\org.eclipse.m2e.maven.runtime_3.9.1200.20260112-2306\jars\maven-settings-3.9.12.jar
2026-04-02 21:38:01,144 [Worker-147: Launching poormoney (15)] INFO  o.eclipse.m2e.core.internal.Bundles - 	Entry: C:\Users\user\Desktop\sts-5.1.1.RELEASE\plugins\org.eclipse.m2e.maven.runtime_3.9.1200.20260112-2306\jars\maven-settings-builder-3.9.12.jar
2026-04-02 21:38:01,144 [Worker-147: Launching poormoney (15)] INFO  o.eclipse.m2e.core.internal.Bundles - 	Entry: C:\Users\user\Desktop\sts-5.1.1.RELEASE\plugins\org.eclipse.m2e.maven.runtime_3.9.1200.20260112-2306\jars\maven-shared-utils-3.4.2.jar
2026-04-02 21:38:01,144 [Worker-147: Launching poormoney (15)] INFO  o.eclipse.m2e.core.internal.Bundles - 	Entry: C:\Users\user\Desktop\sts-5.1.1.RELEASE\plugins\org.eclipse.m2e.maven.runtime_3.9.1200.20260112-2306\jars\org.eclipse.sisu.inject-0.9.0.M4.jar
2026-04-02 21:38:01,144 [Worker-147: Launching poormoney (15)] INFO  o.eclipse.m2e.core.internal.Bundles - 	Entry: C:\Users\user\Desktop\sts-5.1.1.RELEASE\plugins\org.eclipse.m2e.maven.runtime_3.9.1200.20260112-2306\jars\org.eclipse.sisu.plexus-0.9.0.M4.jar
2026-04-02 21:38:01,144 [Worker-147: Launching poormoney (15)] INFO  o.eclipse.m2e.core.internal.Bundles - 	Entry: C:\Users\user\Desktop\sts-5.1.1.RELEASE\plugins\org.eclipse.m2e.maven.runtime_3.9.1200.20260112-2306\jars\plexus-build-api-0.0.7.jar
2026-04-02 21:38:01,144 [Worker-147: Launching poormoney (15)] INFO  o.eclipse.m2e.core.internal.Bundles - 	Entry: C:\Users\user\Desktop\sts-5.1.1.RELEASE\plugins\org.eclipse.m2e.maven.runtime_3.9.1200.20260112-2306\jars\plexus-build-api-1.2.0.jar
2026-04-02 21:38:01,144 [Worker-147: Launching poormoney (15)] INFO  o.eclipse.m2e.core.internal.Bundles - 	Entry: C:\Users\user\Desktop\sts-5.1.1.RELEASE\plugins\org.eclipse.m2e.maven.runtime_3.9.1200.20260112-2306\jars\plexus-cipher-2.0.jar
2026-04-02 21:38:01,146 [Worker-147: Launching poormoney (15)] INFO  o.eclipse.m2e.core.internal.Bundles - 	Entry: C:\Users\user\Desktop\sts-5.1.1.RELEASE\plugins\org.eclipse.m2e.maven.runtime_3.9.1200.20260112-2306\jars\plexus-classworlds-2.9.0.jar
2026-04-02 21:38:01,146 [Worker-147: Launching poormoney (15)] INFO  o.eclipse.m2e.core.internal.Bundles - 	Entry: C:\Users\user\Desktop\sts-5.1.1.RELEASE\plugins\org.eclipse.m2e.maven.runtime_3.9.1200.20260112-2306\jars\plexus-component-annotations-2.2.0.jar
2026-04-02 21:38:01,146 [Worker-147: Launching poormoney (15)] INFO  o.eclipse.m2e.core.internal.Bundles - 	Entry: C:\Users\user\Desktop\sts-5.1.1.RELEASE\plugins\org.eclipse.m2e.maven.runtime_3.9.1200.20260112-2306\jars\plexus-interpolation-1.29.jar
2026-04-02 21:38:01,146 [Worker-147: Launching poormoney (15)] INFO  o.eclipse.m2e.core.internal.Bundles - 	Entry: C:\Users\user\Desktop\sts-5.1.1.RELEASE\plugins\org.eclipse.m2e.maven.runtime_3.9.1200.20260112-2306\jars\plexus-sec-dispatcher-2.0.jar
2026-04-02 21:38:01,146 [Worker-147: Launching poormoney (15)] INFO  o.eclipse.m2e.core.internal.Bundles - 	Entry: C:\Users\user\Desktop\sts-5.1.1.RELEASE\plugins\org.eclipse.m2e.maven.runtime_3.9.1200.20260112-2306\jars\plexus-utils-3.6.0.jar
2026-04-02 21:38:01,146 [Worker-147: Launching poormoney (15)] INFO  o.eclipse.m2e.core.internal.Bundles - 	Entry: C:\Users\user\Desktop\sts-5.1.1.RELEASE\plugins\org.eclipse.m2e.maven.runtime_3.9.1200.20260112-2306\jars\wagon-file-3.5.3.jar
2026-04-02 21:38:01,146 [Worker-147: Launching poormoney (15)] INFO  o.eclipse.m2e.core.internal.Bundles - 	Entry: C:\Users\user\Desktop\sts-5.1.1.RELEASE\plugins\org.eclipse.m2e.maven.runtime_3.9.1200.20260112-2306\jars\wagon-http-3.5.3.jar
2026-04-02 21:38:01,146 [Worker-147: Launching poormoney (15)] INFO  o.eclipse.m2e.core.internal.Bundles - 	Entry: C:\Users\user\Desktop\sts-5.1.1.RELEASE\plugins\org.eclipse.m2e.maven.runtime_3.9.1200.20260112-2306\jars\wagon-http-shared-3.5.3.jar
2026-04-02 21:38:01,146 [Worker-147: Launching poormoney (15)] INFO  o.eclipse.m2e.core.internal.Bundles - 	Entry: C:\Users\user\Desktop\sts-5.1.1.RELEASE\plugins\org.eclipse.m2e.maven.runtime_3.9.1200.20260112-2306\jars\wagon-provider-api-3.5.3.jar
2026-04-02 21:38:01,146 [Worker-147: Launching poormoney (15)] INFO  o.eclipse.m2e.core.internal.Bundles - getClasspathEntries(Bundle=com.google.guava_33.5.0.jre [31])
2026-04-02 21:38:01,147 [Worker-147: Launching poormoney (15)] INFO  o.eclipse.m2e.core.internal.Bundles - 	Entry: C:\Users\user\Desktop\sts-5.1.1.RELEASE\plugins\com.google.guava_33.5.0.jre.jar
2026-04-02 21:38:01,147 [Worker-147: Launching poormoney (15)] INFO  o.eclipse.m2e.core.internal.Bundles - getClasspathEntries(Bundle=slf4j.api_2.0.17 [620])
2026-04-02 21:38:01,147 [Worker-147: Launching poormoney (15)] INFO  o.eclipse.m2e.core.internal.Bundles - 	Entry: C:\Users\user\Desktop\sts-5.1.1.RELEASE\plugins\slf4j.api_2.0.17.jar
2026-04-02 21:38:01,147 [Worker-147: Launching poormoney (15)] INFO  o.eclipse.m2e.core.internal.Bundles - getClasspathEntries(Bundle=jakarta.inject.jakarta.inject-api_1.0.5 [46])
2026-04-02 21:38:01,147 [Worker-147: Launching poormoney (15)] INFO  o.eclipse.m2e.core.internal.Bundles - 	Entry: C:\Users\user\Desktop\sts-5.1.1.RELEASE\plugins\jakarta.inject.jakarta.inject-api_1.0.5.jar
2026-04-02 21:38:01,147 [Worker-147: Launching poormoney (15)] INFO  o.eclipse.m2e.core.internal.Bundles - getClasspathEntries(Bundle=jakarta.annotation-api_1.3.5 [43])
2026-04-02 21:38:01,148 [Worker-147: Launching poormoney (15)] INFO  o.eclipse.m2e.core.internal.Bundles - 	Entry: C:\Users\user\Desktop\sts-5.1.1.RELEASE\plugins\jakarta.annotation-api_1.3.5.jar
2026-04-02 21:38:01,148 [Worker-147: Launching poormoney (15)] INFO  o.eclipse.m2e.core.internal.Bundles - getClasspathEntries(Bundle=org.apache.commons.cli_1.11.0 [86])
2026-04-02 21:38:01,148 [Worker-147: Launching poormoney (15)] INFO  o.eclipse.m2e.core.internal.Bundles - 	Entry: C:\Users\user\Desktop\sts-5.1.1.RELEASE\plugins\org.apache.commons.cli_1.11.0.jar
2026-04-02 21:38:01,148 [Worker-147: Launching poormoney (15)] INFO  o.eclipse.m2e.core.internal.Bundles - getClasspathEntries(Bundle=org.apache.commons.commons-codec_1.21.0 [88])
2026-04-02 21:38:01,148 [Worker-147: Launching poormoney (15)] INFO  o.eclipse.m2e.core.internal.Bundles - 	Entry: C:\Users\user\Desktop\sts-5.1.1.RELEASE\plugins\org.apache.commons.commons-codec_1.21.0.jar
2026-04-02 21:38:01,148 [Worker-147: Launching poormoney (15)] INFO  o.eclipse.m2e.core.internal.Bundles - getClasspathEntries(Bundle=com.google.guava.failureaccess_1.0.3 [32])
2026-04-02 21:38:01,148 [Worker-147: Launching poormoney (15)] INFO  o.eclipse.m2e.core.internal.Bundles - 	Entry: C:\Users\user\Desktop\sts-5.1.1.RELEASE\plugins\com.google.guava.failureaccess_1.0.3.jar
2026-04-02 21:38:01,150 [Worker-147: Launching poormoney (15)] INFO  o.e.m.i.launch.MavenLaunchDelegate - Run build in "C:\Users\user\Desktop\내지갑지키미\workspace\poormoney":
2026-04-02 21:38:01,150 [Worker-147: Launching poormoney (15)] INFO  o.e.m.i.launch.MavenLaunchDelegate -  mvn  -B -Dstyle.color=always clean install
2026-04-02 21:46:36,622 [Worker-151: Building] INFO  o.a.m.s.f.DefaultMavenResourcesFiltering - Copying 1 resource from src\main\resources to target\classes
2026-04-02 21:46:36,625 [Worker-151: Building] INFO  o.a.m.s.f.DefaultMavenResourcesFiltering - Copying 1 resource from src\main\resources to target\classes
2026-04-02 21:46:36,628 [Worker-151: Building] INFO  o.a.m.s.f.DefaultMavenResourcesFiltering - skip non existing resourceDirectory C:\Users\user\Desktop\내지갑지키미\workspace\poormoney\src\test\resources
2026-04-02 21:46:36,650 [Worker-151: Building] WARN  o.apache.maven.project.MavenProject - Plugin is modifying compileSourceRoots through clear(), which will not work in Maven 4.0.0. Use MavenProject.addCompileSourceRoot()/removeCompileSourceRoot() methods instead. If using a plugin, please upgrade to the latest version or report the issue to the plugin maintainer. To disable these warnings, set -Dmaven.project.sourceRoots.warningsDisabled=true on the command line, in the .mvn/maven.config file, or in project POM properties.
2026-04-02 21:46:36,651 [Worker-151: Building] WARN  o.apache.maven.project.MavenProject - Plugin is modifying compileSourceRoots through add(), which will not work in Maven 4.0.0. Use MavenProject.addCompileSourceRoot()/removeCompileSourceRoot() methods instead. If using a plugin, please upgrade to the latest version or report the issue to the plugin maintainer. To disable these warnings, set -Dmaven.project.sourceRoots.warningsDisabled=true on the command line, in the .mvn/maven.config file, or in project POM properties.
2026-04-02 21:46:36,651 [Worker-151: Building] WARN  o.apache.maven.project.MavenProject - Plugin is modifying testCompileSourceRoots through clear(), which will not work in Maven 4.0.0. Use MavenProject.addTestCompileSourceRoot()/removeTestCompileSourceRoot() methods instead. If using a plugin, please upgrade to the latest version or report the issue to the plugin maintainer. To disable these warnings, set -Dmaven.project.sourceRoots.warningsDisabled=true on the command line, in the .mvn/maven.config file, or in project POM properties.
2026-04-02 21:46:36,652 [Worker-151: Building] WARN  o.apache.maven.project.MavenProject - Plugin is modifying testCompileSourceRoots through add(), which will not work in Maven 4.0.0. Use MavenProject.addTestCompileSourceRoot()/removeTestCompileSourceRoot() methods instead. If using a plugin, please upgrade to the latest version or report the issue to the plugin maintainer. To disable these warnings, set -Dmaven.project.sourceRoots.warningsDisabled=true on the command line, in the .mvn/maven.config file, or in project POM properties.
2026-04-02 21:47:30,360 [main] INFO  o.e.m2e.actions.ExecutePomAction - Creating new launch configuration
2026-04-02 21:47:33,428 [Worker-157: Launching poormoney (16)] INFO  o.eclipse.m2e.core.internal.Bundles - getClasspathEntries(Bundle=org.eclipse.m2e.maven.runtime_3.9.1200.20260112-2306 [372])
2026-04-02 21:47:33,428 [Worker-157: Launching poormoney (16)] INFO  o.eclipse.m2e.core.internal.Bundles - 	Entry: C:\Users\user\Desktop\sts-5.1.1.RELEASE\plugins\org.eclipse.m2e.maven.runtime_3.9.1200.20260112-2306
2026-04-02 21:47:33,429 [Worker-157: Launching poormoney (16)] INFO  o.eclipse.m2e.core.internal.Bundles - 	Entry: C:\Users\user\Desktop\sts-5.1.1.RELEASE\plugins\org.eclipse.m2e.maven.runtime_3.9.1200.20260112-2306\jars\aopalliance-1.0.jar
2026-04-02 21:47:33,429 [Worker-157: Launching poormoney (16)] INFO  o.eclipse.m2e.core.internal.Bundles - 	Entry: C:\Users\user\Desktop\sts-5.1.1.RELEASE\plugins\org.eclipse.m2e.maven.runtime_3.9.1200.20260112-2306\jars\asm-9.9.jar
2026-04-02 21:47:33,429 [Worker-157: Launching poormoney (16)] INFO  o.eclipse.m2e.core.internal.Bundles - 	Entry: C:\Users\user\Desktop\sts-5.1.1.RELEASE\plugins\org.eclipse.m2e.maven.runtime_3.9.1200.20260112-2306\jars\error_prone_annotations-2.41.0.jar
2026-04-02 21:47:33,429 [Worker-157: Launching poormoney (16)] INFO  o.eclipse.m2e.core.internal.Bundles - 	Entry: C:\Users\user\Desktop\sts-5.1.1.RELEASE\plugins\org.eclipse.m2e.maven.runtime_3.9.1200.20260112-2306\jars\gson-2.13.2.jar
2026-04-02 21:47:33,429 [Worker-157: Launching poormoney (16)] INFO  o.eclipse.m2e.core.internal.Bundles - 	Entry: C:\Users\user\Desktop\sts-5.1.1.RELEASE\plugins\org.eclipse.m2e.maven.runtime_3.9.1200.20260112-2306\jars\guice-5.1.0-classes.jar
2026-04-02 21:47:33,430 [Worker-157: Launching poormoney (16)] INFO  o.eclipse.m2e.core.internal.Bundles - 	Entry: C:\Users\user\Desktop\sts-5.1.1.RELEASE\plugins\org.eclipse.m2e.maven.runtime_3.9.1200.20260112-2306\jars\httpclient-4.5.14.jar
2026-04-02 21:47:33,430 [Worker-157: Launching poormoney (16)] INFO  o.eclipse.m2e.core.internal.Bundles - 	Entry: C:\Users\user\Desktop\sts-5.1.1.RELEASE\plugins\org.eclipse.m2e.maven.runtime_3.9.1200.20260112-2306\jars\httpcore-4.4.16.jar
2026-04-02 21:47:33,430 [Worker-157: Launching poormoney (16)] INFO  o.eclipse.m2e.core.internal.Bundles - 	Entry: C:\Users\user\Desktop\sts-5.1.1.RELEASE\plugins\org.eclipse.m2e.maven.runtime_3.9.1200.20260112-2306\jars\jansi-2.4.2.jar
2026-04-02 21:47:33,430 [Worker-157: Launching poormoney (16)] INFO  o.eclipse.m2e.core.internal.Bundles - 	Entry: C:\Users\user\Desktop\sts-5.1.1.RELEASE\plugins\org.eclipse.m2e.maven.runtime_3.9.1200.20260112-2306\jars\jcl-over-slf4j-1.7.36.jar
2026-04-02 21:47:33,430 [Worker-157: Launching poormoney (16)] INFO  o.eclipse.m2e.core.internal.Bundles - 	Entry: C:\Users\user\Desktop\sts-5.1.1.RELEASE\plugins\org.eclipse.m2e.maven.runtime_3.9.1200.20260112-2306\jars\maven-artifact-3.9.12.jar
2026-04-02 21:47:33,430 [Worker-157: Launching poormoney (16)] INFO  o.eclipse.m2e.core.internal.Bundles - 	Entry: C:\Users\user\Desktop\sts-5.1.1.RELEASE\plugins\org.eclipse.m2e.maven.runtime_3.9.1200.20260112-2306\jars\maven-builder-support-3.9.12.jar
2026-04-02 21:47:33,430 [Worker-157: Launching poormoney (16)] INFO  o.eclipse.m2e.core.internal.Bundles - 	Entry: C:\Users\user\Desktop\sts-5.1.1.RELEASE\plugins\org.eclipse.m2e.maven.runtime_3.9.1200.20260112-2306\jars\maven-compat-3.9.12.jar
2026-04-02 21:47:33,430 [Worker-157: Launching poormoney (16)] INFO  o.eclipse.m2e.core.internal.Bundles - 	Entry: C:\Users\user\Desktop\sts-5.1.1.RELEASE\plugins\org.eclipse.m2e.maven.runtime_3.9.1200.20260112-2306\jars\maven-core-3.9.12.jar
2026-04-02 21:47:33,431 [Worker-157: Launching poormoney (16)] INFO  o.eclipse.m2e.core.internal.Bundles - 	Entry: C:\Users\user\Desktop\sts-5.1.1.RELEASE\plugins\org.eclipse.m2e.maven.runtime_3.9.1200.20260112-2306\jars\maven-embedder-3.9.12.jar
2026-04-02 21:47:33,431 [Worker-157: Launching poormoney (16)] INFO  o.eclipse.m2e.core.internal.Bundles - 	Entry: C:\Users\user\Desktop\sts-5.1.1.RELEASE\plugins\org.eclipse.m2e.maven.runtime_3.9.1200.20260112-2306\jars\maven-model-3.9.12.jar
2026-04-02 21:47:33,431 [Worker-157: Launching poormoney (16)] INFO  o.eclipse.m2e.core.internal.Bundles - 	Entry: C:\Users\user\Desktop\sts-5.1.1.RELEASE\plugins\org.eclipse.m2e.maven.runtime_3.9.1200.20260112-2306\jars\maven-model-builder-3.9.12.jar
2026-04-02 21:47:33,431 [Worker-157: Launching poormoney (16)] INFO  o.eclipse.m2e.core.internal.Bundles - 	Entry: C:\Users\user\Desktop\sts-5.1.1.RELEASE\plugins\org.eclipse.m2e.maven.runtime_3.9.1200.20260112-2306\jars\maven-plugin-api-3.9.12.jar
2026-04-02 21:47:33,431 [Worker-157: Launching poormoney (16)] INFO  o.eclipse.m2e.core.internal.Bundles - 	Entry: C:\Users\user\Desktop\sts-5.1.1.RELEASE\plugins\org.eclipse.m2e.maven.runtime_3.9.1200.20260112-2306\jars\maven-repository-metadata-3.9.12.jar
2026-04-02 21:47:33,431 [Worker-157: Launching poormoney (16)] INFO  o.eclipse.m2e.core.internal.Bundles - 	Entry: C:\Users\user\Desktop\sts-5.1.1.RELEASE\plugins\org.eclipse.m2e.maven.runtime_3.9.1200.20260112-2306\jars\maven-resolver-api-1.9.25.jar
2026-04-02 21:47:33,431 [Worker-157: Launching poormoney (16)] INFO  o.eclipse.m2e.core.internal.Bundles - 	Entry: C:\Users\user\Desktop\sts-5.1.1.RELEASE\plugins\org.eclipse.m2e.maven.runtime_3.9.1200.20260112-2306\jars\maven-resolver-connector-basic-1.9.25.jar
2026-04-02 21:47:33,432 [Worker-157: Launching poormoney (16)] INFO  o.eclipse.m2e.core.internal.Bundles - 	Entry: C:\Users\user\Desktop\sts-5.1.1.RELEASE\plugins\org.eclipse.m2e.maven.runtime_3.9.1200.20260112-2306\jars\maven-resolver-impl-1.9.25.jar
2026-04-02 21:47:33,432 [Worker-157: Launching poormoney (16)] INFO  o.eclipse.m2e.core.internal.Bundles - 	Entry: C:\Users\user\Desktop\sts-5.1.1.RELEASE\plugins\org.eclipse.m2e.maven.runtime_3.9.1200.20260112-2306\jars\maven-resolver-named-locks-1.9.25.jar
2026-04-02 21:47:33,432 [Worker-157: Launching poormoney (16)] INFO  o.eclipse.m2e.core.internal.Bundles - 	Entry: C:\Users\user\Desktop\sts-5.1.1.RELEASE\plugins\org.eclipse.m2e.maven.runtime_3.9.1200.20260112-2306\jars\maven-resolver-provider-3.9.12.jar
2026-04-02 21:47:33,432 [Worker-157: Launching poormoney (16)] INFO  o.eclipse.m2e.core.internal.Bundles - 	Entry: C:\Users\user\Desktop\sts-5.1.1.RELEASE\plugins\org.eclipse.m2e.maven.runtime_3.9.1200.20260112-2306\jars\maven-resolver-spi-1.9.25.jar
2026-04-02 21:47:33,432 [Worker-157: Launching poormoney (16)] INFO  o.eclipse.m2e.core.internal.Bundles - 	Entry: C:\Users\user\Desktop\sts-5.1.1.RELEASE\plugins\org.eclipse.m2e.maven.runtime_3.9.1200.20260112-2306\jars\maven-resolver-transport-file-1.9.25.jar
2026-04-02 21:47:33,432 [Worker-157: Launching poormoney (16)] INFO  o.eclipse.m2e.core.internal.Bundles - 	Entry: C:\Users\user\Desktop\sts-5.1.1.RELEASE\plugins\org.eclipse.m2e.maven.runtime_3.9.1200.20260112-2306\jars\maven-resolver-transport-http-1.9.25.jar
2026-04-02 21:47:33,432 [Worker-157: Launching poormoney (16)] INFO  o.eclipse.m2e.core.internal.Bundles - 	Entry: C:\Users\user\Desktop\sts-5.1.1.RELEASE\plugins\org.eclipse.m2e.maven.runtime_3.9.1200.20260112-2306\jars\maven-resolver-transport-wagon-1.9.25.jar
2026-04-02 21:47:33,432 [Worker-157: Launching poormoney (16)] INFO  o.eclipse.m2e.core.internal.Bundles - 	Entry: C:\Users\user\Desktop\sts-5.1.1.RELEASE\plugins\org.eclipse.m2e.maven.runtime_3.9.1200.20260112-2306\jars\maven-resolver-util-1.9.25.jar
2026-04-02 21:47:33,433 [Worker-157: Launching poormoney (16)] INFO  o.eclipse.m2e.core.internal.Bundles - 	Entry: C:\Users\user\Desktop\sts-5.1.1.RELEASE\plugins\org.eclipse.m2e.maven.runtime_3.9.1200.20260112-2306\jars\maven-settings-3.9.12.jar
2026-04-02 21:47:33,433 [Worker-157: Launching poormoney (16)] INFO  o.eclipse.m2e.core.internal.Bundles - 	Entry: C:\Users\user\Desktop\sts-5.1.1.RELEASE\plugins\org.eclipse.m2e.maven.runtime_3.9.1200.20260112-2306\jars\maven-settings-builder-3.9.12.jar
2026-04-02 21:47:33,433 [Worker-157: Launching poormoney (16)] INFO  o.eclipse.m2e.core.internal.Bundles - 	Entry: C:\Users\user\Desktop\sts-5.1.1.RELEASE\plugins\org.eclipse.m2e.maven.runtime_3.9.1200.20260112-2306\jars\maven-shared-utils-3.4.2.jar
2026-04-02 21:47:33,433 [Worker-157: Launching poormoney (16)] INFO  o.eclipse.m2e.core.internal.Bundles - 	Entry: C:\Users\user\Desktop\sts-5.1.1.RELEASE\plugins\org.eclipse.m2e.maven.runtime_3.9.1200.20260112-2306\jars\org.eclipse.sisu.inject-0.9.0.M4.jar
2026-04-02 21:47:33,433 [Worker-157: Launching poormoney (16)] INFO  o.eclipse.m2e.core.internal.Bundles - 	Entry: C:\Users\user\Desktop\sts-5.1.1.RELEASE\plugins\org.eclipse.m2e.maven.runtime_3.9.1200.20260112-2306\jars\org.eclipse.sisu.plexus-0.9.0.M4.jar
2026-04-02 21:47:33,433 [Worker-157: Launching poormoney (16)] INFO  o.eclipse.m2e.core.internal.Bundles - 	Entry: C:\Users\user\Desktop\sts-5.1.1.RELEASE\plugins\org.eclipse.m2e.maven.runtime_3.9.1200.20260112-2306\jars\plexus-build-api-0.0.7.jar
2026-04-02 21:47:33,433 [Worker-157: Launching poormoney (16)] INFO  o.eclipse.m2e.core.internal.Bundles - 	Entry: C:\Users\user\Desktop\sts-5.1.1.RELEASE\plugins\org.eclipse.m2e.maven.runtime_3.9.1200.20260112-2306\jars\plexus-build-api-1.2.0.jar
2026-04-02 21:47:33,433 [Worker-157: Launching poormoney (16)] INFO  o.eclipse.m2e.core.internal.Bundles - 	Entry: C:\Users\user\Desktop\sts-5.1.1.RELEASE\plugins\org.eclipse.m2e.maven.runtime_3.9.1200.20260112-2306\jars\plexus-cipher-2.0.jar
2026-04-02 21:47:33,434 [Worker-157: Launching poormoney (16)] INFO  o.eclipse.m2e.core.internal.Bundles - 	Entry: C:\Users\user\Desktop\sts-5.1.1.RELEASE\plugins\org.eclipse.m2e.maven.runtime_3.9.1200.20260112-2306\jars\plexus-classworlds-2.9.0.jar
2026-04-02 21:47:33,434 [Worker-157: Launching poormoney (16)] INFO  o.eclipse.m2e.core.internal.Bundles - 	Entry: C:\Users\user\Desktop\sts-5.1.1.RELEASE\plugins\org.eclipse.m2e.maven.runtime_3.9.1200.20260112-2306\jars\plexus-component-annotations-2.2.0.jar
2026-04-02 21:47:33,434 [Worker-157: Launching poormoney (16)] INFO  o.eclipse.m2e.core.internal.Bundles - 	Entry: C:\Users\user\Desktop\sts-5.1.1.RELEASE\plugins\org.eclipse.m2e.maven.runtime_3.9.1200.20260112-2306\jars\plexus-interpolation-1.29.jar
2026-04-02 21:47:33,434 [Worker-157: Launching poormoney (16)] INFO  o.eclipse.m2e.core.internal.Bundles - 	Entry: C:\Users\user\Desktop\sts-5.1.1.RELEASE\plugins\org.eclipse.m2e.maven.runtime_3.9.1200.20260112-2306\jars\plexus-sec-dispatcher-2.0.jar
2026-04-02 21:47:33,434 [Worker-157: Launching poormoney (16)] INFO  o.eclipse.m2e.core.internal.Bundles - 	Entry: C:\Users\user\Desktop\sts-5.1.1.RELEASE\plugins\org.eclipse.m2e.maven.runtime_3.9.1200.20260112-2306\jars\plexus-utils-3.6.0.jar
2026-04-02 21:47:33,434 [Worker-157: Launching poormoney (16)] INFO  o.eclipse.m2e.core.internal.Bundles - 	Entry: C:\Users\user\Desktop\sts-5.1.1.RELEASE\plugins\org.eclipse.m2e.maven.runtime_3.9.1200.20260112-2306\jars\wagon-file-3.5.3.jar
2026-04-02 21:47:33,434 [Worker-157: Launching poormoney (16)] INFO  o.eclipse.m2e.core.internal.Bundles - 	Entry: C:\Users\user\Desktop\sts-5.1.1.RELEASE\plugins\org.eclipse.m2e.maven.runtime_3.9.1200.20260112-2306\jars\wagon-http-3.5.3.jar
2026-04-02 21:47:33,434 [Worker-157: Launching poormoney (16)] INFO  o.eclipse.m2e.core.internal.Bundles - 	Entry: C:\Users\user\Desktop\sts-5.1.1.RELEASE\plugins\org.eclipse.m2e.maven.runtime_3.9.1200.20260112-2306\jars\wagon-http-shared-3.5.3.jar
2026-04-02 21:47:33,435 [Worker-157: Launching poormoney (16)] INFO  o.eclipse.m2e.core.internal.Bundles - 	Entry: C:\Users\user\Desktop\sts-5.1.1.RELEASE\plugins\org.eclipse.m2e.maven.runtime_3.9.1200.20260112-2306\jars\wagon-provider-api-3.5.3.jar
2026-04-02 21:47:33,435 [Worker-157: Launching poormoney (16)] INFO  o.eclipse.m2e.core.internal.Bundles - getClasspathEntries(Bundle=com.google.guava_33.5.0.jre [31])
2026-04-02 21:47:33,435 [Worker-157: Launching poormoney (16)] INFO  o.eclipse.m2e.core.internal.Bundles - 	Entry: C:\Users\user\Desktop\sts-5.1.1.RELEASE\plugins\com.google.guava_33.5.0.jre.jar
2026-04-02 21:47:33,435 [Worker-157: Launching poormoney (16)] INFO  o.eclipse.m2e.core.internal.Bundles - getClasspathEntries(Bundle=slf4j.api_2.0.17 [620])
2026-04-02 21:47:33,435 [Worker-157: Launching poormoney (16)] INFO  o.eclipse.m2e.core.internal.Bundles - 	Entry: C:\Users\user\Desktop\sts-5.1.1.RELEASE\plugins\slf4j.api_2.0.17.jar
2026-04-02 21:47:33,436 [Worker-157: Launching poormoney (16)] INFO  o.eclipse.m2e.core.internal.Bundles - getClasspathEntries(Bundle=jakarta.inject.jakarta.inject-api_1.0.5 [46])
2026-04-02 21:47:33,436 [Worker-157: Launching poormoney (16)] INFO  o.eclipse.m2e.core.internal.Bundles - 	Entry: C:\Users\user\Desktop\sts-5.1.1.RELEASE\plugins\jakarta.inject.jakarta.inject-api_1.0.5.jar
2026-04-02 21:47:33,436 [Worker-157: Launching poormoney (16)] INFO  o.eclipse.m2e.core.internal.Bundles - getClasspathEntries(Bundle=jakarta.annotation-api_1.3.5 [43])
2026-04-02 21:47:33,436 [Worker-157: Launching poormoney (16)] INFO  o.eclipse.m2e.core.internal.Bundles - 	Entry: C:\Users\user\Desktop\sts-5.1.1.RELEASE\plugins\jakarta.annotation-api_1.3.5.jar
2026-04-02 21:47:33,436 [Worker-157: Launching poormoney (16)] INFO  o.eclipse.m2e.core.internal.Bundles - getClasspathEntries(Bundle=org.apache.commons.cli_1.11.0 [86])
2026-04-02 21:47:33,436 [Worker-157: Launching poormoney (16)] INFO  o.eclipse.m2e.core.internal.Bundles - 	Entry: C:\Users\user\Desktop\sts-5.1.1.RELEASE\plugins\org.apache.commons.cli_1.11.0.jar
2026-04-02 21:47:33,436 [Worker-157: Launching poormoney (16)] INFO  o.eclipse.m2e.core.internal.Bundles - getClasspathEntries(Bundle=org.apache.commons.commons-codec_1.21.0 [88])
2026-04-02 21:47:33,437 [Worker-157: Launching poormoney (16)] INFO  o.eclipse.m2e.core.internal.Bundles - 	Entry: C:\Users\user\Desktop\sts-5.1.1.RELEASE\plugins\org.apache.commons.commons-codec_1.21.0.jar
2026-04-02 21:47:33,437 [Worker-157: Launching poormoney (16)] INFO  o.eclipse.m2e.core.internal.Bundles - getClasspathEntries(Bundle=com.google.guava.failureaccess_1.0.3 [32])
2026-04-02 21:47:33,437 [Worker-157: Launching poormoney (16)] INFO  o.eclipse.m2e.core.internal.Bundles - 	Entry: C:\Users\user\Desktop\sts-5.1.1.RELEASE\plugins\com.google.guava.failureaccess_1.0.3.jar
2026-04-02 21:47:33,439 [Worker-157: Launching poormoney (16)] INFO  o.e.m.i.launch.MavenLaunchDelegate - Run build in "C:\Users\user\Desktop\내지갑지키미\workspace\poormoney":
2026-04-02 21:47:33,439 [Worker-157: Launching poormoney (16)] INFO  o.e.m.i.launch.MavenLaunchDelegate -  mvn  -B -Dstyle.color=always clean install
2026-04-02 22:02:51,327 [Worker-170: Building] INFO  o.a.m.s.f.DefaultMavenResourcesFiltering - Copying 1 resource from src\main\resources to target\classes
2026-04-02 22:02:51,330 [Worker-170: Building] INFO  o.a.m.s.f.DefaultMavenResourcesFiltering - Copying 1 resource from src\main\resources to target\classes
2026-04-02 22:02:51,342 [Worker-170: Building] INFO  o.a.m.s.f.DefaultMavenResourcesFiltering - skip non existing resourceDirectory C:\Users\user\Desktop\내지갑지키미\workspace\poormoney\src\test\resources
2026-04-02 22:02:51,343 [Worker-170: Building] WARN  o.apache.maven.project.MavenProject - Plugin is modifying compileSourceRoots through clear(), which will not work in Maven 4.0.0. Use MavenProject.addCompileSourceRoot()/removeCompileSourceRoot() methods instead. If using a plugin, please upgrade to the latest version or report the issue to the plugin maintainer. To disable these warnings, set -Dmaven.project.sourceRoots.warningsDisabled=true on the command line, in the .mvn/maven.config file, or in project POM properties.
2026-04-02 22:02:51,343 [Worker-170: Building] WARN  o.apache.maven.project.MavenProject - Plugin is modifying compileSourceRoots through add(), which will not work in Maven 4.0.0. Use MavenProject.addCompileSourceRoot()/removeCompileSourceRoot() methods instead. If using a plugin, please upgrade to the latest version or report the issue to the plugin maintainer. To disable these warnings, set -Dmaven.project.sourceRoots.warningsDisabled=true on the command line, in the .mvn/maven.config file, or in project POM properties.
2026-04-02 22:02:51,344 [Worker-170: Building] WARN  o.apache.maven.project.MavenProject - Plugin is modifying testCompileSourceRoots through clear(), which will not work in Maven 4.0.0. Use MavenProject.addTestCompileSourceRoot()/removeTestCompileSourceRoot() methods instead. If using a plugin, please upgrade to the latest version or report the issue to the plugin maintainer. To disable these warnings, set -Dmaven.project.sourceRoots.warningsDisabled=true on the command line, in the .mvn/maven.config file, or in project POM properties.
2026-04-02 22:02:51,345 [Worker-170: Building] WARN  o.apache.maven.project.MavenProject - Plugin is modifying testCompileSourceRoots through add(), which will not work in Maven 4.0.0. Use MavenProject.addTestCompileSourceRoot()/removeTestCompileSourceRoot() methods instead. If using a plugin, please upgrade to the latest version or report the issue to the plugin maintainer. To disable these warnings, set -Dmaven.project.sourceRoots.warningsDisabled=true on the command line, in the .mvn/maven.config file, or in project POM properties.
2026-04-02 22:03:18,606 [main] INFO  o.e.m2e.actions.ExecutePomAction - Creating new launch configuration
2026-04-02 22:03:23,232 [Worker-171: Launching poormoney (17)] INFO  o.eclipse.m2e.core.internal.Bundles - getClasspathEntries(Bundle=org.eclipse.m2e.maven.runtime_3.9.1200.20260112-2306 [372])
2026-04-02 22:03:23,232 [Worker-171: Launching poormoney (17)] INFO  o.eclipse.m2e.core.internal.Bundles - 	Entry: C:\Users\user\Desktop\sts-5.1.1.RELEASE\plugins\org.eclipse.m2e.maven.runtime_3.9.1200.20260112-2306
2026-04-02 22:03:23,232 [Worker-171: Launching poormoney (17)] INFO  o.eclipse.m2e.core.internal.Bundles - 	Entry: C:\Users\user\Desktop\sts-5.1.1.RELEASE\plugins\org.eclipse.m2e.maven.runtime_3.9.1200.20260112-2306\jars\aopalliance-1.0.jar
2026-04-02 22:03:23,233 [Worker-171: Launching poormoney (17)] INFO  o.eclipse.m2e.core.internal.Bundles - 	Entry: C:\Users\user\Desktop\sts-5.1.1.RELEASE\plugins\org.eclipse.m2e.maven.runtime_3.9.1200.20260112-2306\jars\asm-9.9.jar
2026-04-02 22:03:23,233 [Worker-171: Launching poormoney (17)] INFO  o.eclipse.m2e.core.internal.Bundles - 	Entry: C:\Users\user\Desktop\sts-5.1.1.RELEASE\plugins\org.eclipse.m2e.maven.runtime_3.9.1200.20260112-2306\jars\error_prone_annotations-2.41.0.jar
2026-04-02 22:03:23,233 [Worker-171: Launching poormoney (17)] INFO  o.eclipse.m2e.core.internal.Bundles - 	Entry: C:\Users\user\Desktop\sts-5.1.1.RELEASE\plugins\org.eclipse.m2e.maven.runtime_3.9.1200.20260112-2306\jars\gson-2.13.2.jar
2026-04-02 22:03:23,233 [Worker-171: Launching poormoney (17)] INFO  o.eclipse.m2e.core.internal.Bundles - 	Entry: C:\Users\user\Desktop\sts-5.1.1.RELEASE\plugins\org.eclipse.m2e.maven.runtime_3.9.1200.20260112-2306\jars\guice-5.1.0-classes.jar
2026-04-02 22:03:23,233 [Worker-171: Launching poormoney (17)] INFO  o.eclipse.m2e.core.internal.Bundles - 	Entry: C:\Users\user\Desktop\sts-5.1.1.RELEASE\plugins\org.eclipse.m2e.maven.runtime_3.9.1200.20260112-2306\jars\httpclient-4.5.14.jar
2026-04-02 22:03:23,233 [Worker-171: Launching poormoney (17)] INFO  o.eclipse.m2e.core.internal.Bundles - 	Entry: C:\Users\user\Desktop\sts-5.1.1.RELEASE\plugins\org.eclipse.m2e.maven.runtime_3.9.1200.20260112-2306\jars\httpcore-4.4.16.jar
2026-04-02 22:03:23,233 [Worker-171: Launching poormoney (17)] INFO  o.eclipse.m2e.core.internal.Bundles - 	Entry: C:\Users\user\Desktop\sts-5.1.1.RELEASE\plugins\org.eclipse.m2e.maven.runtime_3.9.1200.20260112-2306\jars\jansi-2.4.2.jar
2026-04-02 22:03:23,234 [Worker-171: Launching poormoney (17)] INFO  o.eclipse.m2e.core.internal.Bundles - 	Entry: C:\Users\user\Desktop\sts-5.1.1.RELEASE\plugins\org.eclipse.m2e.maven.runtime_3.9.1200.20260112-2306\jars\jcl-over-slf4j-1.7.36.jar
2026-04-02 22:03:23,234 [Worker-171: Launching poormoney (17)] INFO  o.eclipse.m2e.core.internal.Bundles - 	Entry: C:\Users\user\Desktop\sts-5.1.1.RELEASE\plugins\org.eclipse.m2e.maven.runtime_3.9.1200.20260112-2306\jars\maven-artifact-3.9.12.jar
2026-04-02 22:03:23,234 [Worker-171: Launching poormoney (17)] INFO  o.eclipse.m2e.core.internal.Bundles - 	Entry: C:\Users\user\Desktop\sts-5.1.1.RELEASE\plugins\org.eclipse.m2e.maven.runtime_3.9.1200.20260112-2306\jars\maven-builder-support-3.9.12.jar
2026-04-02 22:03:23,234 [Worker-171: Launching poormoney (17)] INFO  o.eclipse.m2e.core.internal.Bundles - 	Entry: C:\Users\user\Desktop\sts-5.1.1.RELEASE\plugins\org.eclipse.m2e.maven.runtime_3.9.1200.20260112-2306\jars\maven-compat-3.9.12.jar
2026-04-02 22:03:23,234 [Worker-171: Launching poormoney (17)] INFO  o.eclipse.m2e.core.internal.Bundles - 	Entry: C:\Users\user\Desktop\sts-5.1.1.RELEASE\plugins\org.eclipse.m2e.maven.runtime_3.9.1200.20260112-2306\jars\maven-core-3.9.12.jar
2026-04-02 22:03:23,234 [Worker-171: Launching poormoney (17)] INFO  o.eclipse.m2e.core.internal.Bundles - 	Entry: C:\Users\user\Desktop\sts-5.1.1.RELEASE\plugins\org.eclipse.m2e.maven.runtime_3.9.1200.20260112-2306\jars\maven-embedder-3.9.12.jar
2026-04-02 22:03:23,234 [Worker-171: Launching poormoney (17)] INFO  o.eclipse.m2e.core.internal.Bundles - 	Entry: C:\Users\user\Desktop\sts-5.1.1.RELEASE\plugins\org.eclipse.m2e.maven.runtime_3.9.1200.20260112-2306\jars\maven-model-3.9.12.jar
2026-04-02 22:03:23,234 [Worker-171: Launching poormoney (17)] INFO  o.eclipse.m2e.core.internal.Bundles - 	Entry: C:\Users\user\Desktop\sts-5.1.1.RELEASE\plugins\org.eclipse.m2e.maven.runtime_3.9.1200.20260112-2306\jars\maven-model-builder-3.9.12.jar
2026-04-02 22:03:23,234 [Worker-171: Launching poormoney (17)] INFO  o.eclipse.m2e.core.internal.Bundles - 	Entry: C:\Users\user\Desktop\sts-5.1.1.RELEASE\plugins\org.eclipse.m2e.maven.runtime_3.9.1200.20260112-2306\jars\maven-plugin-api-3.9.12.jar
2026-04-02 22:03:23,235 [Worker-171: Launching poormoney (17)] INFO  o.eclipse.m2e.core.internal.Bundles - 	Entry: C:\Users\user\Desktop\sts-5.1.1.RELEASE\plugins\org.eclipse.m2e.maven.runtime_3.9.1200.20260112-2306\jars\maven-repository-metadata-3.9.12.jar
2026-04-02 22:03:23,235 [Worker-171: Launching poormoney (17)] INFO  o.eclipse.m2e.core.internal.Bundles - 	Entry: C:\Users\user\Desktop\sts-5.1.1.RELEASE\plugins\org.eclipse.m2e.maven.runtime_3.9.1200.20260112-2306\jars\maven-resolver-api-1.9.25.jar
2026-04-02 22:03:23,235 [Worker-171: Launching poormoney (17)] INFO  o.eclipse.m2e.core.internal.Bundles - 	Entry: C:\Users\user\Desktop\sts-5.1.1.RELEASE\plugins\org.eclipse.m2e.maven.runtime_3.9.1200.20260112-2306\jars\maven-resolver-connector-basic-1.9.25.jar
2026-04-02 22:03:23,235 [Worker-171: Launching poormoney (17)] INFO  o.eclipse.m2e.core.internal.Bundles - 	Entry: C:\Users\user\Desktop\sts-5.1.1.RELEASE\plugins\org.eclipse.m2e.maven.runtime_3.9.1200.20260112-2306\jars\maven-resolver-impl-1.9.25.jar
2026-04-02 22:03:23,235 [Worker-171: Launching poormoney (17)] INFO  o.eclipse.m2e.core.internal.Bundles - 	Entry: C:\Users\user\Desktop\sts-5.1.1.RELEASE\plugins\org.eclipse.m2e.maven.runtime_3.9.1200.20260112-2306\jars\maven-resolver-named-locks-1.9.25.jar
2026-04-02 22:03:23,235 [Worker-171: Launching poormoney (17)] INFO  o.eclipse.m2e.core.internal.Bundles - 	Entry: C:\Users\user\Desktop\sts-5.1.1.RELEASE\plugins\org.eclipse.m2e.maven.runtime_3.9.1200.20260112-2306\jars\maven-resolver-provider-3.9.12.jar
2026-04-02 22:03:23,235 [Worker-171: Launching poormoney (17)] INFO  o.eclipse.m2e.core.internal.Bundles - 	Entry: C:\Users\user\Desktop\sts-5.1.1.RELEASE\plugins\org.eclipse.m2e.maven.runtime_3.9.1200.20260112-2306\jars\maven-resolver-spi-1.9.25.jar
2026-04-02 22:03:23,235 [Worker-171: Launching poormoney (17)] INFO  o.eclipse.m2e.core.internal.Bundles - 	Entry: C:\Users\user\Desktop\sts-5.1.1.RELEASE\plugins\org.eclipse.m2e.maven.runtime_3.9.1200.20260112-2306\jars\maven-resolver-transport-file-1.9.25.jar
2026-04-02 22:03:23,235 [Worker-171: Launching poormoney (17)] INFO  o.eclipse.m2e.core.internal.Bundles - 	Entry: C:\Users\user\Desktop\sts-5.1.1.RELEASE\plugins\org.eclipse.m2e.maven.runtime_3.9.1200.20260112-2306\jars\maven-resolver-transport-http-1.9.25.jar
2026-04-02 22:03:23,235 [Worker-171: Launching poormoney (17)] INFO  o.eclipse.m2e.core.internal.Bundles - 	Entry: C:\Users\user\Desktop\sts-5.1.1.RELEASE\plugins\org.eclipse.m2e.maven.runtime_3.9.1200.20260112-2306\jars\maven-resolver-transport-wagon-1.9.25.jar
2026-04-02 22:03:23,235 [Worker-171: Launching poormoney (17)] INFO  o.eclipse.m2e.core.internal.Bundles - 	Entry: C:\Users\user\Desktop\sts-5.1.1.RELEASE\plugins\org.eclipse.m2e.maven.runtime_3.9.1200.20260112-2306\jars\maven-resolver-util-1.9.25.jar
2026-04-02 22:03:23,235 [Worker-171: Launching poormoney (17)] INFO  o.eclipse.m2e.core.internal.Bundles - 	Entry: C:\Users\user\Desktop\sts-5.1.1.RELEASE\plugins\org.eclipse.m2e.maven.runtime_3.9.1200.20260112-2306\jars\maven-settings-3.9.12.jar
2026-04-02 22:03:23,235 [Worker-171: Launching poormoney (17)] INFO  o.eclipse.m2e.core.internal.Bundles - 	Entry: C:\Users\user\Desktop\sts-5.1.1.RELEASE\plugins\org.eclipse.m2e.maven.runtime_3.9.1200.20260112-2306\jars\maven-settings-builder-3.9.12.jar
2026-04-02 22:03:23,237 [Worker-171: Launching poormoney (17)] INFO  o.eclipse.m2e.core.internal.Bundles - 	Entry: C:\Users\user\Desktop\sts-5.1.1.RELEASE\plugins\org.eclipse.m2e.maven.runtime_3.9.1200.20260112-2306\jars\maven-shared-utils-3.4.2.jar
2026-04-02 22:03:23,237 [Worker-171: Launching poormoney (17)] INFO  o.eclipse.m2e.core.internal.Bundles - 	Entry: C:\Users\user\Desktop\sts-5.1.1.RELEASE\plugins\org.eclipse.m2e.maven.runtime_3.9.1200.20260112-2306\jars\org.eclipse.sisu.inject-0.9.0.M4.jar
2026-04-02 22:03:23,237 [Worker-171: Launching poormoney (17)] INFO  o.eclipse.m2e.core.internal.Bundles - 	Entry: C:\Users\user\Desktop\sts-5.1.1.RELEASE\plugins\org.eclipse.m2e.maven.runtime_3.9.1200.20260112-2306\jars\org.eclipse.sisu.plexus-0.9.0.M4.jar
2026-04-02 22:03:23,237 [Worker-171: Launching poormoney (17)] INFO  o.eclipse.m2e.core.internal.Bundles - 	Entry: C:\Users\user\Desktop\sts-5.1.1.RELEASE\plugins\org.eclipse.m2e.maven.runtime_3.9.1200.20260112-2306\jars\plexus-build-api-0.0.7.jar
2026-04-02 22:03:23,237 [Worker-171: Launching poormoney (17)] INFO  o.eclipse.m2e.core.internal.Bundles - 	Entry: C:\Users\user\Desktop\sts-5.1.1.RELEASE\plugins\org.eclipse.m2e.maven.runtime_3.9.1200.20260112-2306\jars\plexus-build-api-1.2.0.jar
2026-04-02 22:03:23,237 [Worker-171: Launching poormoney (17)] INFO  o.eclipse.m2e.core.internal.Bundles - 	Entry: C:\Users\user\Desktop\sts-5.1.1.RELEASE\plugins\org.eclipse.m2e.maven.runtime_3.9.1200.20260112-2306\jars\plexus-cipher-2.0.jar
2026-04-02 22:03:23,238 [Worker-171: Launching poormoney (17)] INFO  o.eclipse.m2e.core.internal.Bundles - 	Entry: C:\Users\user\Desktop\sts-5.1.1.RELEASE\plugins\org.eclipse.m2e.maven.runtime_3.9.1200.20260112-2306\jars\plexus-classworlds-2.9.0.jar
2026-04-02 22:03:23,238 [Worker-171: Launching poormoney (17)] INFO  o.eclipse.m2e.core.internal.Bundles - 	Entry: C:\Users\user\Desktop\sts-5.1.1.RELEASE\plugins\org.eclipse.m2e.maven.runtime_3.9.1200.20260112-2306\jars\plexus-component-annotations-2.2.0.jar
2026-04-02 22:03:23,238 [Worker-171: Launching poormoney (17)] INFO  o.eclipse.m2e.core.internal.Bundles - 	Entry: C:\Users\user\Desktop\sts-5.1.1.RELEASE\plugins\org.eclipse.m2e.maven.runtime_3.9.1200.20260112-2306\jars\plexus-interpolation-1.29.jar
2026-04-02 22:03:23,238 [Worker-171: Launching poormoney (17)] INFO  o.eclipse.m2e.core.internal.Bundles - 	Entry: C:\Users\user\Desktop\sts-5.1.1.RELEASE\plugins\org.eclipse.m2e.maven.runtime_3.9.1200.20260112-2306\jars\plexus-sec-dispatcher-2.0.jar
2026-04-02 22:03:23,238 [Worker-171: Launching poormoney (17)] INFO  o.eclipse.m2e.core.internal.Bundles - 	Entry: C:\Users\user\Desktop\sts-5.1.1.RELEASE\plugins\org.eclipse.m2e.maven.runtime_3.9.1200.20260112-2306\jars\plexus-utils-3.6.0.jar
2026-04-02 22:03:23,239 [Worker-171: Launching poormoney (17)] INFO  o.eclipse.m2e.core.internal.Bundles - 	Entry: C:\Users\user\Desktop\sts-5.1.1.RELEASE\plugins\org.eclipse.m2e.maven.runtime_3.9.1200.20260112-2306\jars\wagon-file-3.5.3.jar
2026-04-02 22:03:23,239 [Worker-171: Launching poormoney (17)] INFO  o.eclipse.m2e.core.internal.Bundles - 	Entry: C:\Users\user\Desktop\sts-5.1.1.RELEASE\plugins\org.eclipse.m2e.maven.runtime_3.9.1200.20260112-2306\jars\wagon-http-3.5.3.jar
2026-04-02 22:03:23,239 [Worker-171: Launching poormoney (17)] INFO  o.eclipse.m2e.core.internal.Bundles - 	Entry: C:\Users\user\Desktop\sts-5.1.1.RELEASE\plugins\org.eclipse.m2e.maven.runtime_3.9.1200.20260112-2306\jars\wagon-http-shared-3.5.3.jar
2026-04-02 22:03:23,239 [Worker-171: Launching poormoney (17)] INFO  o.eclipse.m2e.core.internal.Bundles - 	Entry: C:\Users\user\Desktop\sts-5.1.1.RELEASE\plugins\org.eclipse.m2e.maven.runtime_3.9.1200.20260112-2306\jars\wagon-provider-api-3.5.3.jar
2026-04-02 22:03:23,239 [Worker-171: Launching poormoney (17)] INFO  o.eclipse.m2e.core.internal.Bundles - getClasspathEntries(Bundle=com.google.guava_33.5.0.jre [31])
2026-04-02 22:03:23,240 [Worker-171: Launching poormoney (17)] INFO  o.eclipse.m2e.core.internal.Bundles - 	Entry: C:\Users\user\Desktop\sts-5.1.1.RELEASE\plugins\com.google.guava_33.5.0.jre.jar
2026-04-02 22:03:23,240 [Worker-171: Launching poormoney (17)] INFO  o.eclipse.m2e.core.internal.Bundles - getClasspathEntries(Bundle=slf4j.api_2.0.17 [620])
2026-04-02 22:03:23,240 [Worker-171: Launching poormoney (17)] INFO  o.eclipse.m2e.core.internal.Bundles - 	Entry: C:\Users\user\Desktop\sts-5.1.1.RELEASE\plugins\slf4j.api_2.0.17.jar
2026-04-02 22:03:23,240 [Worker-171: Launching poormoney (17)] INFO  o.eclipse.m2e.core.internal.Bundles - getClasspathEntries(Bundle=jakarta.inject.jakarta.inject-api_1.0.5 [46])
2026-04-02 22:03:23,241 [Worker-171: Launching poormoney (17)] INFO  o.eclipse.m2e.core.internal.Bundles - 	Entry: C:\Users\user\Desktop\sts-5.1.1.RELEASE\plugins\jakarta.inject.jakarta.inject-api_1.0.5.jar
2026-04-02 22:03:23,241 [Worker-171: Launching poormoney (17)] INFO  o.eclipse.m2e.core.internal.Bundles - getClasspathEntries(Bundle=jakarta.annotation-api_1.3.5 [43])
2026-04-02 22:03:23,241 [Worker-171: Launching poormoney (17)] INFO  o.eclipse.m2e.core.internal.Bundles - 	Entry: C:\Users\user\Desktop\sts-5.1.1.RELEASE\plugins\jakarta.annotation-api_1.3.5.jar
2026-04-02 22:03:23,241 [Worker-171: Launching poormoney (17)] INFO  o.eclipse.m2e.core.internal.Bundles - getClasspathEntries(Bundle=org.apache.commons.cli_1.11.0 [86])
2026-04-02 22:03:23,241 [Worker-171: Launching poormoney (17)] INFO  o.eclipse.m2e.core.internal.Bundles - 	Entry: C:\Users\user\Desktop\sts-5.1.1.RELEASE\plugins\org.apache.commons.cli_1.11.0.jar
2026-04-02 22:03:23,241 [Worker-171: Launching poormoney (17)] INFO  o.eclipse.m2e.core.internal.Bundles - getClasspathEntries(Bundle=org.apache.commons.commons-codec_1.21.0 [88])
2026-04-02 22:03:23,242 [Worker-171: Launching poormoney (17)] INFO  o.eclipse.m2e.core.internal.Bundles - 	Entry: C:\Users\user\Desktop\sts-5.1.1.RELEASE\plugins\org.apache.commons.commons-codec_1.21.0.jar
2026-04-02 22:03:23,242 [Worker-171: Launching poormoney (17)] INFO  o.eclipse.m2e.core.internal.Bundles - getClasspathEntries(Bundle=com.google.guava.failureaccess_1.0.3 [32])
2026-04-02 22:03:23,242 [Worker-171: Launching poormoney (17)] INFO  o.eclipse.m2e.core.internal.Bundles - 	Entry: C:\Users\user\Desktop\sts-5.1.1.RELEASE\plugins\com.google.guava.failureaccess_1.0.3.jar
2026-04-02 22:03:23,243 [Worker-171: Launching poormoney (17)] INFO  o.e.m.i.launch.MavenLaunchDelegate - Run build in "C:\Users\user\Desktop\내지갑지키미\workspace\poormoney":
2026-04-02 22:03:23,243 [Worker-171: Launching poormoney (17)] INFO  o.e.m.i.launch.MavenLaunchDelegate -  mvn  -B -Dstyle.color=always clean install
2026-04-02 22:29:54,583 [main] INFO  o.e.m2e.actions.ExecutePomAction - Creating new launch configuration
2026-04-02 22:30:01,821 [Worker-179: Launching poormoney (18)] INFO  o.eclipse.m2e.core.internal.Bundles - getClasspathEntries(Bundle=org.eclipse.m2e.maven.runtime_3.9.1200.20260112-2306 [372])
2026-04-02 22:30:01,822 [Worker-179: Launching poormoney (18)] INFO  o.eclipse.m2e.core.internal.Bundles - 	Entry: C:\Users\user\Desktop\sts-5.1.1.RELEASE\plugins\org.eclipse.m2e.maven.runtime_3.9.1200.20260112-2306
2026-04-02 22:30:01,822 [Worker-179: Launching poormoney (18)] INFO  o.eclipse.m2e.core.internal.Bundles - 	Entry: C:\Users\user\Desktop\sts-5.1.1.RELEASE\plugins\org.eclipse.m2e.maven.runtime_3.9.1200.20260112-2306\jars\aopalliance-1.0.jar
2026-04-02 22:30:01,822 [Worker-179: Launching poormoney (18)] INFO  o.eclipse.m2e.core.internal.Bundles - 	Entry: C:\Users\user\Desktop\sts-5.1.1.RELEASE\plugins\org.eclipse.m2e.maven.runtime_3.9.1200.20260112-2306\jars\asm-9.9.jar
2026-04-02 22:30:01,822 [Worker-179: Launching poormoney (18)] INFO  o.eclipse.m2e.core.internal.Bundles - 	Entry: C:\Users\user\Desktop\sts-5.1.1.RELEASE\plugins\org.eclipse.m2e.maven.runtime_3.9.1200.20260112-2306\jars\error_prone_annotations-2.41.0.jar
2026-04-02 22:30:01,822 [Worker-179: Launching poormoney (18)] INFO  o.eclipse.m2e.core.internal.Bundles - 	Entry: C:\Users\user\Desktop\sts-5.1.1.RELEASE\plugins\org.eclipse.m2e.maven.runtime_3.9.1200.20260112-2306\jars\gson-2.13.2.jar
2026-04-02 22:30:01,822 [Worker-179: Launching poormoney (18)] INFO  o.eclipse.m2e.core.internal.Bundles - 	Entry: C:\Users\user\Desktop\sts-5.1.1.RELEASE\plugins\org.eclipse.m2e.maven.runtime_3.9.1200.20260112-2306\jars\guice-5.1.0-classes.jar
2026-04-02 22:30:01,823 [Worker-179: Launching poormoney (18)] INFO  o.eclipse.m2e.core.internal.Bundles - 	Entry: C:\Users\user\Desktop\sts-5.1.1.RELEASE\plugins\org.eclipse.m2e.maven.runtime_3.9.1200.20260112-2306\jars\httpclient-4.5.14.jar
2026-04-02 22:30:01,823 [Worker-179: Launching poormoney (18)] INFO  o.eclipse.m2e.core.internal.Bundles - 	Entry: C:\Users\user\Desktop\sts-5.1.1.RELEASE\plugins\org.eclipse.m2e.maven.runtime_3.9.1200.20260112-2306\jars\httpcore-4.4.16.jar
2026-04-02 22:30:01,823 [Worker-179: Launching poormoney (18)] INFO  o.eclipse.m2e.core.internal.Bundles - 	Entry: C:\Users\user\Desktop\sts-5.1.1.RELEASE\plugins\org.eclipse.m2e.maven.runtime_3.9.1200.20260112-2306\jars\jansi-2.4.2.jar
2026-04-02 22:30:01,823 [Worker-179: Launching poormoney (18)] INFO  o.eclipse.m2e.core.internal.Bundles - 	Entry: C:\Users\user\Desktop\sts-5.1.1.RELEASE\plugins\org.eclipse.m2e.maven.runtime_3.9.1200.20260112-2306\jars\jcl-over-slf4j-1.7.36.jar
2026-04-02 22:30:01,823 [Worker-179: Launching poormoney (18)] INFO  o.eclipse.m2e.core.internal.Bundles - 	Entry: C:\Users\user\Desktop\sts-5.1.1.RELEASE\plugins\org.eclipse.m2e.maven.runtime_3.9.1200.20260112-2306\jars\maven-artifact-3.9.12.jar
2026-04-02 22:30:01,823 [Worker-179: Launching poormoney (18)] INFO  o.eclipse.m2e.core.internal.Bundles - 	Entry: C:\Users\user\Desktop\sts-5.1.1.RELEASE\plugins\org.eclipse.m2e.maven.runtime_3.9.1200.20260112-2306\jars\maven-builder-support-3.9.12.jar
2026-04-02 22:30:01,823 [Worker-179: Launching poormoney (18)] INFO  o.eclipse.m2e.core.internal.Bundles - 	Entry: C:\Users\user\Desktop\sts-5.1.1.RELEASE\plugins\org.eclipse.m2e.maven.runtime_3.9.1200.20260112-2306\jars\maven-compat-3.9.12.jar
2026-04-02 22:30:01,824 [Worker-179: Launching poormoney (18)] INFO  o.eclipse.m2e.core.internal.Bundles - 	Entry: C:\Users\user\Desktop\sts-5.1.1.RELEASE\plugins\org.eclipse.m2e.maven.runtime_3.9.1200.20260112-2306\jars\maven-core-3.9.12.jar
2026-04-02 22:30:01,824 [Worker-179: Launching poormoney (18)] INFO  o.eclipse.m2e.core.internal.Bundles - 	Entry: C:\Users\user\Desktop\sts-5.1.1.RELEASE\plugins\org.eclipse.m2e.maven.runtime_3.9.1200.20260112-2306\jars\maven-embedder-3.9.12.jar
2026-04-02 22:30:01,824 [Worker-179: Launching poormoney (18)] INFO  o.eclipse.m2e.core.internal.Bundles - 	Entry: C:\Users\user\Desktop\sts-5.1.1.RELEASE\plugins\org.eclipse.m2e.maven.runtime_3.9.1200.20260112-2306\jars\maven-model-3.9.12.jar
2026-04-02 22:30:01,824 [Worker-179: Launching poormoney (18)] INFO  o.eclipse.m2e.core.internal.Bundles - 	Entry: C:\Users\user\Desktop\sts-5.1.1.RELEASE\plugins\org.eclipse.m2e.maven.runtime_3.9.1200.20260112-2306\jars\maven-model-builder-3.9.12.jar
2026-04-02 22:30:01,824 [Worker-179: Launching poormoney (18)] INFO  o.eclipse.m2e.core.internal.Bundles - 	Entry: C:\Users\user\Desktop\sts-5.1.1.RELEASE\plugins\org.eclipse.m2e.maven.runtime_3.9.1200.20260112-2306\jars\maven-plugin-api-3.9.12.jar
2026-04-02 22:30:01,824 [Worker-179: Launching poormoney (18)] INFO  o.eclipse.m2e.core.internal.Bundles - 	Entry: C:\Users\user\Desktop\sts-5.1.1.RELEASE\plugins\org.eclipse.m2e.maven.runtime_3.9.1200.20260112-2306\jars\maven-repository-metadata-3.9.12.jar
2026-04-02 22:30:01,824 [Worker-179: Launching poormoney (18)] INFO  o.eclipse.m2e.core.internal.Bundles - 	Entry: C:\Users\user\Desktop\sts-5.1.1.RELEASE\plugins\org.eclipse.m2e.maven.runtime_3.9.1200.20260112-2306\jars\maven-resolver-api-1.9.25.jar
2026-04-02 22:30:01,824 [Worker-179: Launching poormoney (18)] INFO  o.eclipse.m2e.core.internal.Bundles - 	Entry: C:\Users\user\Desktop\sts-5.1.1.RELEASE\plugins\org.eclipse.m2e.maven.runtime_3.9.1200.20260112-2306\jars\maven-resolver-connector-basic-1.9.25.jar
2026-04-02 22:30:01,824 [Worker-179: Launching poormoney (18)] INFO  o.eclipse.m2e.core.internal.Bundles - 	Entry: C:\Users\user\Desktop\sts-5.1.1.RELEASE\plugins\org.eclipse.m2e.maven.runtime_3.9.1200.20260112-2306\jars\maven-resolver-impl-1.9.25.jar
2026-04-02 22:30:01,825 [Worker-179: Launching poormoney (18)] INFO  o.eclipse.m2e.core.internal.Bundles - 	Entry: C:\Users\user\Desktop\sts-5.1.1.RELEASE\plugins\org.eclipse.m2e.maven.runtime_3.9.1200.20260112-2306\jars\maven-resolver-named-locks-1.9.25.jar
2026-04-02 22:30:01,825 [Worker-179: Launching poormoney (18)] INFO  o.eclipse.m2e.core.internal.Bundles - 	Entry: C:\Users\user\Desktop\sts-5.1.1.RELEASE\plugins\org.eclipse.m2e.maven.runtime_3.9.1200.20260112-2306\jars\maven-resolver-provider-3.9.12.jar
2026-04-02 22:30:01,825 [Worker-179: Launching poormoney (18)] INFO  o.eclipse.m2e.core.internal.Bundles - 	Entry: C:\Users\user\Desktop\sts-5.1.1.RELEASE\plugins\org.eclipse.m2e.maven.runtime_3.9.1200.20260112-2306\jars\maven-resolver-spi-1.9.25.jar
2026-04-02 22:30:01,825 [Worker-179: Launching poormoney (18)] INFO  o.eclipse.m2e.core.internal.Bundles - 	Entry: C:\Users\user\Desktop\sts-5.1.1.RELEASE\plugins\org.eclipse.m2e.maven.runtime_3.9.1200.20260112-2306\jars\maven-resolver-transport-file-1.9.25.jar
2026-04-02 22:30:01,825 [Worker-179: Launching poormoney (18)] INFO  o.eclipse.m2e.core.internal.Bundles - 	Entry: C:\Users\user\Desktop\sts-5.1.1.RELEASE\plugins\org.eclipse.m2e.maven.runtime_3.9.1200.20260112-2306\jars\maven-resolver-transport-http-1.9.25.jar
2026-04-02 22:30:01,825 [Worker-179: Launching poormoney (18)] INFO  o.eclipse.m2e.core.internal.Bundles - 	Entry: C:\Users\user\Desktop\sts-5.1.1.RELEASE\plugins\org.eclipse.m2e.maven.runtime_3.9.1200.20260112-2306\jars\maven-resolver-transport-wagon-1.9.25.jar
2026-04-02 22:30:01,825 [Worker-179: Launching poormoney (18)] INFO  o.eclipse.m2e.core.internal.Bundles - 	Entry: C:\Users\user\Desktop\sts-5.1.1.RELEASE\plugins\org.eclipse.m2e.maven.runtime_3.9.1200.20260112-2306\jars\maven-resolver-util-1.9.25.jar
2026-04-02 22:30:01,825 [Worker-179: Launching poormoney (18)] INFO  o.eclipse.m2e.core.internal.Bundles - 	Entry: C:\Users\user\Desktop\sts-5.1.1.RELEASE\plugins\org.eclipse.m2e.maven.runtime_3.9.1200.20260112-2306\jars\maven-settings-3.9.12.jar
2026-04-02 22:30:01,826 [Worker-179: Launching poormoney (18)] INFO  o.eclipse.m2e.core.internal.Bundles - 	Entry: C:\Users\user\Desktop\sts-5.1.1.RELEASE\plugins\org.eclipse.m2e.maven.runtime_3.9.1200.20260112-2306\jars\maven-settings-builder-3.9.12.jar
2026-04-02 22:30:01,826 [Worker-179: Launching poormoney (18)] INFO  o.eclipse.m2e.core.internal.Bundles - 	Entry: C:\Users\user\Desktop\sts-5.1.1.RELEASE\plugins\org.eclipse.m2e.maven.runtime_3.9.1200.20260112-2306\jars\maven-shared-utils-3.4.2.jar
2026-04-02 22:30:01,826 [Worker-179: Launching poormoney (18)] INFO  o.eclipse.m2e.core.internal.Bundles - 	Entry: C:\Users\user\Desktop\sts-5.1.1.RELEASE\plugins\org.eclipse.m2e.maven.runtime_3.9.1200.20260112-2306\jars\org.eclipse.sisu.inject-0.9.0.M4.jar
2026-04-02 22:30:01,826 [Worker-179: Launching poormoney (18)] INFO  o.eclipse.m2e.core.internal.Bundles - 	Entry: C:\Users\user\Desktop\sts-5.1.1.RELEASE\plugins\org.eclipse.m2e.maven.runtime_3.9.1200.20260112-2306\jars\org.eclipse.sisu.plexus-0.9.0.M4.jar
2026-04-02 22:30:01,826 [Worker-179: Launching poormoney (18)] INFO  o.eclipse.m2e.core.internal.Bundles - 	Entry: C:\Users\user\Desktop\sts-5.1.1.RELEASE\plugins\org.eclipse.m2e.maven.runtime_3.9.1200.20260112-2306\jars\plexus-build-api-0.0.7.jar
2026-04-02 22:30:01,826 [Worker-179: Launching poormoney (18)] INFO  o.eclipse.m2e.core.internal.Bundles - 	Entry: C:\Users\user\Desktop\sts-5.1.1.RELEASE\plugins\org.eclipse.m2e.maven.runtime_3.9.1200.20260112-2306\jars\plexus-build-api-1.2.0.jar
2026-04-02 22:30:01,826 [Worker-179: Launching poormoney (18)] INFO  o.eclipse.m2e.core.internal.Bundles - 	Entry: C:\Users\user\Desktop\sts-5.1.1.RELEASE\plugins\org.eclipse.m2e.maven.runtime_3.9.1200.20260112-2306\jars\plexus-cipher-2.0.jar
2026-04-02 22:30:01,826 [Worker-179: Launching poormoney (18)] INFO  o.eclipse.m2e.core.internal.Bundles - 	Entry: C:\Users\user\Desktop\sts-5.1.1.RELEASE\plugins\org.eclipse.m2e.maven.runtime_3.9.1200.20260112-2306\jars\plexus-classworlds-2.9.0.jar
2026-04-02 22:30:01,827 [Worker-179: Launching poormoney (18)] INFO  o.eclipse.m2e.core.internal.Bundles - 	Entry: C:\Users\user\Desktop\sts-5.1.1.RELEASE\plugins\org.eclipse.m2e.maven.runtime_3.9.1200.20260112-2306\jars\plexus-component-annotations-2.2.0.jar
2026-04-02 22:30:01,827 [Worker-179: Launching poormoney (18)] INFO  o.eclipse.m2e.core.internal.Bundles - 	Entry: C:\Users\user\Desktop\sts-5.1.1.RELEASE\plugins\org.eclipse.m2e.maven.runtime_3.9.1200.20260112-2306\jars\plexus-interpolation-1.29.jar
2026-04-02 22:30:01,827 [Worker-179: Launching poormoney (18)] INFO  o.eclipse.m2e.core.internal.Bundles - 	Entry: C:\Users\user\Desktop\sts-5.1.1.RELEASE\plugins\org.eclipse.m2e.maven.runtime_3.9.1200.20260112-2306\jars\plexus-sec-dispatcher-2.0.jar
2026-04-02 22:30:01,827 [Worker-179: Launching poormoney (18)] INFO  o.eclipse.m2e.core.internal.Bundles - 	Entry: C:\Users\user\Desktop\sts-5.1.1.RELEASE\plugins\org.eclipse.m2e.maven.runtime_3.9.1200.20260112-2306\jars\plexus-utils-3.6.0.jar
2026-04-02 22:30:01,827 [Worker-179: Launching poormoney (18)] INFO  o.eclipse.m2e.core.internal.Bundles - 	Entry: C:\Users\user\Desktop\sts-5.1.1.RELEASE\plugins\org.eclipse.m2e.maven.runtime_3.9.1200.20260112-2306\jars\wagon-file-3.5.3.jar
2026-04-02 22:30:01,827 [Worker-179: Launching poormoney (18)] INFO  o.eclipse.m2e.core.internal.Bundles - 	Entry: C:\Users\user\Desktop\sts-5.1.1.RELEASE\plugins\org.eclipse.m2e.maven.runtime_3.9.1200.20260112-2306\jars\wagon-http-3.5.3.jar
2026-04-02 22:30:01,827 [Worker-179: Launching poormoney (18)] INFO  o.eclipse.m2e.core.internal.Bundles - 	Entry: C:\Users\user\Desktop\sts-5.1.1.RELEASE\plugins\org.eclipse.m2e.maven.runtime_3.9.1200.20260112-2306\jars\wagon-http-shared-3.5.3.jar
2026-04-02 22:30:01,827 [Worker-179: Launching poormoney (18)] INFO  o.eclipse.m2e.core.internal.Bundles - 	Entry: C:\Users\user\Desktop\sts-5.1.1.RELEASE\plugins\org.eclipse.m2e.maven.runtime_3.9.1200.20260112-2306\jars\wagon-provider-api-3.5.3.jar
2026-04-02 22:30:01,828 [Worker-179: Launching poormoney (18)] INFO  o.eclipse.m2e.core.internal.Bundles - getClasspathEntries(Bundle=com.google.guava_33.5.0.jre [31])
2026-04-02 22:30:01,828 [Worker-179: Launching poormoney (18)] INFO  o.eclipse.m2e.core.internal.Bundles - 	Entry: C:\Users\user\Desktop\sts-5.1.1.RELEASE\plugins\com.google.guava_33.5.0.jre.jar
2026-04-02 22:30:01,828 [Worker-179: Launching poormoney (18)] INFO  o.eclipse.m2e.core.internal.Bundles - getClasspathEntries(Bundle=slf4j.api_2.0.17 [620])
2026-04-02 22:30:01,828 [Worker-179: Launching poormoney (18)] INFO  o.eclipse.m2e.core.internal.Bundles - 	Entry: C:\Users\user\Desktop\sts-5.1.1.RELEASE\plugins\slf4j.api_2.0.17.jar
2026-04-02 22:30:01,828 [Worker-179: Launching poormoney (18)] INFO  o.eclipse.m2e.core.internal.Bundles - getClasspathEntries(Bundle=jakarta.inject.jakarta.inject-api_1.0.5 [46])
2026-04-02 22:30:01,829 [Worker-179: Launching poormoney (18)] INFO  o.eclipse.m2e.core.internal.Bundles - 	Entry: C:\Users\user\Desktop\sts-5.1.1.RELEASE\plugins\jakarta.inject.jakarta.inject-api_1.0.5.jar
2026-04-02 22:30:01,829 [Worker-179: Launching poormoney (18)] INFO  o.eclipse.m2e.core.internal.Bundles - getClasspathEntries(Bundle=jakarta.annotation-api_1.3.5 [43])
2026-04-02 22:30:01,829 [Worker-179: Launching poormoney (18)] INFO  o.eclipse.m2e.core.internal.Bundles - 	Entry: C:\Users\user\Desktop\sts-5.1.1.RELEASE\plugins\jakarta.annotation-api_1.3.5.jar
2026-04-02 22:30:01,829 [Worker-179: Launching poormoney (18)] INFO  o.eclipse.m2e.core.internal.Bundles - getClasspathEntries(Bundle=org.apache.commons.cli_1.11.0 [86])
2026-04-02 22:30:01,829 [Worker-179: Launching poormoney (18)] INFO  o.eclipse.m2e.core.internal.Bundles - 	Entry: C:\Users\user\Desktop\sts-5.1.1.RELEASE\plugins\org.apache.commons.cli_1.11.0.jar
2026-04-02 22:30:01,829 [Worker-179: Launching poormoney (18)] INFO  o.eclipse.m2e.core.internal.Bundles - getClasspathEntries(Bundle=org.apache.commons.commons-codec_1.21.0 [88])
2026-04-02 22:30:01,829 [Worker-179: Launching poormoney (18)] INFO  o.eclipse.m2e.core.internal.Bundles - 	Entry: C:\Users\user\Desktop\sts-5.1.1.RELEASE\plugins\org.apache.commons.commons-codec_1.21.0.jar
2026-04-02 22:30:01,829 [Worker-179: Launching poormoney (18)] INFO  o.eclipse.m2e.core.internal.Bundles - getClasspathEntries(Bundle=com.google.guava.failureaccess_1.0.3 [32])
2026-04-02 22:30:01,829 [Worker-179: Launching poormoney (18)] INFO  o.eclipse.m2e.core.internal.Bundles - 	Entry: C:\Users\user\Desktop\sts-5.1.1.RELEASE\plugins\com.google.guava.failureaccess_1.0.3.jar
2026-04-02 22:30:01,830 [Worker-179: Launching poormoney (18)] INFO  o.e.m.i.launch.MavenLaunchDelegate - Run build in "C:\Users\user\Desktop\내지갑지키미\workspace\poormoney":
2026-04-02 22:30:01,830 [Worker-179: Launching poormoney (18)] INFO  o.e.m.i.launch.MavenLaunchDelegate -  mvn  -B -Dstyle.color=always clean install
2026-04-02 22:34:46,787 [Worker-175: Building] INFO  o.a.m.s.f.DefaultMavenResourcesFiltering - Copying 1 resource from src\main\resources to target\classes
2026-04-02 22:34:46,795 [Worker-175: Building] INFO  o.a.m.s.f.DefaultMavenResourcesFiltering - Copying 1 resource from src\main\resources to target\classes
2026-04-02 22:34:46,802 [Worker-175: Building] INFO  o.a.m.s.f.DefaultMavenResourcesFiltering - skip non existing resourceDirectory C:\Users\user\Desktop\내지갑지키미\workspace\poormoney\src\test\resources
2026-04-02 22:34:46,833 [Worker-175: Building] WARN  o.apache.maven.project.MavenProject - Plugin is modifying compileSourceRoots through clear(), which will not work in Maven 4.0.0. Use MavenProject.addCompileSourceRoot()/removeCompileSourceRoot() methods instead. If using a plugin, please upgrade to the latest version or report the issue to the plugin maintainer. To disable these warnings, set -Dmaven.project.sourceRoots.warningsDisabled=true on the command line, in the .mvn/maven.config file, or in project POM properties.
2026-04-02 22:34:46,833 [Worker-175: Building] WARN  o.apache.maven.project.MavenProject - Plugin is modifying compileSourceRoots through add(), which will not work in Maven 4.0.0. Use MavenProject.addCompileSourceRoot()/removeCompileSourceRoot() methods instead. If using a plugin, please upgrade to the latest version or report the issue to the plugin maintainer. To disable these warnings, set -Dmaven.project.sourceRoots.warningsDisabled=true on the command line, in the .mvn/maven.config file, or in project POM properties.
2026-04-02 22:34:46,834 [Worker-175: Building] WARN  o.apache.maven.project.MavenProject - Plugin is modifying testCompileSourceRoots through clear(), which will not work in Maven 4.0.0. Use MavenProject.addTestCompileSourceRoot()/removeTestCompileSourceRoot() methods instead. If using a plugin, please upgrade to the latest version or report the issue to the plugin maintainer. To disable these warnings, set -Dmaven.project.sourceRoots.warningsDisabled=true on the command line, in the .mvn/maven.config file, or in project POM properties.
2026-04-02 22:34:46,835 [Worker-175: Building] WARN  o.apache.maven.project.MavenProject - Plugin is modifying testCompileSourceRoots through add(), which will not work in Maven 4.0.0. Use MavenProject.addTestCompileSourceRoot()/removeTestCompileSourceRoot() methods instead. If using a plugin, please upgrade to the latest version or report the issue to the plugin maintainer. To disable these warnings, set -Dmaven.project.sourceRoots.warningsDisabled=true on the command line, in the .mvn/maven.config file, or in project POM properties.
2026-04-05 11:38:28,319 [Worker-5: Loading available Gradle versions] INFO  o.e.b.c.i.u.g.PublishedGradleVersions - Gradle version information cache is out-of-date. Trying to update.
2026-04-05 11:38:32,408 [Worker-3: Building] INFO  o.a.m.s.f.DefaultMavenResourcesFiltering - Copying 1 resource from src\main\resources to target\classes
2026-04-05 11:38:32,417 [Worker-3: Building] INFO  o.a.m.s.f.DefaultMavenResourcesFiltering - Copying 1 resource from src\main\resources to target\classes
2026-04-05 11:38:32,421 [Worker-3: Building] INFO  o.a.m.s.f.DefaultMavenResourcesFiltering - skip non existing resourceDirectory C:\Users\user\Desktop\내지갑지키미\workspace\poormoney\src\test\resources
2026-04-05 11:38:32,841 [Worker-3: Building] WARN  o.apache.maven.project.MavenProject - Plugin is modifying compileSourceRoots through clear(), which will not work in Maven 4.0.0. Use MavenProject.addCompileSourceRoot()/removeCompileSourceRoot() methods instead. If using a plugin, please upgrade to the latest version or report the issue to the plugin maintainer. To disable these warnings, set -Dmaven.project.sourceRoots.warningsDisabled=true on the command line, in the .mvn/maven.config file, or in project POM properties.
2026-04-05 11:38:32,842 [Worker-3: Building] WARN  o.apache.maven.project.MavenProject - Plugin is modifying compileSourceRoots through add(), which will not work in Maven 4.0.0. Use MavenProject.addCompileSourceRoot()/removeCompileSourceRoot() methods instead. If using a plugin, please upgrade to the latest version or report the issue to the plugin maintainer. To disable these warnings, set -Dmaven.project.sourceRoots.warningsDisabled=true on the command line, in the .mvn/maven.config file, or in project POM properties.
2026-04-05 11:38:32,843 [Worker-3: Building] WARN  o.apache.maven.project.MavenProject - Plugin is modifying testCompileSourceRoots through clear(), which will not work in Maven 4.0.0. Use MavenProject.addTestCompileSourceRoot()/removeTestCompileSourceRoot() methods instead. If using a plugin, please upgrade to the latest version or report the issue to the plugin maintainer. To disable these warnings, set -Dmaven.project.sourceRoots.warningsDisabled=true on the command line, in the .mvn/maven.config file, or in project POM properties.
2026-04-05 11:38:32,843 [Worker-3: Building] WARN  o.apache.maven.project.MavenProject - Plugin is modifying testCompileSourceRoots through add(), which will not work in Maven 4.0.0. Use MavenProject.addTestCompileSourceRoot()/removeTestCompileSourceRoot() methods instead. If using a plugin, please upgrade to the latest version or report the issue to the plugin maintainer. To disable these warnings, set -Dmaven.project.sourceRoots.warningsDisabled=true on the command line, in the .mvn/maven.config file, or in project POM properties.
2026-04-06 19:52:29,264 [Worker-5: Loading available Gradle versions] INFO  o.e.b.c.i.u.g.PublishedGradleVersions - Gradle version information cache is out-of-date. Trying to update.
2026-04-06 19:52:31,753 [Worker-1: Building] INFO  o.a.m.s.f.DefaultMavenResourcesFiltering - Copying 1 resource from src\main\resources to target\classes
2026-04-06 19:52:31,764 [Worker-1: Building] INFO  o.a.m.s.f.DefaultMavenResourcesFiltering - Copying 1 resource from src\main\resources to target\classes
2026-04-06 19:52:31,770 [Worker-1: Building] INFO  o.a.m.s.f.DefaultMavenResourcesFiltering - skip non existing resourceDirectory C:\Users\user\Desktop\내지갑지키미\workspace\poormoney\src\test\resources
2026-04-06 19:52:32,105 [Worker-1: Building] WARN  o.apache.maven.project.MavenProject - Plugin is modifying compileSourceRoots through clear(), which will not work in Maven 4.0.0. Use MavenProject.addCompileSourceRoot()/removeCompileSourceRoot() methods instead. If using a plugin, please upgrade to the latest version or report the issue to the plugin maintainer. To disable these warnings, set -Dmaven.project.sourceRoots.warningsDisabled=true on the command line, in the .mvn/maven.config file, or in project POM properties.
2026-04-06 19:52:32,106 [Worker-1: Building] WARN  o.apache.maven.project.MavenProject - Plugin is modifying compileSourceRoots through add(), which will not work in Maven 4.0.0. Use MavenProject.addCompileSourceRoot()/removeCompileSourceRoot() methods instead. If using a plugin, please upgrade to the latest version or report the issue to the plugin maintainer. To disable these warnings, set -Dmaven.project.sourceRoots.warningsDisabled=true on the command line, in the .mvn/maven.config file, or in project POM properties.
2026-04-06 19:52:32,107 [Worker-1: Building] WARN  o.apache.maven.project.MavenProject - Plugin is modifying testCompileSourceRoots through clear(), which will not work in Maven 4.0.0. Use MavenProject.addTestCompileSourceRoot()/removeTestCompileSourceRoot() methods instead. If using a plugin, please upgrade to the latest version or report the issue to the plugin maintainer. To disable these warnings, set -Dmaven.project.sourceRoots.warningsDisabled=true on the command line, in the .mvn/maven.config file, or in project POM properties.
2026-04-06 19:52:32,107 [Worker-1: Building] WARN  o.apache.maven.project.MavenProject - Plugin is modifying testCompileSourceRoots through add(), which will not work in Maven 4.0.0. Use MavenProject.addTestCompileSourceRoot()/removeTestCompileSourceRoot() methods instead. If using a plugin, please upgrade to the latest version or report the issue to the plugin maintainer. To disable these warnings, set -Dmaven.project.sourceRoots.warningsDisabled=true on the command line, in the .mvn/maven.config file, or in project POM properties.
2026-04-06 19:54:42,514 [main] INFO  o.e.m2e.actions.ExecutePomAction - Creating new launch configuration
2026-04-06 19:54:51,694 [Worker-13: Launching poormoney (19)] INFO  o.eclipse.m2e.core.internal.Bundles - getClasspathEntries(Bundle=org.eclipse.m2e.maven.runtime_3.9.1200.20260112-2306 [372])
2026-04-06 19:54:51,695 [Worker-13: Launching poormoney (19)] INFO  o.eclipse.m2e.core.internal.Bundles - 	Entry: C:\Users\user\Desktop\sts-5.1.1.RELEASE\plugins\org.eclipse.m2e.maven.runtime_3.9.1200.20260112-2306
2026-04-06 19:54:51,696 [Worker-13: Launching poormoney (19)] INFO  o.eclipse.m2e.core.internal.Bundles - 	Entry: C:\Users\user\Desktop\sts-5.1.1.RELEASE\plugins\org.eclipse.m2e.maven.runtime_3.9.1200.20260112-2306\jars\aopalliance-1.0.jar
2026-04-06 19:54:51,696 [Worker-13: Launching poormoney (19)] INFO  o.eclipse.m2e.core.internal.Bundles - 	Entry: C:\Users\user\Desktop\sts-5.1.1.RELEASE\plugins\org.eclipse.m2e.maven.runtime_3.9.1200.20260112-2306\jars\asm-9.9.jar
2026-04-06 19:54:51,696 [Worker-13: Launching poormoney (19)] INFO  o.eclipse.m2e.core.internal.Bundles - 	Entry: C:\Users\user\Desktop\sts-5.1.1.RELEASE\plugins\org.eclipse.m2e.maven.runtime_3.9.1200.20260112-2306\jars\error_prone_annotations-2.41.0.jar
2026-04-06 19:54:51,696 [Worker-13: Launching poormoney (19)] INFO  o.eclipse.m2e.core.internal.Bundles - 	Entry: C:\Users\user\Desktop\sts-5.1.1.RELEASE\plugins\org.eclipse.m2e.maven.runtime_3.9.1200.20260112-2306\jars\gson-2.13.2.jar
2026-04-06 19:54:51,696 [Worker-13: Launching poormoney (19)] INFO  o.eclipse.m2e.core.internal.Bundles - 	Entry: C:\Users\user\Desktop\sts-5.1.1.RELEASE\plugins\org.eclipse.m2e.maven.runtime_3.9.1200.20260112-2306\jars\guice-5.1.0-classes.jar
2026-04-06 19:54:51,696 [Worker-13: Launching poormoney (19)] INFO  o.eclipse.m2e.core.internal.Bundles - 	Entry: C:\Users\user\Desktop\sts-5.1.1.RELEASE\plugins\org.eclipse.m2e.maven.runtime_3.9.1200.20260112-2306\jars\httpclient-4.5.14.jar
2026-04-06 19:54:51,696 [Worker-13: Launching poormoney (19)] INFO  o.eclipse.m2e.core.internal.Bundles - 	Entry: C:\Users\user\Desktop\sts-5.1.1.RELEASE\plugins\org.eclipse.m2e.maven.runtime_3.9.1200.20260112-2306\jars\httpcore-4.4.16.jar
2026-04-06 19:54:51,697 [Worker-13: Launching poormoney (19)] INFO  o.eclipse.m2e.core.internal.Bundles - 	Entry: C:\Users\user\Desktop\sts-5.1.1.RELEASE\plugins\org.eclipse.m2e.maven.runtime_3.9.1200.20260112-2306\jars\jansi-2.4.2.jar
2026-04-06 19:54:51,697 [Worker-13: Launching poormoney (19)] INFO  o.eclipse.m2e.core.internal.Bundles - 	Entry: C:\Users\user\Desktop\sts-5.1.1.RELEASE\plugins\org.eclipse.m2e.maven.runtime_3.9.1200.20260112-2306\jars\jcl-over-slf4j-1.7.36.jar
2026-04-06 19:54:51,697 [Worker-13: Launching poormoney (19)] INFO  o.eclipse.m2e.core.internal.Bundles - 	Entry: C:\Users\user\Desktop\sts-5.1.1.RELEASE\plugins\org.eclipse.m2e.maven.runtime_3.9.1200.20260112-2306\jars\maven-artifact-3.9.12.jar
2026-04-06 19:54:51,697 [Worker-13: Launching poormoney (19)] INFO  o.eclipse.m2e.core.internal.Bundles - 	Entry: C:\Users\user\Desktop\sts-5.1.1.RELEASE\plugins\org.eclipse.m2e.maven.runtime_3.9.1200.20260112-2306\jars\maven-builder-support-3.9.12.jar
2026-04-06 19:54:51,697 [Worker-13: Launching poormoney (19)] INFO  o.eclipse.m2e.core.internal.Bundles - 	Entry: C:\Users\user\Desktop\sts-5.1.1.RELEASE\plugins\org.eclipse.m2e.maven.runtime_3.9.1200.20260112-2306\jars\maven-compat-3.9.12.jar
2026-04-06 19:54:51,697 [Worker-13: Launching poormoney (19)] INFO  o.eclipse.m2e.core.internal.Bundles - 	Entry: C:\Users\user\Desktop\sts-5.1.1.RELEASE\plugins\org.eclipse.m2e.maven.runtime_3.9.1200.20260112-2306\jars\maven-core-3.9.12.jar
2026-04-06 19:54:51,697 [Worker-13: Launching poormoney (19)] INFO  o.eclipse.m2e.core.internal.Bundles - 	Entry: C:\Users\user\Desktop\sts-5.1.1.RELEASE\plugins\org.eclipse.m2e.maven.runtime_3.9.1200.20260112-2306\jars\maven-embedder-3.9.12.jar
2026-04-06 19:54:51,703 [Worker-13: Launching poormoney (19)] INFO  o.eclipse.m2e.core.internal.Bundles - 	Entry: C:\Users\user\Desktop\sts-5.1.1.RELEASE\plugins\org.eclipse.m2e.maven.runtime_3.9.1200.20260112-2306\jars\maven-model-3.9.12.jar
2026-04-06 19:54:51,703 [Worker-13: Launching poormoney (19)] INFO  o.eclipse.m2e.core.internal.Bundles - 	Entry: C:\Users\user\Desktop\sts-5.1.1.RELEASE\plugins\org.eclipse.m2e.maven.runtime_3.9.1200.20260112-2306\jars\maven-model-builder-3.9.12.jar
2026-04-06 19:54:51,703 [Worker-13: Launching poormoney (19)] INFO  o.eclipse.m2e.core.internal.Bundles - 	Entry: C:\Users\user\Desktop\sts-5.1.1.RELEASE\plugins\org.eclipse.m2e.maven.runtime_3.9.1200.20260112-2306\jars\maven-plugin-api-3.9.12.jar
2026-04-06 19:54:51,703 [Worker-13: Launching poormoney (19)] INFO  o.eclipse.m2e.core.internal.Bundles - 	Entry: C:\Users\user\Desktop\sts-5.1.1.RELEASE\plugins\org.eclipse.m2e.maven.runtime_3.9.1200.20260112-2306\jars\maven-repository-metadata-3.9.12.jar
2026-04-06 19:54:51,703 [Worker-13: Launching poormoney (19)] INFO  o.eclipse.m2e.core.internal.Bundles - 	Entry: C:\Users\user\Desktop\sts-5.1.1.RELEASE\plugins\org.eclipse.m2e.maven.runtime_3.9.1200.20260112-2306\jars\maven-resolver-api-1.9.25.jar
2026-04-06 19:54:51,703 [Worker-13: Launching poormoney (19)] INFO  o.eclipse.m2e.core.internal.Bundles - 	Entry: C:\Users\user\Desktop\sts-5.1.1.RELEASE\plugins\org.eclipse.m2e.maven.runtime_3.9.1200.20260112-2306\jars\maven-resolver-connector-basic-1.9.25.jar
2026-04-06 19:54:51,704 [Worker-13: Launching poormoney (19)] INFO  o.eclipse.m2e.core.internal.Bundles - 	Entry: C:\Users\user\Desktop\sts-5.1.1.RELEASE\plugins\org.eclipse.m2e.maven.runtime_3.9.1200.20260112-2306\jars\maven-resolver-impl-1.9.25.jar
2026-04-06 19:54:51,704 [Worker-13: Launching poormoney (19)] INFO  o.eclipse.m2e.core.internal.Bundles - 	Entry: C:\Users\user\Desktop\sts-5.1.1.RELEASE\plugins\org.eclipse.m2e.maven.runtime_3.9.1200.20260112-2306\jars\maven-resolver-named-locks-1.9.25.jar
2026-04-06 19:54:51,704 [Worker-13: Launching poormoney (19)] INFO  o.eclipse.m2e.core.internal.Bundles - 	Entry: C:\Users\user\Desktop\sts-5.1.1.RELEASE\plugins\org.eclipse.m2e.maven.runtime_3.9.1200.20260112-2306\jars\maven-resolver-provider-3.9.12.jar
2026-04-06 19:54:51,704 [Worker-13: Launching poormoney (19)] INFO  o.eclipse.m2e.core.internal.Bundles - 	Entry: C:\Users\user\Desktop\sts-5.1.1.RELEASE\plugins\org.eclipse.m2e.maven.runtime_3.9.1200.20260112-2306\jars\maven-resolver-spi-1.9.25.jar
2026-04-06 19:54:51,704 [Worker-13: Launching poormoney (19)] INFO  o.eclipse.m2e.core.internal.Bundles - 	Entry: C:\Users\user\Desktop\sts-5.1.1.RELEASE\plugins\org.eclipse.m2e.maven.runtime_3.9.1200.20260112-2306\jars\maven-resolver-transport-file-1.9.25.jar
2026-04-06 19:54:51,704 [Worker-13: Launching poormoney (19)] INFO  o.eclipse.m2e.core.internal.Bundles - 	Entry: C:\Users\user\Desktop\sts-5.1.1.RELEASE\plugins\org.eclipse.m2e.maven.runtime_3.9.1200.20260112-2306\jars\maven-resolver-transport-http-1.9.25.jar
2026-04-06 19:54:51,705 [Worker-13: Launching poormoney (19)] INFO  o.eclipse.m2e.core.internal.Bundles - 	Entry: C:\Users\user\Desktop\sts-5.1.1.RELEASE\plugins\org.eclipse.m2e.maven.runtime_3.9.1200.20260112-2306\jars\maven-resolver-transport-wagon-1.9.25.jar
2026-04-06 19:54:51,705 [Worker-13: Launching poormoney (19)] INFO  o.eclipse.m2e.core.internal.Bundles - 	Entry: C:\Users\user\Desktop\sts-5.1.1.RELEASE\plugins\org.eclipse.m2e.maven.runtime_3.9.1200.20260112-2306\jars\maven-resolver-util-1.9.25.jar
2026-04-06 19:54:51,705 [Worker-13: Launching poormoney (19)] INFO  o.eclipse.m2e.core.internal.Bundles - 	Entry: C:\Users\user\Desktop\sts-5.1.1.RELEASE\plugins\org.eclipse.m2e.maven.runtime_3.9.1200.20260112-2306\jars\maven-settings-3.9.12.jar
2026-04-06 19:54:51,705 [Worker-13: Launching poormoney (19)] INFO  o.eclipse.m2e.core.internal.Bundles - 	Entry: C:\Users\user\Desktop\sts-5.1.1.RELEASE\plugins\org.eclipse.m2e.maven.runtime_3.9.1200.20260112-2306\jars\maven-settings-builder-3.9.12.jar
2026-04-06 19:54:51,705 [Worker-13: Launching poormoney (19)] INFO  o.eclipse.m2e.core.internal.Bundles - 	Entry: C:\Users\user\Desktop\sts-5.1.1.RELEASE\plugins\org.eclipse.m2e.maven.runtime_3.9.1200.20260112-2306\jars\maven-shared-utils-3.4.2.jar
2026-04-06 19:54:51,705 [Worker-13: Launching poormoney (19)] INFO  o.eclipse.m2e.core.internal.Bundles - 	Entry: C:\Users\user\Desktop\sts-5.1.1.RELEASE\plugins\org.eclipse.m2e.maven.runtime_3.9.1200.20260112-2306\jars\org.eclipse.sisu.inject-0.9.0.M4.jar
2026-04-06 19:54:51,705 [Worker-13: Launching poormoney (19)] INFO  o.eclipse.m2e.core.internal.Bundles - 	Entry: C:\Users\user\Desktop\sts-5.1.1.RELEASE\plugins\org.eclipse.m2e.maven.runtime_3.9.1200.20260112-2306\jars\org.eclipse.sisu.plexus-0.9.0.M4.jar
2026-04-06 19:54:51,706 [Worker-13: Launching poormoney (19)] INFO  o.eclipse.m2e.core.internal.Bundles - 	Entry: C:\Users\user\Desktop\sts-5.1.1.RELEASE\plugins\org.eclipse.m2e.maven.runtime_3.9.1200.20260112-2306\jars\plexus-build-api-0.0.7.jar
2026-04-06 19:54:51,706 [Worker-13: Launching poormoney (19)] INFO  o.eclipse.m2e.core.internal.Bundles - 	Entry: C:\Users\user\Desktop\sts-5.1.1.RELEASE\plugins\org.eclipse.m2e.maven.runtime_3.9.1200.20260112-2306\jars\plexus-build-api-1.2.0.jar
2026-04-06 19:54:51,706 [Worker-13: Launching poormoney (19)] INFO  o.eclipse.m2e.core.internal.Bundles - 	Entry: C:\Users\user\Desktop\sts-5.1.1.RELEASE\plugins\org.eclipse.m2e.maven.runtime_3.9.1200.20260112-2306\jars\plexus-cipher-2.0.jar
2026-04-06 19:54:51,706 [Worker-13: Launching poormoney (19)] INFO  o.eclipse.m2e.core.internal.Bundles - 	Entry: C:\Users\user\Desktop\sts-5.1.1.RELEASE\plugins\org.eclipse.m2e.maven.runtime_3.9.1200.20260112-2306\jars\plexus-classworlds-2.9.0.jar
2026-04-06 19:54:51,706 [Worker-13: Launching poormoney (19)] INFO  o.eclipse.m2e.core.internal.Bundles - 	Entry: C:\Users\user\Desktop\sts-5.1.1.RELEASE\plugins\org.eclipse.m2e.maven.runtime_3.9.1200.20260112-2306\jars\plexus-component-annotations-2.2.0.jar
2026-04-06 19:54:51,706 [Worker-13: Launching poormoney (19)] INFO  o.eclipse.m2e.core.internal.Bundles - 	Entry: C:\Users\user\Desktop\sts-5.1.1.RELEASE\plugins\org.eclipse.m2e.maven.runtime_3.9.1200.20260112-2306\jars\plexus-interpolation-1.29.jar
2026-04-06 19:54:51,706 [Worker-13: Launching poormoney (19)] INFO  o.eclipse.m2e.core.internal.Bundles - 	Entry: C:\Users\user\Desktop\sts-5.1.1.RELEASE\plugins\org.eclipse.m2e.maven.runtime_3.9.1200.20260112-2306\jars\plexus-sec-dispatcher-2.0.jar
2026-04-06 19:54:51,706 [Worker-13: Launching poormoney (19)] INFO  o.eclipse.m2e.core.internal.Bundles - 	Entry: C:\Users\user\Desktop\sts-5.1.1.RELEASE\plugins\org.eclipse.m2e.maven.runtime_3.9.1200.20260112-2306\jars\plexus-utils-3.6.0.jar
2026-04-06 19:54:51,707 [Worker-13: Launching poormoney (19)] INFO  o.eclipse.m2e.core.internal.Bundles - 	Entry: C:\Users\user\Desktop\sts-5.1.1.RELEASE\plugins\org.eclipse.m2e.maven.runtime_3.9.1200.20260112-2306\jars\wagon-file-3.5.3.jar
2026-04-06 19:54:51,707 [Worker-13: Launching poormoney (19)] INFO  o.eclipse.m2e.core.internal.Bundles - 	Entry: C:\Users\user\Desktop\sts-5.1.1.RELEASE\plugins\org.eclipse.m2e.maven.runtime_3.9.1200.20260112-2306\jars\wagon-http-3.5.3.jar
2026-04-06 19:54:51,707 [Worker-13: Launching poormoney (19)] INFO  o.eclipse.m2e.core.internal.Bundles - 	Entry: C:\Users\user\Desktop\sts-5.1.1.RELEASE\plugins\org.eclipse.m2e.maven.runtime_3.9.1200.20260112-2306\jars\wagon-http-shared-3.5.3.jar
2026-04-06 19:54:51,707 [Worker-13: Launching poormoney (19)] INFO  o.eclipse.m2e.core.internal.Bundles - 	Entry: C:\Users\user\Desktop\sts-5.1.1.RELEASE\plugins\org.eclipse.m2e.maven.runtime_3.9.1200.20260112-2306\jars\wagon-provider-api-3.5.3.jar
2026-04-06 19:54:51,708 [Worker-13: Launching poormoney (19)] INFO  o.eclipse.m2e.core.internal.Bundles - getClasspathEntries(Bundle=com.google.guava_33.5.0.jre [31])
2026-04-06 19:54:51,709 [Worker-13: Launching poormoney (19)] INFO  o.eclipse.m2e.core.internal.Bundles - 	Entry: C:\Users\user\Desktop\sts-5.1.1.RELEASE\plugins\com.google.guava_33.5.0.jre.jar
2026-04-06 19:54:51,709 [Worker-13: Launching poormoney (19)] INFO  o.eclipse.m2e.core.internal.Bundles - getClasspathEntries(Bundle=slf4j.api_2.0.17 [620])
2026-04-06 19:54:51,709 [Worker-13: Launching poormoney (19)] INFO  o.eclipse.m2e.core.internal.Bundles - 	Entry: C:\Users\user\Desktop\sts-5.1.1.RELEASE\plugins\slf4j.api_2.0.17.jar
2026-04-06 19:54:51,709 [Worker-13: Launching poormoney (19)] INFO  o.eclipse.m2e.core.internal.Bundles - getClasspathEntries(Bundle=jakarta.inject.jakarta.inject-api_1.0.5 [46])
2026-04-06 19:54:51,710 [Worker-13: Launching poormoney (19)] INFO  o.eclipse.m2e.core.internal.Bundles - 	Entry: C:\Users\user\Desktop\sts-5.1.1.RELEASE\plugins\jakarta.inject.jakarta.inject-api_1.0.5.jar
2026-04-06 19:54:51,710 [Worker-13: Launching poormoney (19)] INFO  o.eclipse.m2e.core.internal.Bundles - getClasspathEntries(Bundle=jakarta.annotation-api_1.3.5 [43])
2026-04-06 19:54:51,710 [Worker-13: Launching poormoney (19)] INFO  o.eclipse.m2e.core.internal.Bundles - 	Entry: C:\Users\user\Desktop\sts-5.1.1.RELEASE\plugins\jakarta.annotation-api_1.3.5.jar
2026-04-06 19:54:51,710 [Worker-13: Launching poormoney (19)] INFO  o.eclipse.m2e.core.internal.Bundles - getClasspathEntries(Bundle=org.apache.commons.cli_1.11.0 [86])
2026-04-06 19:54:51,710 [Worker-13: Launching poormoney (19)] INFO  o.eclipse.m2e.core.internal.Bundles - 	Entry: C:\Users\user\Desktop\sts-5.1.1.RELEASE\plugins\org.apache.commons.cli_1.11.0.jar
2026-04-06 19:54:51,711 [Worker-13: Launching poormoney (19)] INFO  o.eclipse.m2e.core.internal.Bundles - getClasspathEntries(Bundle=org.apache.commons.commons-codec_1.21.0 [88])
2026-04-06 19:54:51,711 [Worker-13: Launching poormoney (19)] INFO  o.eclipse.m2e.core.internal.Bundles - 	Entry: C:\Users\user\Desktop\sts-5.1.1.RELEASE\plugins\org.apache.commons.commons-codec_1.21.0.jar
2026-04-06 19:54:51,711 [Worker-13: Launching poormoney (19)] INFO  o.eclipse.m2e.core.internal.Bundles - getClasspathEntries(Bundle=com.google.guava.failureaccess_1.0.3 [32])
2026-04-06 19:54:51,711 [Worker-13: Launching poormoney (19)] INFO  o.eclipse.m2e.core.internal.Bundles - 	Entry: C:\Users\user\Desktop\sts-5.1.1.RELEASE\plugins\com.google.guava.failureaccess_1.0.3.jar
2026-04-06 19:54:51,713 [Worker-13: Launching poormoney (19)] INFO  o.e.m.i.launch.MavenLaunchDelegate - Run build in "C:\Users\user\Desktop\내지갑지키미\workspace\poormoney":
2026-04-06 19:54:51,714 [Worker-13: Launching poormoney (19)] INFO  o.e.m.i.launch.MavenLaunchDelegate -  mvn  -B -Dstyle.color=always clean install
2026-04-06 19:55:06,231 [Worker-11: Building] INFO  o.a.m.s.f.DefaultMavenResourcesFiltering - Copying 1 resource from src\main\resources to target\classes
2026-04-06 19:55:06,238 [Worker-11: Building] INFO  o.a.m.s.f.DefaultMavenResourcesFiltering - Copying 1 resource from src\main\resources to target\classes
2026-04-06 19:55:06,243 [Worker-11: Building] INFO  o.a.m.s.f.DefaultMavenResourcesFiltering - skip non existing resourceDirectory C:\Users\user\Desktop\내지갑지키미\workspace\poormoney\src\test\resources
2026-04-06 19:55:06,270 [Worker-11: Building] WARN  o.apache.maven.project.MavenProject - Plugin is modifying compileSourceRoots through clear(), which will not work in Maven 4.0.0. Use MavenProject.addCompileSourceRoot()/removeCompileSourceRoot() methods instead. If using a plugin, please upgrade to the latest version or report the issue to the plugin maintainer. To disable these warnings, set -Dmaven.project.sourceRoots.warningsDisabled=true on the command line, in the .mvn/maven.config file, or in project POM properties.
2026-04-06 19:55:06,271 [Worker-11: Building] WARN  o.apache.maven.project.MavenProject - Plugin is modifying compileSourceRoots through add(), which will not work in Maven 4.0.0. Use MavenProject.addCompileSourceRoot()/removeCompileSourceRoot() methods instead. If using a plugin, please upgrade to the latest version or report the issue to the plugin maintainer. To disable these warnings, set -Dmaven.project.sourceRoots.warningsDisabled=true on the command line, in the .mvn/maven.config file, or in project POM properties.
2026-04-06 19:55:06,272 [Worker-11: Building] WARN  o.apache.maven.project.MavenProject - Plugin is modifying testCompileSourceRoots through clear(), which will not work in Maven 4.0.0. Use MavenProject.addTestCompileSourceRoot()/removeTestCompileSourceRoot() methods instead. If using a plugin, please upgrade to the latest version or report the issue to the plugin maintainer. To disable these warnings, set -Dmaven.project.sourceRoots.warningsDisabled=true on the command line, in the .mvn/maven.config file, or in project POM properties.
2026-04-06 19:55:06,273 [Worker-11: Building] WARN  o.apache.maven.project.MavenProject - Plugin is modifying testCompileSourceRoots through add(), which will not work in Maven 4.0.0. Use MavenProject.addTestCompileSourceRoot()/removeTestCompileSourceRoot() methods instead. If using a plugin, please upgrade to the latest version or report the issue to the plugin maintainer. To disable these warnings, set -Dmaven.project.sourceRoots.warningsDisabled=true on the command line, in the .mvn/maven.config file, or in project POM properties.
2026-04-06 20:10:25,139 [Worker-21: Building] INFO  o.a.m.s.f.DefaultMavenResourcesFiltering - Copying 1 resource from src\main\resources to target\classes
2026-04-06 20:10:25,142 [Worker-21: Building] INFO  o.a.m.s.f.DefaultMavenResourcesFiltering - Copying 1 resource from src\main\resources to target\classes
2026-04-06 20:10:25,146 [Worker-21: Building] INFO  o.a.m.s.f.DefaultMavenResourcesFiltering - skip non existing resourceDirectory C:\Users\user\Desktop\내지갑지키미\workspace\poormoney\src\test\resources
2026-04-06 20:10:25,146 [Worker-21: Building] WARN  o.apache.maven.project.MavenProject - Plugin is modifying compileSourceRoots through clear(), which will not work in Maven 4.0.0. Use MavenProject.addCompileSourceRoot()/removeCompileSourceRoot() methods instead. If using a plugin, please upgrade to the latest version or report the issue to the plugin maintainer. To disable these warnings, set -Dmaven.project.sourceRoots.warningsDisabled=true on the command line, in the .mvn/maven.config file, or in project POM properties.
2026-04-06 20:10:25,148 [Worker-21: Building] WARN  o.apache.maven.project.MavenProject - Plugin is modifying compileSourceRoots through add(), which will not work in Maven 4.0.0. Use MavenProject.addCompileSourceRoot()/removeCompileSourceRoot() methods instead. If using a plugin, please upgrade to the latest version or report the issue to the plugin maintainer. To disable these warnings, set -Dmaven.project.sourceRoots.warningsDisabled=true on the command line, in the .mvn/maven.config file, or in project POM properties.
2026-04-06 20:10:25,149 [Worker-21: Building] WARN  o.apache.maven.project.MavenProject - Plugin is modifying testCompileSourceRoots through clear(), which will not work in Maven 4.0.0. Use MavenProject.addTestCompileSourceRoot()/removeTestCompileSourceRoot() methods instead. If using a plugin, please upgrade to the latest version or report the issue to the plugin maintainer. To disable these warnings, set -Dmaven.project.sourceRoots.warningsDisabled=true on the command line, in the .mvn/maven.config file, or in project POM properties.
2026-04-06 20:10:25,149 [Worker-21: Building] WARN  o.apache.maven.project.MavenProject - Plugin is modifying testCompileSourceRoots through add(), which will not work in Maven 4.0.0. Use MavenProject.addTestCompileSourceRoot()/removeTestCompileSourceRoot() methods instead. If using a plugin, please upgrade to the latest version or report the issue to the plugin maintainer. To disable these warnings, set -Dmaven.project.sourceRoots.warningsDisabled=true on the command line, in the .mvn/maven.config file, or in project POM properties.
2026-04-06 20:47:17,684 [Worker-25: Building] INFO  o.a.m.s.f.DefaultMavenResourcesFiltering - Copying 1 resource from src\main\resources to target\classes
2026-04-06 20:47:17,686 [Worker-25: Building] INFO  o.a.m.s.f.DefaultMavenResourcesFiltering - Copying 1 resource from src\main\resources to target\classes
2026-04-06 20:47:17,689 [Worker-25: Building] INFO  o.a.m.s.f.DefaultMavenResourcesFiltering - skip non existing resourceDirectory C:\Users\user\Desktop\내지갑지키미\workspace\poormoney\src\test\resources
2026-04-06 20:47:17,690 [Worker-25: Building] WARN  o.apache.maven.project.MavenProject - Plugin is modifying compileSourceRoots through clear(), which will not work in Maven 4.0.0. Use MavenProject.addCompileSourceRoot()/removeCompileSourceRoot() methods instead. If using a plugin, please upgrade to the latest version or report the issue to the plugin maintainer. To disable these warnings, set -Dmaven.project.sourceRoots.warningsDisabled=true on the command line, in the .mvn/maven.config file, or in project POM properties.
2026-04-06 20:47:17,691 [Worker-25: Building] WARN  o.apache.maven.project.MavenProject - Plugin is modifying compileSourceRoots through add(), which will not work in Maven 4.0.0. Use MavenProject.addCompileSourceRoot()/removeCompileSourceRoot() methods instead. If using a plugin, please upgrade to the latest version or report the issue to the plugin maintainer. To disable these warnings, set -Dmaven.project.sourceRoots.warningsDisabled=true on the command line, in the .mvn/maven.config file, or in project POM properties.
2026-04-06 20:47:17,691 [Worker-25: Building] WARN  o.apache.maven.project.MavenProject - Plugin is modifying testCompileSourceRoots through clear(), which will not work in Maven 4.0.0. Use MavenProject.addTestCompileSourceRoot()/removeTestCompileSourceRoot() methods instead. If using a plugin, please upgrade to the latest version or report the issue to the plugin maintainer. To disable these warnings, set -Dmaven.project.sourceRoots.warningsDisabled=true on the command line, in the .mvn/maven.config file, or in project POM properties.
2026-04-06 20:47:17,692 [Worker-25: Building] WARN  o.apache.maven.project.MavenProject - Plugin is modifying testCompileSourceRoots through add(), which will not work in Maven 4.0.0. Use MavenProject.addTestCompileSourceRoot()/removeTestCompileSourceRoot() methods instead. If using a plugin, please upgrade to the latest version or report the issue to the plugin maintainer. To disable these warnings, set -Dmaven.project.sourceRoots.warningsDisabled=true on the command line, in the .mvn/maven.config file, or in project POM properties.
